USE [TRABAJO_DIPLOMA]
GO
/****** Object:  Table [dbo].[ALUMNO]    Script Date: 10/11/2018 12:15:19 AM ******/
SET ANSI_NULLS ON
GO
SET QUOTED_IDENTIFIER ON
GO
CREATE TABLE [dbo].[ALUMNO](
	[ALU_LEGAJO] [bigint] IDENTITY(1,1) NOT NULL,
	[ALU_APELLIDO] [varchar](30) NOT NULL,
	[ALU_NOMBRE] [varchar](30) NOT NULL,
	[ALU_FECHA_NACIMIENTO] [date] NOT NULL,
	[ALU_DNI] [varchar](30) NOT NULL,
	[ALU_CURSO] [bigint] NOT NULL,
	[ALU_DOMICILIO] [nvarchar](150) NOT NULL,
	[ALU_ORIENTACION] [bigint] NULL,
	[ALU_BORRADO] [bit] NULL,
PRIMARY KEY CLUSTERED 
(
	[ALU_LEGAJO] ASC
)WITH (PAD_INDEX = OFF, STATISTICS_NORECOMPUTE = OFF, IGNORE_DUP_KEY = OFF, ALLOW_ROW_LOCKS = ON, ALLOW_PAGE_LOCKS = ON) ON [PRIMARY]
) ON [PRIMARY]
GO
/****** Object:  Table [dbo].[ALUMNO_TUTOR]    Script Date: 10/11/2018 12:15:19 AM ******/
SET ANSI_NULLS ON
GO
SET QUOTED_IDENTIFIER ON
GO
CREATE TABLE [dbo].[ALUMNO_TUTOR](
	[AT_ALUMNO_ID] [bigint] NOT NULL,
	[AT_TUTOR_ID] [bigint] NOT NULL
) ON [PRIMARY]
GO
/****** Object:  Table [dbo].[AMONESTACION]    Script Date: 10/11/2018 12:15:19 AM ******/
SET ANSI_NULLS ON
GO
SET QUOTED_IDENTIFIER ON
GO
CREATE TABLE [dbo].[AMONESTACION](
	[AMON_ALUMNO_ID] [bigint] NOT NULL,
	[AMON_FECHA] [date] NOT NULL,
	[AMON_MOTIVO] [text] NOT NULL,
	[AMON_DVH] [varchar](50) NOT NULL
) ON [PRIMARY] TEXTIMAGE_ON [PRIMARY]
GO
/****** Object:  Table [dbo].[BITACORA]    Script Date: 10/11/2018 12:15:19 AM ******/
SET ANSI_NULLS ON
GO
SET QUOTED_IDENTIFIER ON
GO
CREATE TABLE [dbo].[BITACORA](
	[BIT_ID] [bigint] IDENTITY(1,1) NOT NULL,
	[BIT_USUARIO] [bigint] NULL,
	[BIT_MENSAJE] [text] NOT NULL,
	[BIT_CRITICIDAD_ID] [bigint] NULL,
	[BIT_FECHA] [datetime] NOT NULL,
	[BIT_DVH] [varchar](50) NOT NULL,
PRIMARY KEY CLUSTERED 
(
	[BIT_ID] ASC
)WITH (PAD_INDEX = OFF, STATISTICS_NORECOMPUTE = OFF, IGNORE_DUP_KEY = OFF, ALLOW_ROW_LOCKS = ON, ALLOW_PAGE_LOCKS = ON) ON [PRIMARY]
) ON [PRIMARY] TEXTIMAGE_ON [PRIMARY]
GO
/****** Object:  Table [dbo].[CRITICIDAD]    Script Date: 10/11/2018 12:15:19 AM ******/
SET ANSI_NULLS ON
GO
SET QUOTED_IDENTIFIER ON
GO
CREATE TABLE [dbo].[CRITICIDAD](
	[CRIT_ID] [bigint] IDENTITY(1,1) NOT NULL,
	[CRIT_NOMBRE] [varchar](50) NOT NULL,
PRIMARY KEY CLUSTERED 
(
	[CRIT_ID] ASC
)WITH (PAD_INDEX = OFF, STATISTICS_NORECOMPUTE = OFF, IGNORE_DUP_KEY = OFF, ALLOW_ROW_LOCKS = ON, ALLOW_PAGE_LOCKS = ON) ON [PRIMARY]
) ON [PRIMARY]
GO
/****** Object:  Table [dbo].[CURSO]    Script Date: 10/11/2018 12:15:19 AM ******/
SET ANSI_NULLS ON
GO
SET QUOTED_IDENTIFIER ON
GO
CREATE TABLE [dbo].[CURSO](
	[CUR_ID] [bigint] IDENTITY(1,1) NOT NULL,
	[CUR_NIVEL_ID] [bigint] NOT NULL,
	[CUR_CAPACIDAD] [bigint] NOT NULL,
	[CUR_CODIGO] [varchar](10) NOT NULL,
	[CUR_TURNO] [char](1) NOT NULL,
	[CUR_LETRA] [char](1) NOT NULL,
	[CUR_BORRADO] [bit] NULL,
PRIMARY KEY CLUSTERED 
(
	[CUR_ID] ASC
)WITH (PAD_INDEX = OFF, STATISTICS_NORECOMPUTE = OFF, IGNORE_DUP_KEY = OFF, ALLOW_ROW_LOCKS = ON, ALLOW_PAGE_LOCKS = ON) ON [PRIMARY]
) ON [PRIMARY]
GO
/****** Object:  Table [dbo].[DIGITO_VERTICAL]    Script Date: 10/11/2018 12:15:19 AM ******/
SET ANSI_NULLS ON
GO
SET QUOTED_IDENTIFIER ON
GO
CREATE TABLE [dbo].[DIGITO_VERTICAL](
	[DV_ID] [bigint] IDENTITY(1,1) NOT NULL,
	[DV_NOMBRE_TABLA] [varchar](50) NOT NULL,
	[DV_DIGITO_CALCULADO] [varchar](50) NOT NULL,
PRIMARY KEY CLUSTERED 
(
	[DV_ID] ASC
)WITH (PAD_INDEX = OFF, STATISTICS_NORECOMPUTE = OFF, IGNORE_DUP_KEY = OFF, ALLOW_ROW_LOCKS = ON, ALLOW_PAGE_LOCKS = ON) ON [PRIMARY]
) ON [PRIMARY]
GO
/****** Object:  Table [dbo].[DOCENTE]    Script Date: 10/11/2018 12:15:19 AM ******/
SET ANSI_NULLS ON
GO
SET QUOTED_IDENTIFIER ON
GO
CREATE TABLE [dbo].[DOCENTE](
	[DOC_LEGAJO] [bigint] IDENTITY(1,1) NOT NULL,
	[DOC_APELLIDO] [varchar](20) NOT NULL,
	[DOC_NOMBRE] [varchar](20) NOT NULL,
	[DOC_DNI] [varchar](20) NOT NULL,
	[DOC_FECHA_NACIMIENTO] [date] NOT NULL,
	[DOC_DIRECCION] [varchar](50) NOT NULL,
	[DOC_TELEFONO] [varchar](20) NOT NULL,
PRIMARY KEY CLUSTERED 
(
	[DOC_LEGAJO] ASC
)WITH (PAD_INDEX = OFF, STATISTICS_NORECOMPUTE = OFF, IGNORE_DUP_KEY = OFF, ALLOW_ROW_LOCKS = ON, ALLOW_PAGE_LOCKS = ON) ON [PRIMARY]
) ON [PRIMARY]
GO
/****** Object:  Table [dbo].[FAMILIA]    Script Date: 10/11/2018 12:15:19 AM ******/
SET ANSI_NULLS ON
GO
SET QUOTED_IDENTIFIER ON
GO
CREATE TABLE [dbo].[FAMILIA](
	[FAM_ID] [bigint] IDENTITY(1,1) NOT NULL,
	[FAM_NOMBRE] [nvarchar](300) NOT NULL,
	[FAM_BLOQUEADA] [bit] NOT NULL,
	[FAM_DVH] [varchar](50) NOT NULL,
PRIMARY KEY CLUSTERED 
(
	[FAM_ID] ASC
)WITH (PAD_INDEX = OFF, STATISTICS_NORECOMPUTE = OFF, IGNORE_DUP_KEY = OFF, ALLOW_ROW_LOCKS = ON, ALLOW_PAGE_LOCKS = ON) ON [PRIMARY]
) ON [PRIMARY]
GO
/****** Object:  Table [dbo].[FAMILIA_PATENTE]    Script Date: 10/11/2018 12:15:19 AM ******/
SET ANSI_NULLS ON
GO
SET QUOTED_IDENTIFIER ON
GO
CREATE TABLE [dbo].[FAMILIA_PATENTE](
	[FP_PATENTE_ID] [bigint] NULL,
	[FP_FAMILIA_ID] [bigint] NULL,
	[FP_DVH] [varchar](50) NOT NULL
) ON [PRIMARY]
GO
/****** Object:  Table [dbo].[HORARIO]    Script Date: 10/11/2018 12:15:19 AM ******/
SET ANSI_NULLS ON
GO
SET QUOTED_IDENTIFIER ON
GO
CREATE TABLE [dbo].[HORARIO](
	[HOR_ID] [bigint] IDENTITY(1,1) NOT NULL,
	[HOR_DIA] [bigint] NOT NULL,
	[HOR_CURSO] [bigint] NOT NULL,
	[HOR_MATERIA_ID] [bigint] NOT NULL,
	[HOR_DOCENTE_ID] [bigint] NOT NULL,
	[HOR_MODULO_ID] [bigint] NULL,
PRIMARY KEY CLUSTERED 
(
	[HOR_ID] ASC
)WITH (PAD_INDEX = OFF, STATISTICS_NORECOMPUTE = OFF, IGNORE_DUP_KEY = OFF, ALLOW_ROW_LOCKS = ON, ALLOW_PAGE_LOCKS = ON) ON [PRIMARY]
) ON [PRIMARY]
GO
/****** Object:  Table [dbo].[IDIOMA]    Script Date: 10/11/2018 12:15:19 AM ******/
SET ANSI_NULLS ON
GO
SET QUOTED_IDENTIFIER ON
GO
CREATE TABLE [dbo].[IDIOMA](
	[IDI_ID] [bigint] IDENTITY(1,1) NOT NULL,
	[IDI_CODIGO] [varchar](10) NOT NULL,
	[IDI_DESCRIPCION] [varchar](20) NOT NULL,
PRIMARY KEY CLUSTERED 
(
	[IDI_ID] ASC
)WITH (PAD_INDEX = OFF, STATISTICS_NORECOMPUTE = OFF, IGNORE_DUP_KEY = OFF, ALLOW_ROW_LOCKS = ON, ALLOW_PAGE_LOCKS = ON) ON [PRIMARY]
) ON [PRIMARY]
GO
/****** Object:  Table [dbo].[INASISTENCIA_DE_ALUMNO]    Script Date: 10/11/2018 12:15:19 AM ******/
SET ANSI_NULLS ON
GO
SET QUOTED_IDENTIFIER ON
GO
CREATE TABLE [dbo].[INASISTENCIA_DE_ALUMNO](
	[INA_ALUMNO_ID] [bigint] NOT NULL,
	[INA_FECHA] [date] NOT NULL,
	[INA_VALOR] [numeric](19, 2) NOT NULL,
	[INA_DVH] [varchar](50) NOT NULL,
	[INA_JUSTIFICADA] [bit] NOT NULL
) ON [PRIMARY]
GO
/****** Object:  Table [dbo].[INASISTENCIA_DOCENTE]    Script Date: 10/11/2018 12:15:19 AM ******/
SET ANSI_NULLS ON
GO
SET QUOTED_IDENTIFIER ON
GO
CREATE TABLE [dbo].[INASISTENCIA_DOCENTE](
	[IND_DOCENTE_ID] [bigint] IDENTITY(1,1) NOT NULL,
	[IND_FECHA] [date] NOT NULL,
	[IND_DVH] [varchar](50) NOT NULL,
	[IND_JUSTIFICADA] [bit] NOT NULL,
PRIMARY KEY CLUSTERED 
(
	[IND_DOCENTE_ID] ASC
)WITH (PAD_INDEX = OFF, STATISTICS_NORECOMPUTE = OFF, IGNORE_DUP_KEY = OFF, ALLOW_ROW_LOCKS = ON, ALLOW_PAGE_LOCKS = ON) ON [PRIMARY]
) ON [PRIMARY]
GO
/****** Object:  Table [dbo].[MATERIA]    Script Date: 10/11/2018 12:15:19 AM ******/
SET ANSI_NULLS ON
GO
SET QUOTED_IDENTIFIER ON
GO
CREATE TABLE [dbo].[MATERIA](
	[MAT_ID] [bigint] IDENTITY(1,1) NOT NULL,
	[MAT_NOMBRE] [varchar](20) NOT NULL,
	[MAT_DESCRIPCION] [varchar](50) NOT NULL,
	[MAT_TIPO] [bit] NOT NULL,
	[MAT_BORRADA] [bit] NULL,
PRIMARY KEY CLUSTERED 
(
	[MAT_ID] ASC
)WITH (PAD_INDEX = OFF, STATISTICS_NORECOMPUTE = OFF, IGNORE_DUP_KEY = OFF, ALLOW_ROW_LOCKS = ON, ALLOW_PAGE_LOCKS = ON) ON [PRIMARY]
) ON [PRIMARY]
GO
/****** Object:  Table [dbo].[MATERIA_NIVEL]    Script Date: 10/11/2018 12:15:19 AM ******/
SET ANSI_NULLS ON
GO
SET QUOTED_IDENTIFIER ON
GO
CREATE TABLE [dbo].[MATERIA_NIVEL](
	[MN_MATERIA_ID] [bigint] NOT NULL,
	[MN_NIVEL_ID] [bigint] NOT NULL
) ON [PRIMARY]
GO
/****** Object:  Table [dbo].[MENSAJE]    Script Date: 10/11/2018 12:15:19 AM ******/
SET ANSI_NULLS ON
GO
SET QUOTED_IDENTIFIER ON
GO
CREATE TABLE [dbo].[MENSAJE](
	[MSJ_CODIGO] [varchar](50) NOT NULL,
	[MSJ_IDIOMA_ID] [bigint] NULL,
	[MSJ_TEXTO] [varchar](50) NULL
) ON [PRIMARY]
GO
/****** Object:  Table [dbo].[MODULO]    Script Date: 10/11/2018 12:15:19 AM ******/
SET ANSI_NULLS ON
GO
SET QUOTED_IDENTIFIER ON
GO
CREATE TABLE [dbo].[MODULO](
	[MOD_ID] [bigint] IDENTITY(1,1) NOT NULL,
	[MOD_HORA_INICIO] [varchar](10) NOT NULL,
	[MOD_HORA_FINAL] [varchar](10) NOT NULL,
PRIMARY KEY CLUSTERED 
(
	[MOD_ID] ASC
)WITH (PAD_INDEX = OFF, STATISTICS_NORECOMPUTE = OFF, IGNORE_DUP_KEY = OFF, ALLOW_ROW_LOCKS = ON, ALLOW_PAGE_LOCKS = ON) ON [PRIMARY]
) ON [PRIMARY]
GO
/****** Object:  Table [dbo].[NIVEL]    Script Date: 10/11/2018 12:15:19 AM ******/
SET ANSI_NULLS ON
GO
SET QUOTED_IDENTIFIER ON
GO
CREATE TABLE [dbo].[NIVEL](
	[NIV_ID] [bigint] IDENTITY(1,1) NOT NULL,
	[NIV_CODIGO] [varchar](10) NOT NULL,
	[NIV_DESCRIPCION] [varchar](20) NOT NULL,
	[NIV_ORIENTACION] [bigint] NULL,
PRIMARY KEY CLUSTERED 
(
	[NIV_ID] ASC
)WITH (PAD_INDEX = OFF, STATISTICS_NORECOMPUTE = OFF, IGNORE_DUP_KEY = OFF, ALLOW_ROW_LOCKS = ON, ALLOW_PAGE_LOCKS = ON) ON [PRIMARY]
) ON [PRIMARY]
GO
/****** Object:  Table [dbo].[NOTA]    Script Date: 10/11/2018 12:15:19 AM ******/
SET ANSI_NULLS ON
GO
SET QUOTED_IDENTIFIER ON
GO
CREATE TABLE [dbo].[NOTA](
	[NOTA_ID] [bigint] IDENTITY(1,1) NOT NULL,
	[NOTA_MATERIA_ID] [bigint] NOT NULL,
	[NOTA_DOCENTE_ID] [bigint] NOT NULL,
	[NOTA_TRIMESTRE] [bigint] NOT NULL,
	[NOTA_NOTA] [bigint] NOT NULL,
	[NOTA_CURSO_ID] [bigint] NOT NULL,
	[NOTA_ALUMNO_ID] [bigint] NOT NULL,
	[NOTA_DVH] [varchar](50) NOT NULL,
	[NOTA_BORRADA] [bit] NOT NULL,
PRIMARY KEY CLUSTERED 
(
	[NOTA_ID] ASC
)WITH (PAD_INDEX = OFF, STATISTICS_NORECOMPUTE = OFF, IGNORE_DUP_KEY = OFF, ALLOW_ROW_LOCKS = ON, ALLOW_PAGE_LOCKS = ON) ON [PRIMARY]
) ON [PRIMARY]
GO
/****** Object:  Table [dbo].[NOTA_DE_MESA]    Script Date: 10/11/2018 12:15:19 AM ******/
SET ANSI_NULLS ON
GO
SET QUOTED_IDENTIFIER ON
GO
CREATE TABLE [dbo].[NOTA_DE_MESA](
	[NDM_ID] [bigint] IDENTITY(1,1) NOT NULL,
	[NDM_DOCENTE_ID] [bigint] NOT NULL,
	[NDM_ADJUNTO_ID] [bigint] NOT NULL,
	[NDM_ALUMNO_ID] [bigint] NOT NULL,
	[NDM_CURSO_ID] [bigint] NOT NULL,
	[NDM_FECHA] [date] NOT NULL,
	[NDM_LIBRO] [varchar](10) NOT NULL,
	[NDM_FOLIO] [varchar](10) NOT NULL,
	[NDM_NOTA] [bigint] NOT NULL,
	[NDM_MATERIA_ID] [bigint] NULL,
	[NDM_DVH] [varchar](50) NOT NULL,
PRIMARY KEY CLUSTERED 
(
	[NDM_ID] ASC
)WITH (PAD_INDEX = OFF, STATISTICS_NORECOMPUTE = OFF, IGNORE_DUP_KEY = OFF, ALLOW_ROW_LOCKS = ON, ALLOW_PAGE_LOCKS = ON) ON [PRIMARY]
) ON [PRIMARY]
GO
/****** Object:  Table [dbo].[ORIENTACION]    Script Date: 10/11/2018 12:15:19 AM ******/
SET ANSI_NULLS ON
GO
SET QUOTED_IDENTIFIER ON
GO
CREATE TABLE [dbo].[ORIENTACION](
	[ORI_CODIGO] [bigint] IDENTITY(1,1) NOT NULL,
	[ORI_NOMBRE] [varchar](50) NOT NULL,
PRIMARY KEY CLUSTERED 
(
	[ORI_CODIGO] ASC
)WITH (PAD_INDEX = OFF, STATISTICS_NORECOMPUTE = OFF, IGNORE_DUP_KEY = OFF, ALLOW_ROW_LOCKS = ON, ALLOW_PAGE_LOCKS = ON) ON [PRIMARY]
) ON [PRIMARY]
GO
/****** Object:  Table [dbo].[PATENTE]    Script Date: 10/11/2018 12:15:19 AM ******/
SET ANSI_NULLS ON
GO
SET QUOTED_IDENTIFIER ON
GO
CREATE TABLE [dbo].[PATENTE](
	[PAT_ID] [bigint] IDENTITY(1,1) NOT NULL,
	[PAT_DESC] [nvarchar](300) NOT NULL,
	[PAT_DVH] [varchar](50) NOT NULL,
PRIMARY KEY CLUSTERED 
(
	[PAT_ID] ASC
)WITH (PAD_INDEX = OFF, STATISTICS_NORECOMPUTE = OFF, IGNORE_DUP_KEY = OFF, ALLOW_ROW_LOCKS = ON, ALLOW_PAGE_LOCKS = ON) ON [PRIMARY]
) ON [PRIMARY]
GO
/****** Object:  Table [dbo].[PLANILLA_DE_EVALUACION]    Script Date: 10/11/2018 12:15:19 AM ******/
SET ANSI_NULLS ON
GO
SET QUOTED_IDENTIFIER ON
GO
CREATE TABLE [dbo].[PLANILLA_DE_EVALUACION](
	[PDE_ID] [bigint] IDENTITY(1,1) NOT NULL,
	[PDE_ALUMNO_ID] [bigint] NOT NULL,
	[PDE_NIVEL_ID] [bigint] NOT NULL,
	[PDE_TRIMESTRE_1] [nvarchar](50) NULL,
	[PDE_TRIMESTRE_2] [nvarchar](50) NULL,
	[PDE_TRIMESTRE_3] [nvarchar](50) NULL,
	[PDE_NOTA_FINAL] [nvarchar](50) NULL,
	[PDE_CONDICION] [bigint] NULL,
	[PDE_DVH] [varchar](50) NOT NULL,
	[PDE_MATERIA_ID] [bigint] NULL,
PRIMARY KEY CLUSTERED 
(
	[PDE_ID] ASC
)WITH (PAD_INDEX = OFF, STATISTICS_NORECOMPUTE = OFF, IGNORE_DUP_KEY = OFF, ALLOW_ROW_LOCKS = ON, ALLOW_PAGE_LOCKS = ON) ON [PRIMARY]
) ON [PRIMARY]
GO
/****** Object:  Table [dbo].[TUTOR]    Script Date: 10/11/2018 12:15:19 AM ******/
SET ANSI_NULLS ON
GO
SET QUOTED_IDENTIFIER ON
GO
CREATE TABLE [dbo].[TUTOR](
	[TUT_ID] [bigint] IDENTITY(1,1) NOT NULL,
	[TUT_NOMBRE] [varchar](30) NOT NULL,
	[TUT_APELLIDO] [varchar](30) NOT NULL,
	[TUT_TELEFONO_PRIMARIO] [nvarchar](200) NOT NULL,
	[TUT_TELEFONO_SECUNDARIO] [nvarchar](200) NULL,
	[TUT_DNI] [varchar](30) NOT NULL,
	[TUT_EMAIL] [varchar](30) NOT NULL,
PRIMARY KEY CLUSTERED 
(
	[TUT_ID] ASC
)WITH (PAD_INDEX = OFF, STATISTICS_NORECOMPUTE = OFF, IGNORE_DUP_KEY = OFF, ALLOW_ROW_LOCKS = ON, ALLOW_PAGE_LOCKS = ON) ON [PRIMARY]
) ON [PRIMARY]
GO
/****** Object:  Table [dbo].[USUARIO]    Script Date: 10/11/2018 12:15:19 AM ******/
SET ANSI_NULLS ON
GO
SET QUOTED_IDENTIFIER ON
GO
CREATE TABLE [dbo].[USUARIO](
	[USU_ID] [bigint] IDENTITY(1,1) NOT NULL,
	[USU_DNI] [varchar](20) NOT NULL,
	[USU_EMAIL] [varchar](50) NOT NULL,
	[USU_PASS] [varchar](50) NOT NULL,
	[USU_ALIAS] [nvarchar](300) NOT NULL,
	[USU_INTENTOS] [bigint] NOT NULL,
	[USU_BAJA] [bit] NOT NULL,
	[USU_NOMBRE] [varchar](50) NULL,
	[USU_APELLIDO] [varchar](50) NULL,
	[USU_DIRECCION] [varchar](50) NOT NULL,
	[USU_TELEFONO] [varchar](20) NOT NULL,
	[USU_DVH] [varchar](50) NOT NULL,
	[USU_IDIOMA] [bigint] NULL,
PRIMARY KEY CLUSTERED 
(
	[USU_ID] ASC
)WITH (PAD_INDEX = OFF, STATISTICS_NORECOMPUTE = OFF, IGNORE_DUP_KEY = OFF, ALLOW_ROW_LOCKS = ON, ALLOW_PAGE_LOCKS = ON) ON [PRIMARY]
) ON [PRIMARY]
GO
/****** Object:  Table [dbo].[USUARIO_FAMILIA]    Script Date: 10/11/2018 12:15:19 AM ******/
SET ANSI_NULLS ON
GO
SET QUOTED_IDENTIFIER ON
GO
CREATE TABLE [dbo].[USUARIO_FAMILIA](
	[UF_USUARIO_ID] [bigint] NULL,
	[UF_FAMILIA_ID] [bigint] NULL,
	[UF_DVH] [varchar](50) NOT NULL
) ON [PRIMARY]
GO
/****** Object:  Table [dbo].[USUARIO_PATENTE]    Script Date: 10/11/2018 12:15:19 AM ******/
SET ANSI_NULLS ON
GO
SET QUOTED_IDENTIFIER ON
GO
CREATE TABLE [dbo].[USUARIO_PATENTE](
	[UP_USUARIO_ID] [bigint] NULL,
	[UP_PATENTE_ID] [bigint] NULL,
	[UP_DVH] [varchar](50) NOT NULL,
	[UP_BLOQUEADA] [bit] NULL
) ON [PRIMARY]
GO
SET IDENTITY_INSERT [dbo].[ALUMNO] ON 
GO
INSERT [dbo].[ALUMNO] ([ALU_LEGAJO], [ALU_APELLIDO], [ALU_NOMBRE], [ALU_FECHA_NACIMIENTO], [ALU_DNI], [ALU_CURSO], [ALU_DOMICILIO], [ALU_ORIENTACION], [ALU_BORRADO]) VALUES (1, N'ww', N'www', CAST(N'2018-10-06' AS Date), N'www', 7, N'EiLdmCyjtpkSbsz5tzrTn4CslTJJALAWQkhZKm/98kg=', NULL, 1)
GO
INSERT [dbo].[ALUMNO] ([ALU_LEGAJO], [ALU_APELLIDO], [ALU_NOMBRE], [ALU_FECHA_NACIMIENTO], [ALU_DNI], [ALU_CURSO], [ALU_DOMICILIO], [ALU_ORIENTACION], [ALU_BORRADO]) VALUES (2, N'Marraco', N'Agustin', CAST(N'2018-10-06' AS Date), N'38947818', 6, N'4J05Ais121IAfPu2/lbsKPQ/DCThpcoit52obRk3CmU=', 1, 1)
GO
INSERT [dbo].[ALUMNO] ([ALU_LEGAJO], [ALU_APELLIDO], [ALU_NOMBRE], [ALU_FECHA_NACIMIENTO], [ALU_DNI], [ALU_CURSO], [ALU_DOMICILIO], [ALU_ORIENTACION], [ALU_BORRADO]) VALUES (3, N'asda', N'zzzz', CAST(N'2018-10-06' AS Date), N'sda', 6, N'Q9mTO6ZSrqftqION/ySbxEz3gHoXRurWgO2SjEYGwX0=', NULL, 1)
GO
INSERT [dbo].[ALUMNO] ([ALU_LEGAJO], [ALU_APELLIDO], [ALU_NOMBRE], [ALU_FECHA_NACIMIENTO], [ALU_DNI], [ALU_CURSO], [ALU_DOMICILIO], [ALU_ORIENTACION], [ALU_BORRADO]) VALUES (4, N'markovich', N'testarino', CAST(N'1985-10-06' AS Date), N'45687912', 6, N'Xoss7ljq+DpBQmBiXD9TwPPr6y2XlpyCsIpiAi4li2dOgjHOs89GDWz9ePir1gmO', NULL, 1)
GO
INSERT [dbo].[ALUMNO] ([ALU_LEGAJO], [ALU_APELLIDO], [ALU_NOMBRE], [ALU_FECHA_NACIMIENTO], [ALU_DNI], [ALU_CURSO], [ALU_DOMICILIO], [ALU_ORIENTACION], [ALU_BORRADO]) VALUES (5, N'felix', N'alaimo', CAST(N'2018-10-06' AS Date), N'12312322', 6, N'HObl/5CntlnPJyEsanmnOL5vBjrcL5P+Gl3siC3WGbfqYu6P9PzOJviUYsd/3ABJ', NULL, 1)
GO
INSERT [dbo].[ALUMNO] ([ALU_LEGAJO], [ALU_APELLIDO], [ALU_NOMBRE], [ALU_FECHA_NACIMIENTO], [ALU_DNI], [ALU_CURSO], [ALU_DOMICILIO], [ALU_ORIENTACION], [ALU_BORRADO]) VALUES (6, N'felix', N'alaimo', CAST(N'2018-10-06' AS Date), N'123123225', 7, N'D/aNnKP2IboawEZXcYcvg7/+qo7RLwpDbSfOv9ejoq2Twwxgrn6UHT+W5t35RZFD', NULL, 1)
GO
INSERT [dbo].[ALUMNO] ([ALU_LEGAJO], [ALU_APELLIDO], [ALU_NOMBRE], [ALU_FECHA_NACIMIENTO], [ALU_DNI], [ALU_CURSO], [ALU_DOMICILIO], [ALU_ORIENTACION], [ALU_BORRADO]) VALUES (7, N'popon', N'mochon', CAST(N'2018-10-06' AS Date), N'asdas212', 6, N'3HksOLAPSlO/t8fEb+M1biWfUpnVe8C7BID8Lh7lKjw=', 1, 1)
GO
INSERT [dbo].[ALUMNO] ([ALU_LEGAJO], [ALU_APELLIDO], [ALU_NOMBRE], [ALU_FECHA_NACIMIENTO], [ALU_DNI], [ALU_CURSO], [ALU_DOMICILIO], [ALU_ORIENTACION], [ALU_BORRADO]) VALUES (8, N'Alaimo', N'Felix', CAST(N'2018-10-06' AS Date), N'3947818', 7, N'UwlryBXRo+D0yax2y6nFI/bejF9XKLp4aQvQU0a4IL4=', 2, 1)
GO
INSERT [dbo].[ALUMNO] ([ALU_LEGAJO], [ALU_APELLIDO], [ALU_NOMBRE], [ALU_FECHA_NACIMIENTO], [ALU_DNI], [ALU_CURSO], [ALU_DOMICILIO], [ALU_ORIENTACION], [ALU_BORRADO]) VALUES (9, N'sin orientacion', N'testing', CAST(N'2018-10-06' AS Date), N'1', 8, N'OuWv3T0vji0nszNiJ0CKalnrYGYCIPaVm8+yDAG+K5k=', NULL, 1)
GO
INSERT [dbo].[ALUMNO] ([ALU_LEGAJO], [ALU_APELLIDO], [ALU_NOMBRE], [ALU_FECHA_NACIMIENTO], [ALU_DNI], [ALU_CURSO], [ALU_DOMICILIO], [ALU_ORIENTACION], [ALU_BORRADO]) VALUES (10, N'a', N'a', CAST(N'2018-10-06' AS Date), N'a', 10, N'/7RH0P0mT0YNFGN41579CS95w/6N+DB3SFsrYGxLrFo=', NULL, NULL)
GO
INSERT [dbo].[ALUMNO] ([ALU_LEGAJO], [ALU_APELLIDO], [ALU_NOMBRE], [ALU_FECHA_NACIMIENTO], [ALU_DNI], [ALU_CURSO], [ALU_DOMICILIO], [ALU_ORIENTACION], [ALU_BORRADO]) VALUES (11, N'bb', N'bb', CAST(N'2018-10-06' AS Date), N'bb', 8, N'w1TOtRikL+QwpaSFljqSq++tpkCjIM4Xo259w1AWqu4=', 1, 1)
GO
INSERT [dbo].[ALUMNO] ([ALU_LEGAJO], [ALU_APELLIDO], [ALU_NOMBRE], [ALU_FECHA_NACIMIENTO], [ALU_DNI], [ALU_CURSO], [ALU_DOMICILIO], [ALU_ORIENTACION], [ALU_BORRADO]) VALUES (12, N'e', N'e', CAST(N'2018-10-06' AS Date), N'e', 11, N'Q5Ywvv4UPoesW3fU24nBafInRfV+LFhzYwXbIW8yy1Y=', NULL, NULL)
GO
INSERT [dbo].[ALUMNO] ([ALU_LEGAJO], [ALU_APELLIDO], [ALU_NOMBRE], [ALU_FECHA_NACIMIENTO], [ALU_DNI], [ALU_CURSO], [ALU_DOMICILIO], [ALU_ORIENTACION], [ALU_BORRADO]) VALUES (13, N'c', N'c', CAST(N'2018-10-06' AS Date), N'c', 8, N'Jaj15sQj2xjmx4NL/sd5xgeiwAE9Bay6eIH/EQXrIgk=', NULL, 1)
GO
INSERT [dbo].[ALUMNO] ([ALU_LEGAJO], [ALU_APELLIDO], [ALU_NOMBRE], [ALU_FECHA_NACIMIENTO], [ALU_DNI], [ALU_CURSO], [ALU_DOMICILIO], [ALU_ORIENTACION], [ALU_BORRADO]) VALUES (14, N'd', N'd', CAST(N'2018-10-06' AS Date), N'd', 12, N'2at2g1yObfOCFAWNE4Llj8fkWT3UOe05NhbJO3Vbosc=', 2, 1)
GO
INSERT [dbo].[ALUMNO] ([ALU_LEGAJO], [ALU_APELLIDO], [ALU_NOMBRE], [ALU_FECHA_NACIMIENTO], [ALU_DNI], [ALU_CURSO], [ALU_DOMICILIO], [ALU_ORIENTACION], [ALU_BORRADO]) VALUES (15, N'c', N'c', CAST(N'2018-10-06' AS Date), N'ccc', 8, N'e0ghjebT/exg6FvSh+M2d2TTtOWaBHojek/6q5v3Yi8=', NULL, 1)
GO
INSERT [dbo].[ALUMNO] ([ALU_LEGAJO], [ALU_APELLIDO], [ALU_NOMBRE], [ALU_FECHA_NACIMIENTO], [ALU_DNI], [ALU_CURSO], [ALU_DOMICILIO], [ALU_ORIENTACION], [ALU_BORRADO]) VALUES (17, N'c', N'c', CAST(N'2018-10-06' AS Date), N'c', 8, N'FS2zoFiTzltt5lrttOg9f0VwqTH7B2takG/HPgmJgWE=', NULL, 1)
GO
INSERT [dbo].[ALUMNO] ([ALU_LEGAJO], [ALU_APELLIDO], [ALU_NOMBRE], [ALU_FECHA_NACIMIENTO], [ALU_DNI], [ALU_CURSO], [ALU_DOMICILIO], [ALU_ORIENTACION], [ALU_BORRADO]) VALUES (18, N'b', N'b', CAST(N'2018-10-06' AS Date), N'b', 8, N'YKUXLTirVwUx/6vk8KOYygm33b/oh1u8t4LgNiuY7gg=', 1, NULL)
GO
INSERT [dbo].[ALUMNO] ([ALU_LEGAJO], [ALU_APELLIDO], [ALU_NOMBRE], [ALU_FECHA_NACIMIENTO], [ALU_DNI], [ALU_CURSO], [ALU_DOMICILIO], [ALU_ORIENTACION], [ALU_BORRADO]) VALUES (19, N'c', N'c', CAST(N'2018-10-06' AS Date), N'c', 6, N'f0+/QeVfsAstG3QlmPAj4xcUJDXne/FlXq4HAK/srho=', NULL, NULL)
GO
SET IDENTITY_INSERT [dbo].[ALUMNO] OFF
GO
INSERT [dbo].[ALUMNO_TUTOR] ([AT_ALUMNO_ID], [AT_TUTOR_ID]) VALUES (2, 2)
GO
INSERT [dbo].[ALUMNO_TUTOR] ([AT_ALUMNO_ID], [AT_TUTOR_ID]) VALUES (4, 2)
GO
INSERT [dbo].[ALUMNO_TUTOR] ([AT_ALUMNO_ID], [AT_TUTOR_ID]) VALUES (3, 2)
GO
INSERT [dbo].[ALUMNO_TUTOR] ([AT_ALUMNO_ID], [AT_TUTOR_ID]) VALUES (5, 2)
GO
INSERT [dbo].[ALUMNO_TUTOR] ([AT_ALUMNO_ID], [AT_TUTOR_ID]) VALUES (6, 2)
GO
INSERT [dbo].[ALUMNO_TUTOR] ([AT_ALUMNO_ID], [AT_TUTOR_ID]) VALUES (7, 2)
GO
INSERT [dbo].[ALUMNO_TUTOR] ([AT_ALUMNO_ID], [AT_TUTOR_ID]) VALUES (8, 2)
GO
INSERT [dbo].[ALUMNO_TUTOR] ([AT_ALUMNO_ID], [AT_TUTOR_ID]) VALUES (9, 2)
GO
INSERT [dbo].[ALUMNO_TUTOR] ([AT_ALUMNO_ID], [AT_TUTOR_ID]) VALUES (10, 2)
GO
INSERT [dbo].[ALUMNO_TUTOR] ([AT_ALUMNO_ID], [AT_TUTOR_ID]) VALUES (11, 2)
GO
INSERT [dbo].[ALUMNO_TUTOR] ([AT_ALUMNO_ID], [AT_TUTOR_ID]) VALUES (12, 2)
GO
INSERT [dbo].[ALUMNO_TUTOR] ([AT_ALUMNO_ID], [AT_TUTOR_ID]) VALUES (13, 2)
GO
INSERT [dbo].[ALUMNO_TUTOR] ([AT_ALUMNO_ID], [AT_TUTOR_ID]) VALUES (14, 2)
GO
INSERT [dbo].[ALUMNO_TUTOR] ([AT_ALUMNO_ID], [AT_TUTOR_ID]) VALUES (15, 2)
GO
INSERT [dbo].[ALUMNO_TUTOR] ([AT_ALUMNO_ID], [AT_TUTOR_ID]) VALUES (17, 2)
GO
INSERT [dbo].[ALUMNO_TUTOR] ([AT_ALUMNO_ID], [AT_TUTOR_ID]) VALUES (18, 2)
GO
INSERT [dbo].[ALUMNO_TUTOR] ([AT_ALUMNO_ID], [AT_TUTOR_ID]) VALUES (19, 2)
GO
SET IDENTITY_INSERT [dbo].[BITACORA] ON 
GO
INSERT [dbo].[BITACORA] ([BIT_ID], [BIT_USUARIO], [BIT_MENSAJE], [BIT_CRITICIDAD_ID], [BIT_FECHA], [BIT_DVH]) VALUES (1, 69, N'registrando en bit', 2, CAST(N'2018-09-24T15:05:13.843' AS DateTime), N'975EEC7211FD3ACA4789BD0C8DECF045')
GO
INSERT [dbo].[BITACORA] ([BIT_ID], [BIT_USUARIO], [BIT_MENSAJE], [BIT_CRITICIDAD_ID], [BIT_FECHA], [BIT_DVH]) VALUES (2, 69, N'registrando en bit', 2, CAST(N'2018-09-24T15:05:15.980' AS DateTime), N'AFB8F04303C2E533EB76787F71CC1042')
GO
INSERT [dbo].[BITACORA] ([BIT_ID], [BIT_USUARIO], [BIT_MENSAJE], [BIT_CRITICIDAD_ID], [BIT_FECHA], [BIT_DVH]) VALUES (3, 69, N'registrando en bit', 2, CAST(N'2018-09-24T15:05:18.417' AS DateTime), N'4E7B5F0BC9D815E605112278459C6497')
GO
INSERT [dbo].[BITACORA] ([BIT_ID], [BIT_USUARIO], [BIT_MENSAJE], [BIT_CRITICIDAD_ID], [BIT_FECHA], [BIT_DVH]) VALUES (4, 69, N'registrando en bit', 2, CAST(N'2018-09-24T15:05:18.423' AS DateTime), N'4E7B5F0BC9D815E605112278459C6497')
GO
INSERT [dbo].[BITACORA] ([BIT_ID], [BIT_USUARIO], [BIT_MENSAJE], [BIT_CRITICIDAD_ID], [BIT_FECHA], [BIT_DVH]) VALUES (5, 80, N'registrando en bit', 1, CAST(N'2018-09-24T15:05:18.427' AS DateTime), N'1577F7C824DBC92BF6764EBAC4592EB3')
GO
INSERT [dbo].[BITACORA] ([BIT_ID], [BIT_USUARIO], [BIT_MENSAJE], [BIT_CRITICIDAD_ID], [BIT_FECHA], [BIT_DVH]) VALUES (6, 80, N'registrando en bit', 2, CAST(N'2018-09-24T15:05:18.433' AS DateTime), N'4E7B5F0BC9D815E605112278459C6497')
GO
INSERT [dbo].[BITACORA] ([BIT_ID], [BIT_USUARIO], [BIT_MENSAJE], [BIT_CRITICIDAD_ID], [BIT_FECHA], [BIT_DVH]) VALUES (7, 69, N'registrando en bit', 1, CAST(N'2018-09-24T15:05:18.437' AS DateTime), N'1577F7C824DBC92BF6764EBAC4592EB3')
GO
INSERT [dbo].[BITACORA] ([BIT_ID], [BIT_USUARIO], [BIT_MENSAJE], [BIT_CRITICIDAD_ID], [BIT_FECHA], [BIT_DVH]) VALUES (8, 80, N'registrando en bit', 2, CAST(N'2018-09-24T15:05:18.443' AS DateTime), N'4E7B5F0BC9D815E605112278459C6497')
GO
INSERT [dbo].[BITACORA] ([BIT_ID], [BIT_USUARIO], [BIT_MENSAJE], [BIT_CRITICIDAD_ID], [BIT_FECHA], [BIT_DVH]) VALUES (9, 80, N'registrando en bit', 3, CAST(N'2018-09-24T15:05:18.450' AS DateTime), N'94D6640547658D5C2D698F4B070C2973')
GO
INSERT [dbo].[BITACORA] ([BIT_ID], [BIT_USUARIO], [BIT_MENSAJE], [BIT_CRITICIDAD_ID], [BIT_FECHA], [BIT_DVH]) VALUES (10, 70, N'registrando en bit', 1, CAST(N'2018-09-24T15:05:18.453' AS DateTime), N'1577F7C824DBC92BF6764EBAC4592EB3')
GO
INSERT [dbo].[BITACORA] ([BIT_ID], [BIT_USUARIO], [BIT_MENSAJE], [BIT_CRITICIDAD_ID], [BIT_FECHA], [BIT_DVH]) VALUES (11, 70, N'registrando en bit', 3, CAST(N'2018-09-24T15:05:18.457' AS DateTime), N'94D6640547658D5C2D698F4B070C2973')
GO
INSERT [dbo].[BITACORA] ([BIT_ID], [BIT_USUARIO], [BIT_MENSAJE], [BIT_CRITICIDAD_ID], [BIT_FECHA], [BIT_DVH]) VALUES (12, 70, N'registrando en bit', 1, CAST(N'2018-09-24T15:05:18.463' AS DateTime), N'1577F7C824DBC92BF6764EBAC4592EB3')
GO
INSERT [dbo].[BITACORA] ([BIT_ID], [BIT_USUARIO], [BIT_MENSAJE], [BIT_CRITICIDAD_ID], [BIT_FECHA], [BIT_DVH]) VALUES (13, 120, N'registrando en bit', 2, CAST(N'2018-09-24T15:05:18.467' AS DateTime), N'4E7B5F0BC9D815E605112278459C6497')
GO
INSERT [dbo].[BITACORA] ([BIT_ID], [BIT_USUARIO], [BIT_MENSAJE], [BIT_CRITICIDAD_ID], [BIT_FECHA], [BIT_DVH]) VALUES (14, 120, N'registrando en bit', 3, CAST(N'2018-09-24T15:05:18.470' AS DateTime), N'94D6640547658D5C2D698F4B070C2973')
GO
INSERT [dbo].[BITACORA] ([BIT_ID], [BIT_USUARIO], [BIT_MENSAJE], [BIT_CRITICIDAD_ID], [BIT_FECHA], [BIT_DVH]) VALUES (15, 120, N'registrando en bit', 1, CAST(N'2018-09-24T15:05:18.477' AS DateTime), N'1577F7C824DBC92BF6764EBAC4592EB3')
GO
INSERT [dbo].[BITACORA] ([BIT_ID], [BIT_USUARIO], [BIT_MENSAJE], [BIT_CRITICIDAD_ID], [BIT_FECHA], [BIT_DVH]) VALUES (16, 120, N'registrando en bit', 2, CAST(N'2018-09-24T15:05:18.480' AS DateTime), N'4E7B5F0BC9D815E605112278459C6497')
GO
INSERT [dbo].[BITACORA] ([BIT_ID], [BIT_USUARIO], [BIT_MENSAJE], [BIT_CRITICIDAD_ID], [BIT_FECHA], [BIT_DVH]) VALUES (17, 120, N'registrando en bit', 3, CAST(N'2018-09-24T15:05:18.483' AS DateTime), N'94D6640547658D5C2D698F4B070C2973')
GO
INSERT [dbo].[BITACORA] ([BIT_ID], [BIT_USUARIO], [BIT_MENSAJE], [BIT_CRITICIDAD_ID], [BIT_FECHA], [BIT_DVH]) VALUES (18, 120, N'registrando en bit', 1, CAST(N'2018-09-24T15:05:18.490' AS DateTime), N'1577F7C824DBC92BF6764EBAC4592EB3')
GO
INSERT [dbo].[BITACORA] ([BIT_ID], [BIT_USUARIO], [BIT_MENSAJE], [BIT_CRITICIDAD_ID], [BIT_FECHA], [BIT_DVH]) VALUES (19, 80, N'registrando en bit', 3, CAST(N'2018-09-24T15:05:18.493' AS DateTime), N'94D6640547658D5C2D698F4B070C2973')
GO
INSERT [dbo].[BITACORA] ([BIT_ID], [BIT_USUARIO], [BIT_MENSAJE], [BIT_CRITICIDAD_ID], [BIT_FECHA], [BIT_DVH]) VALUES (20, 80, N'registrando en bit', 1, CAST(N'2018-09-24T15:05:18.500' AS DateTime), N'1577F7C824DBC92BF6764EBAC4592EB3')
GO
INSERT [dbo].[BITACORA] ([BIT_ID], [BIT_USUARIO], [BIT_MENSAJE], [BIT_CRITICIDAD_ID], [BIT_FECHA], [BIT_DVH]) VALUES (21, 80, N'registrando en bit', 2, CAST(N'2018-09-24T15:06:30.250' AS DateTime), N'FDEECFB8681EE6437013070FB3715B41')
GO
INSERT [dbo].[BITACORA] ([BIT_ID], [BIT_USUARIO], [BIT_MENSAJE], [BIT_CRITICIDAD_ID], [BIT_FECHA], [BIT_DVH]) VALUES (22, 120, N'registrando en bit', 1, CAST(N'2018-09-24T15:06:30.260' AS DateTime), N'CD01FBF9715DA77DCC01AF01D6DD98E0')
GO
INSERT [dbo].[BITACORA] ([BIT_ID], [BIT_USUARIO], [BIT_MENSAJE], [BIT_CRITICIDAD_ID], [BIT_FECHA], [BIT_DVH]) VALUES (23, 111, N'registrando en bit', 1, CAST(N'2018-09-24T15:06:30.267' AS DateTime), N'CD01FBF9715DA77DCC01AF01D6DD98E0')
GO
INSERT [dbo].[BITACORA] ([BIT_ID], [BIT_USUARIO], [BIT_MENSAJE], [BIT_CRITICIDAD_ID], [BIT_FECHA], [BIT_DVH]) VALUES (24, 111, N'registrando en bit', 3, CAST(N'2018-09-24T15:06:30.273' AS DateTime), N'9179B467DF737CF6DD19B626895EC9C3')
GO
INSERT [dbo].[BITACORA] ([BIT_ID], [BIT_USUARIO], [BIT_MENSAJE], [BIT_CRITICIDAD_ID], [BIT_FECHA], [BIT_DVH]) VALUES (25, 111, N'registrando en bit', 3, CAST(N'2018-09-21T15:06:30.277' AS DateTime), N'4AD20091C8B8C5C9405DDA93A02A2A66')
GO
INSERT [dbo].[BITACORA] ([BIT_ID], [BIT_USUARIO], [BIT_MENSAJE], [BIT_CRITICIDAD_ID], [BIT_FECHA], [BIT_DVH]) VALUES (26, 69, N'registrando en bit', 3, CAST(N'2018-09-24T15:06:30.283' AS DateTime), N'9179B467DF737CF6DD19B626895EC9C3')
GO
INSERT [dbo].[BITACORA] ([BIT_ID], [BIT_USUARIO], [BIT_MENSAJE], [BIT_CRITICIDAD_ID], [BIT_FECHA], [BIT_DVH]) VALUES (27, 69, N'registrando en bit', 1, CAST(N'2018-09-24T15:06:30.290' AS DateTime), N'CD01FBF9715DA77DCC01AF01D6DD98E0')
GO
INSERT [dbo].[BITACORA] ([BIT_ID], [BIT_USUARIO], [BIT_MENSAJE], [BIT_CRITICIDAD_ID], [BIT_FECHA], [BIT_DVH]) VALUES (28, 69, N'registrando en bit', 2, CAST(N'2018-08-24T15:06:30.297' AS DateTime), N'EE7D097ACD6374B7B32891CB7082B9C2')
GO
INSERT [dbo].[BITACORA] ([BIT_ID], [BIT_USUARIO], [BIT_MENSAJE], [BIT_CRITICIDAD_ID], [BIT_FECHA], [BIT_DVH]) VALUES (29, 69, N'registrando en bit', 2, CAST(N'2018-07-24T15:06:30.300' AS DateTime), N'699E078CB874FCC776C7071A4C7F0C9A')
GO
INSERT [dbo].[BITACORA] ([BIT_ID], [BIT_USUARIO], [BIT_MENSAJE], [BIT_CRITICIDAD_ID], [BIT_FECHA], [BIT_DVH]) VALUES (30, 69, N'registrando en bit', 1, CAST(N'2018-09-24T15:06:30.307' AS DateTime), N'CD01FBF9715DA77DCC01AF01D6DD98E0')
GO
INSERT [dbo].[BITACORA] ([BIT_ID], [BIT_USUARIO], [BIT_MENSAJE], [BIT_CRITICIDAD_ID], [BIT_FECHA], [BIT_DVH]) VALUES (31, 69, N'registrando en bit', 1, CAST(N'2018-09-24T15:06:30.313' AS DateTime), N'CD01FBF9715DA77DCC01AF01D6DD98E0')
GO
INSERT [dbo].[BITACORA] ([BIT_ID], [BIT_USUARIO], [BIT_MENSAJE], [BIT_CRITICIDAD_ID], [BIT_FECHA], [BIT_DVH]) VALUES (32, 69, N'registrando en bit', 1, CAST(N'2018-09-24T15:06:30.340' AS DateTime), N'CD01FBF9715DA77DCC01AF01D6DD98E0')
GO
INSERT [dbo].[BITACORA] ([BIT_ID], [BIT_USUARIO], [BIT_MENSAJE], [BIT_CRITICIDAD_ID], [BIT_FECHA], [BIT_DVH]) VALUES (33, 69, N'registrando en bit', 1, CAST(N'2018-09-24T15:06:30.343' AS DateTime), N'CD01FBF9715DA77DCC01AF01D6DD98E0')
GO
INSERT [dbo].[BITACORA] ([BIT_ID], [BIT_USUARIO], [BIT_MENSAJE], [BIT_CRITICIDAD_ID], [BIT_FECHA], [BIT_DVH]) VALUES (34, 69, N'registrando en bit', 1, CAST(N'2018-09-24T15:06:30.350' AS DateTime), N'CD01FBF9715DA77DCC01AF01D6DD98E0')
GO
INSERT [dbo].[BITACORA] ([BIT_ID], [BIT_USUARIO], [BIT_MENSAJE], [BIT_CRITICIDAD_ID], [BIT_FECHA], [BIT_DVH]) VALUES (35, 69, N'registrando en bit', 1, CAST(N'2018-09-24T15:06:30.357' AS DateTime), N'CD01FBF9715DA77DCC01AF01D6DD98E0')
GO
INSERT [dbo].[BITACORA] ([BIT_ID], [BIT_USUARIO], [BIT_MENSAJE], [BIT_CRITICIDAD_ID], [BIT_FECHA], [BIT_DVH]) VALUES (36, 69, N'registrando en bit', 1, CAST(N'2018-09-24T15:06:30.393' AS DateTime), N'CD01FBF9715DA77DCC01AF01D6DD98E0')
GO
INSERT [dbo].[BITACORA] ([BIT_ID], [BIT_USUARIO], [BIT_MENSAJE], [BIT_CRITICIDAD_ID], [BIT_FECHA], [BIT_DVH]) VALUES (37, 69, N'registrando en bit', 1, CAST(N'2018-09-24T15:06:30.400' AS DateTime), N'CD01FBF9715DA77DCC01AF01D6DD98E0')
GO
INSERT [dbo].[BITACORA] ([BIT_ID], [BIT_USUARIO], [BIT_MENSAJE], [BIT_CRITICIDAD_ID], [BIT_FECHA], [BIT_DVH]) VALUES (38, 69, N'registrando en bit', 1, CAST(N'2018-09-24T15:06:30.407' AS DateTime), N'CD01FBF9715DA77DCC01AF01D6DD98E0')
GO
INSERT [dbo].[BITACORA] ([BIT_ID], [BIT_USUARIO], [BIT_MENSAJE], [BIT_CRITICIDAD_ID], [BIT_FECHA], [BIT_DVH]) VALUES (39, 69, N'registrando en bit', 1, CAST(N'2018-09-20T15:06:30.413' AS DateTime), N'B9EB9BBFF8C55F557BFBD4100364DF24')
GO
INSERT [dbo].[BITACORA] ([BIT_ID], [BIT_USUARIO], [BIT_MENSAJE], [BIT_CRITICIDAD_ID], [BIT_FECHA], [BIT_DVH]) VALUES (40, 69, N'registrando en bit', 1, CAST(N'2018-09-23T15:06:30.417' AS DateTime), N'7182B06659D7B72ADA28F06AD1B08609')
GO
INSERT [dbo].[BITACORA] ([BIT_ID], [BIT_USUARIO], [BIT_MENSAJE], [BIT_CRITICIDAD_ID], [BIT_FECHA], [BIT_DVH]) VALUES (41, 69, N'registrando en bit', 1, CAST(N'2018-09-24T15:08:54.317' AS DateTime), N'AF806E52471B72C007B63F6540B6FED6')
GO
INSERT [dbo].[BITACORA] ([BIT_ID], [BIT_USUARIO], [BIT_MENSAJE], [BIT_CRITICIDAD_ID], [BIT_FECHA], [BIT_DVH]) VALUES (42, 69, N'registrando en bit', 1, CAST(N'2018-09-24T15:08:54.327' AS DateTime), N'AF806E52471B72C007B63F6540B6FED6')
GO
INSERT [dbo].[BITACORA] ([BIT_ID], [BIT_USUARIO], [BIT_MENSAJE], [BIT_CRITICIDAD_ID], [BIT_FECHA], [BIT_DVH]) VALUES (43, 69, N'registrando en bit', 1, CAST(N'2018-09-24T15:08:54.353' AS DateTime), N'AF806E52471B72C007B63F6540B6FED6')
GO
INSERT [dbo].[BITACORA] ([BIT_ID], [BIT_USUARIO], [BIT_MENSAJE], [BIT_CRITICIDAD_ID], [BIT_FECHA], [BIT_DVH]) VALUES (44, 69, N'registrando en bit', 1, CAST(N'2018-09-24T15:08:54.357' AS DateTime), N'AF806E52471B72C007B63F6540B6FED6')
GO
INSERT [dbo].[BITACORA] ([BIT_ID], [BIT_USUARIO], [BIT_MENSAJE], [BIT_CRITICIDAD_ID], [BIT_FECHA], [BIT_DVH]) VALUES (45, 69, N'registrando en bit', 1, CAST(N'2018-09-24T15:08:54.363' AS DateTime), N'AF806E52471B72C007B63F6540B6FED6')
GO
INSERT [dbo].[BITACORA] ([BIT_ID], [BIT_USUARIO], [BIT_MENSAJE], [BIT_CRITICIDAD_ID], [BIT_FECHA], [BIT_DVH]) VALUES (46, 69, N'registrando en bit', 1, CAST(N'2018-09-24T15:08:54.370' AS DateTime), N'AF806E52471B72C007B63F6540B6FED6')
GO
INSERT [dbo].[BITACORA] ([BIT_ID], [BIT_USUARIO], [BIT_MENSAJE], [BIT_CRITICIDAD_ID], [BIT_FECHA], [BIT_DVH]) VALUES (47, 69, N'registrando en bit', 1, CAST(N'2018-09-24T15:08:54.373' AS DateTime), N'AF806E52471B72C007B63F6540B6FED6')
GO
INSERT [dbo].[BITACORA] ([BIT_ID], [BIT_USUARIO], [BIT_MENSAJE], [BIT_CRITICIDAD_ID], [BIT_FECHA], [BIT_DVH]) VALUES (48, 69, N'registrando en bit', 1, CAST(N'2018-09-24T15:08:54.380' AS DateTime), N'AF806E52471B72C007B63F6540B6FED6')
GO
INSERT [dbo].[BITACORA] ([BIT_ID], [BIT_USUARIO], [BIT_MENSAJE], [BIT_CRITICIDAD_ID], [BIT_FECHA], [BIT_DVH]) VALUES (49, 69, N'registrando en bit', 1, CAST(N'2018-09-24T15:08:54.393' AS DateTime), N'AF806E52471B72C007B63F6540B6FED6')
GO
INSERT [dbo].[BITACORA] ([BIT_ID], [BIT_USUARIO], [BIT_MENSAJE], [BIT_CRITICIDAD_ID], [BIT_FECHA], [BIT_DVH]) VALUES (50, 69, N'registrando en bit', 1, CAST(N'2018-09-24T15:08:54.400' AS DateTime), N'AF806E52471B72C007B63F6540B6FED6')
GO
INSERT [dbo].[BITACORA] ([BIT_ID], [BIT_USUARIO], [BIT_MENSAJE], [BIT_CRITICIDAD_ID], [BIT_FECHA], [BIT_DVH]) VALUES (51, 69, N'registrando en bit', 1, CAST(N'2018-09-24T15:08:54.407' AS DateTime), N'AF806E52471B72C007B63F6540B6FED6')
GO
INSERT [dbo].[BITACORA] ([BIT_ID], [BIT_USUARIO], [BIT_MENSAJE], [BIT_CRITICIDAD_ID], [BIT_FECHA], [BIT_DVH]) VALUES (52, 69, N'registrando en bit', 1, CAST(N'2018-09-24T15:08:54.410' AS DateTime), N'AF806E52471B72C007B63F6540B6FED6')
GO
INSERT [dbo].[BITACORA] ([BIT_ID], [BIT_USUARIO], [BIT_MENSAJE], [BIT_CRITICIDAD_ID], [BIT_FECHA], [BIT_DVH]) VALUES (53, 69, N'registrando en bit', 1, CAST(N'2018-09-24T15:08:54.417' AS DateTime), N'AF806E52471B72C007B63F6540B6FED6')
GO
INSERT [dbo].[BITACORA] ([BIT_ID], [BIT_USUARIO], [BIT_MENSAJE], [BIT_CRITICIDAD_ID], [BIT_FECHA], [BIT_DVH]) VALUES (54, 69, N'registrando en bit', 1, CAST(N'2018-09-24T15:08:54.423' AS DateTime), N'AF806E52471B72C007B63F6540B6FED6')
GO
INSERT [dbo].[BITACORA] ([BIT_ID], [BIT_USUARIO], [BIT_MENSAJE], [BIT_CRITICIDAD_ID], [BIT_FECHA], [BIT_DVH]) VALUES (55, 69, N'registrando en bit', 1, CAST(N'2018-09-24T15:08:54.430' AS DateTime), N'AF806E52471B72C007B63F6540B6FED6')
GO
INSERT [dbo].[BITACORA] ([BIT_ID], [BIT_USUARIO], [BIT_MENSAJE], [BIT_CRITICIDAD_ID], [BIT_FECHA], [BIT_DVH]) VALUES (56, 69, N'registrando en bit', 1, CAST(N'2018-09-24T15:08:54.437' AS DateTime), N'AF806E52471B72C007B63F6540B6FED6')
GO
INSERT [dbo].[BITACORA] ([BIT_ID], [BIT_USUARIO], [BIT_MENSAJE], [BIT_CRITICIDAD_ID], [BIT_FECHA], [BIT_DVH]) VALUES (57, 69, N'registrando en bit', 1, CAST(N'2018-09-24T15:08:54.443' AS DateTime), N'AF806E52471B72C007B63F6540B6FED6')
GO
INSERT [dbo].[BITACORA] ([BIT_ID], [BIT_USUARIO], [BIT_MENSAJE], [BIT_CRITICIDAD_ID], [BIT_FECHA], [BIT_DVH]) VALUES (58, 69, N'registrando en bit', 1, CAST(N'2018-09-24T15:08:54.450' AS DateTime), N'AF806E52471B72C007B63F6540B6FED6')
GO
INSERT [dbo].[BITACORA] ([BIT_ID], [BIT_USUARIO], [BIT_MENSAJE], [BIT_CRITICIDAD_ID], [BIT_FECHA], [BIT_DVH]) VALUES (59, 69, N'registrando en bit', 1, CAST(N'2018-09-24T15:08:54.457' AS DateTime), N'AF806E52471B72C007B63F6540B6FED6')
GO
INSERT [dbo].[BITACORA] ([BIT_ID], [BIT_USUARIO], [BIT_MENSAJE], [BIT_CRITICIDAD_ID], [BIT_FECHA], [BIT_DVH]) VALUES (60, 69, N'registrando en bit', 1, CAST(N'2018-09-24T15:08:54.463' AS DateTime), N'AF806E52471B72C007B63F6540B6FED6')
GO
INSERT [dbo].[BITACORA] ([BIT_ID], [BIT_USUARIO], [BIT_MENSAJE], [BIT_CRITICIDAD_ID], [BIT_FECHA], [BIT_DVH]) VALUES (61, 69, N'registrando en bit', 1, CAST(N'2018-09-24T15:09:39.137' AS DateTime), N'A6B7DED471E9B6DD2176D13AB0A7E205')
GO
INSERT [dbo].[BITACORA] ([BIT_ID], [BIT_USUARIO], [BIT_MENSAJE], [BIT_CRITICIDAD_ID], [BIT_FECHA], [BIT_DVH]) VALUES (62, 69, N'registrando en bit', 1, CAST(N'2018-09-24T15:09:39.147' AS DateTime), N'A6B7DED471E9B6DD2176D13AB0A7E205')
GO
INSERT [dbo].[BITACORA] ([BIT_ID], [BIT_USUARIO], [BIT_MENSAJE], [BIT_CRITICIDAD_ID], [BIT_FECHA], [BIT_DVH]) VALUES (63, 69, N'registrando en bit', 1, CAST(N'2018-09-24T15:09:39.153' AS DateTime), N'A6B7DED471E9B6DD2176D13AB0A7E205')
GO
INSERT [dbo].[BITACORA] ([BIT_ID], [BIT_USUARIO], [BIT_MENSAJE], [BIT_CRITICIDAD_ID], [BIT_FECHA], [BIT_DVH]) VALUES (64, 69, N'registrando en bit', 1, CAST(N'2018-09-24T15:09:39.157' AS DateTime), N'A6B7DED471E9B6DD2176D13AB0A7E205')
GO
INSERT [dbo].[BITACORA] ([BIT_ID], [BIT_USUARIO], [BIT_MENSAJE], [BIT_CRITICIDAD_ID], [BIT_FECHA], [BIT_DVH]) VALUES (65, 69, N'registrando en bit', 1, CAST(N'2018-09-24T15:09:39.167' AS DateTime), N'A6B7DED471E9B6DD2176D13AB0A7E205')
GO
INSERT [dbo].[BITACORA] ([BIT_ID], [BIT_USUARIO], [BIT_MENSAJE], [BIT_CRITICIDAD_ID], [BIT_FECHA], [BIT_DVH]) VALUES (66, 69, N'registrando en bit', 1, CAST(N'2018-09-24T15:09:39.170' AS DateTime), N'A6B7DED471E9B6DD2176D13AB0A7E205')
GO
INSERT [dbo].[BITACORA] ([BIT_ID], [BIT_USUARIO], [BIT_MENSAJE], [BIT_CRITICIDAD_ID], [BIT_FECHA], [BIT_DVH]) VALUES (67, 69, N'registrando en bit', 1, CAST(N'2018-09-24T15:09:39.217' AS DateTime), N'A6B7DED471E9B6DD2176D13AB0A7E205')
GO
INSERT [dbo].[BITACORA] ([BIT_ID], [BIT_USUARIO], [BIT_MENSAJE], [BIT_CRITICIDAD_ID], [BIT_FECHA], [BIT_DVH]) VALUES (68, 69, N'registrando en bit', 1, CAST(N'2018-09-24T15:09:39.220' AS DateTime), N'A6B7DED471E9B6DD2176D13AB0A7E205')
GO
INSERT [dbo].[BITACORA] ([BIT_ID], [BIT_USUARIO], [BIT_MENSAJE], [BIT_CRITICIDAD_ID], [BIT_FECHA], [BIT_DVH]) VALUES (69, 69, N'registrando en bit', 1, CAST(N'2018-09-24T15:09:39.227' AS DateTime), N'A6B7DED471E9B6DD2176D13AB0A7E205')
GO
INSERT [dbo].[BITACORA] ([BIT_ID], [BIT_USUARIO], [BIT_MENSAJE], [BIT_CRITICIDAD_ID], [BIT_FECHA], [BIT_DVH]) VALUES (70, 69, N'registrando en bit', 1, CAST(N'2018-09-24T15:09:39.237' AS DateTime), N'A6B7DED471E9B6DD2176D13AB0A7E205')
GO
INSERT [dbo].[BITACORA] ([BIT_ID], [BIT_USUARIO], [BIT_MENSAJE], [BIT_CRITICIDAD_ID], [BIT_FECHA], [BIT_DVH]) VALUES (71, 69, N'registrando en bit', 1, CAST(N'2018-09-24T15:09:39.243' AS DateTime), N'A6B7DED471E9B6DD2176D13AB0A7E205')
GO
INSERT [dbo].[BITACORA] ([BIT_ID], [BIT_USUARIO], [BIT_MENSAJE], [BIT_CRITICIDAD_ID], [BIT_FECHA], [BIT_DVH]) VALUES (72, 69, N'registrando en bit', 1, CAST(N'2018-09-24T15:09:39.247' AS DateTime), N'A6B7DED471E9B6DD2176D13AB0A7E205')
GO
INSERT [dbo].[BITACORA] ([BIT_ID], [BIT_USUARIO], [BIT_MENSAJE], [BIT_CRITICIDAD_ID], [BIT_FECHA], [BIT_DVH]) VALUES (73, 69, N'registrando en bit', 1, CAST(N'2018-09-24T15:09:39.253' AS DateTime), N'A6B7DED471E9B6DD2176D13AB0A7E205')
GO
INSERT [dbo].[BITACORA] ([BIT_ID], [BIT_USUARIO], [BIT_MENSAJE], [BIT_CRITICIDAD_ID], [BIT_FECHA], [BIT_DVH]) VALUES (74, 69, N'registrando en bit', 1, CAST(N'2018-09-24T15:09:39.260' AS DateTime), N'A6B7DED471E9B6DD2176D13AB0A7E205')
GO
INSERT [dbo].[BITACORA] ([BIT_ID], [BIT_USUARIO], [BIT_MENSAJE], [BIT_CRITICIDAD_ID], [BIT_FECHA], [BIT_DVH]) VALUES (75, 69, N'registrando en bit', 1, CAST(N'2018-09-24T15:09:39.277' AS DateTime), N'A6B7DED471E9B6DD2176D13AB0A7E205')
GO
INSERT [dbo].[BITACORA] ([BIT_ID], [BIT_USUARIO], [BIT_MENSAJE], [BIT_CRITICIDAD_ID], [BIT_FECHA], [BIT_DVH]) VALUES (76, 69, N'registrando en bit', 1, CAST(N'2018-09-24T15:09:39.283' AS DateTime), N'A6B7DED471E9B6DD2176D13AB0A7E205')
GO
INSERT [dbo].[BITACORA] ([BIT_ID], [BIT_USUARIO], [BIT_MENSAJE], [BIT_CRITICIDAD_ID], [BIT_FECHA], [BIT_DVH]) VALUES (77, 69, N'registrando en bit', 1, CAST(N'2018-09-24T15:09:39.287' AS DateTime), N'A6B7DED471E9B6DD2176D13AB0A7E205')
GO
INSERT [dbo].[BITACORA] ([BIT_ID], [BIT_USUARIO], [BIT_MENSAJE], [BIT_CRITICIDAD_ID], [BIT_FECHA], [BIT_DVH]) VALUES (78, 69, N'registrando en bit', 1, CAST(N'2018-09-24T15:09:39.297' AS DateTime), N'A6B7DED471E9B6DD2176D13AB0A7E205')
GO
INSERT [dbo].[BITACORA] ([BIT_ID], [BIT_USUARIO], [BIT_MENSAJE], [BIT_CRITICIDAD_ID], [BIT_FECHA], [BIT_DVH]) VALUES (79, 69, N'registrando en bit', 1, CAST(N'2018-09-24T15:09:39.303' AS DateTime), N'A6B7DED471E9B6DD2176D13AB0A7E205')
GO
INSERT [dbo].[BITACORA] ([BIT_ID], [BIT_USUARIO], [BIT_MENSAJE], [BIT_CRITICIDAD_ID], [BIT_FECHA], [BIT_DVH]) VALUES (80, 69, N'registrando en bit', 1, CAST(N'2018-09-24T15:09:39.310' AS DateTime), N'A6B7DED471E9B6DD2176D13AB0A7E205')
GO
INSERT [dbo].[BITACORA] ([BIT_ID], [BIT_USUARIO], [BIT_MENSAJE], [BIT_CRITICIDAD_ID], [BIT_FECHA], [BIT_DVH]) VALUES (81, 69, N'registrando en bit', 1, CAST(N'2018-09-24T15:10:41.270' AS DateTime), N'46487B5B7ADF027CE4D8A78E1B75BF7B')
GO
INSERT [dbo].[BITACORA] ([BIT_ID], [BIT_USUARIO], [BIT_MENSAJE], [BIT_CRITICIDAD_ID], [BIT_FECHA], [BIT_DVH]) VALUES (82, 69, N'registrando en bit', 1, CAST(N'2018-09-24T15:10:41.283' AS DateTime), N'46487B5B7ADF027CE4D8A78E1B75BF7B')
GO
INSERT [dbo].[BITACORA] ([BIT_ID], [BIT_USUARIO], [BIT_MENSAJE], [BIT_CRITICIDAD_ID], [BIT_FECHA], [BIT_DVH]) VALUES (83, 69, N'registrando en bit', 1, CAST(N'2018-09-24T15:10:41.290' AS DateTime), N'46487B5B7ADF027CE4D8A78E1B75BF7B')
GO
INSERT [dbo].[BITACORA] ([BIT_ID], [BIT_USUARIO], [BIT_MENSAJE], [BIT_CRITICIDAD_ID], [BIT_FECHA], [BIT_DVH]) VALUES (84, 69, N'registrando en bit', 1, CAST(N'2018-09-24T15:10:41.293' AS DateTime), N'46487B5B7ADF027CE4D8A78E1B75BF7B')
GO
INSERT [dbo].[BITACORA] ([BIT_ID], [BIT_USUARIO], [BIT_MENSAJE], [BIT_CRITICIDAD_ID], [BIT_FECHA], [BIT_DVH]) VALUES (85, 69, N'registrando en bit', 1, CAST(N'2018-09-24T15:10:41.300' AS DateTime), N'46487B5B7ADF027CE4D8A78E1B75BF7B')
GO
INSERT [dbo].[BITACORA] ([BIT_ID], [BIT_USUARIO], [BIT_MENSAJE], [BIT_CRITICIDAD_ID], [BIT_FECHA], [BIT_DVH]) VALUES (86, 69, N'registrando en bit', 1, CAST(N'2018-09-24T15:10:41.307' AS DateTime), N'46487B5B7ADF027CE4D8A78E1B75BF7B')
GO
INSERT [dbo].[BITACORA] ([BIT_ID], [BIT_USUARIO], [BIT_MENSAJE], [BIT_CRITICIDAD_ID], [BIT_FECHA], [BIT_DVH]) VALUES (87, 69, N'registrando en bit', 1, CAST(N'2018-09-24T15:10:41.343' AS DateTime), N'46487B5B7ADF027CE4D8A78E1B75BF7B')
GO
INSERT [dbo].[BITACORA] ([BIT_ID], [BIT_USUARIO], [BIT_MENSAJE], [BIT_CRITICIDAD_ID], [BIT_FECHA], [BIT_DVH]) VALUES (88, 69, N'registrando en bit', 1, CAST(N'2018-09-24T15:10:41.357' AS DateTime), N'46487B5B7ADF027CE4D8A78E1B75BF7B')
GO
INSERT [dbo].[BITACORA] ([BIT_ID], [BIT_USUARIO], [BIT_MENSAJE], [BIT_CRITICIDAD_ID], [BIT_FECHA], [BIT_DVH]) VALUES (89, 69, N'registrando en bit', 1, CAST(N'2018-09-24T15:10:41.363' AS DateTime), N'46487B5B7ADF027CE4D8A78E1B75BF7B')
GO
INSERT [dbo].[BITACORA] ([BIT_ID], [BIT_USUARIO], [BIT_MENSAJE], [BIT_CRITICIDAD_ID], [BIT_FECHA], [BIT_DVH]) VALUES (90, 69, N'registrando en bit', 1, CAST(N'2018-09-24T15:10:41.370' AS DateTime), N'46487B5B7ADF027CE4D8A78E1B75BF7B')
GO
INSERT [dbo].[BITACORA] ([BIT_ID], [BIT_USUARIO], [BIT_MENSAJE], [BIT_CRITICIDAD_ID], [BIT_FECHA], [BIT_DVH]) VALUES (91, 69, N'registrando en bit', 1, CAST(N'2018-09-24T15:10:41.373' AS DateTime), N'46487B5B7ADF027CE4D8A78E1B75BF7B')
GO
INSERT [dbo].[BITACORA] ([BIT_ID], [BIT_USUARIO], [BIT_MENSAJE], [BIT_CRITICIDAD_ID], [BIT_FECHA], [BIT_DVH]) VALUES (92, 69, N'registrando en bit', 1, CAST(N'2018-09-24T15:10:41.380' AS DateTime), N'46487B5B7ADF027CE4D8A78E1B75BF7B')
GO
INSERT [dbo].[BITACORA] ([BIT_ID], [BIT_USUARIO], [BIT_MENSAJE], [BIT_CRITICIDAD_ID], [BIT_FECHA], [BIT_DVH]) VALUES (93, 69, N'registrando en bit', 1, CAST(N'2018-09-24T15:10:41.387' AS DateTime), N'46487B5B7ADF027CE4D8A78E1B75BF7B')
GO
INSERT [dbo].[BITACORA] ([BIT_ID], [BIT_USUARIO], [BIT_MENSAJE], [BIT_CRITICIDAD_ID], [BIT_FECHA], [BIT_DVH]) VALUES (94, 69, N'registrando en bit', 1, CAST(N'2018-09-24T15:10:41.393' AS DateTime), N'46487B5B7ADF027CE4D8A78E1B75BF7B')
GO
INSERT [dbo].[BITACORA] ([BIT_ID], [BIT_USUARIO], [BIT_MENSAJE], [BIT_CRITICIDAD_ID], [BIT_FECHA], [BIT_DVH]) VALUES (95, 69, N'registrando en bit', 1, CAST(N'2018-09-24T15:10:41.397' AS DateTime), N'46487B5B7ADF027CE4D8A78E1B75BF7B')
GO
INSERT [dbo].[BITACORA] ([BIT_ID], [BIT_USUARIO], [BIT_MENSAJE], [BIT_CRITICIDAD_ID], [BIT_FECHA], [BIT_DVH]) VALUES (96, 69, N'registrando en bit', 1, CAST(N'2018-09-24T15:10:41.403' AS DateTime), N'46487B5B7ADF027CE4D8A78E1B75BF7B')
GO
INSERT [dbo].[BITACORA] ([BIT_ID], [BIT_USUARIO], [BIT_MENSAJE], [BIT_CRITICIDAD_ID], [BIT_FECHA], [BIT_DVH]) VALUES (97, 69, N'registrando en bit', 1, CAST(N'2018-09-24T15:10:41.440' AS DateTime), N'46487B5B7ADF027CE4D8A78E1B75BF7B')
GO
INSERT [dbo].[BITACORA] ([BIT_ID], [BIT_USUARIO], [BIT_MENSAJE], [BIT_CRITICIDAD_ID], [BIT_FECHA], [BIT_DVH]) VALUES (98, 69, N'registrando en bit', 1, CAST(N'2018-09-24T15:10:41.447' AS DateTime), N'46487B5B7ADF027CE4D8A78E1B75BF7B')
GO
INSERT [dbo].[BITACORA] ([BIT_ID], [BIT_USUARIO], [BIT_MENSAJE], [BIT_CRITICIDAD_ID], [BIT_FECHA], [BIT_DVH]) VALUES (99, 69, N'registrando en bit', 1, CAST(N'2018-09-24T15:10:41.450' AS DateTime), N'46487B5B7ADF027CE4D8A78E1B75BF7B')
GO
INSERT [dbo].[BITACORA] ([BIT_ID], [BIT_USUARIO], [BIT_MENSAJE], [BIT_CRITICIDAD_ID], [BIT_FECHA], [BIT_DVH]) VALUES (100, 69, N'registrando en bit', 1, CAST(N'2018-09-24T15:10:41.457' AS DateTime), N'46487B5B7ADF027CE4D8A78E1B75BF7B')
GO
INSERT [dbo].[BITACORA] ([BIT_ID], [BIT_USUARIO], [BIT_MENSAJE], [BIT_CRITICIDAD_ID], [BIT_FECHA], [BIT_DVH]) VALUES (101, 69, N'registrando en bit', 1, CAST(N'2018-09-24T15:11:47.750' AS DateTime), N'7F9460C9E033A87753767A6E721C0D62')
GO
INSERT [dbo].[BITACORA] ([BIT_ID], [BIT_USUARIO], [BIT_MENSAJE], [BIT_CRITICIDAD_ID], [BIT_FECHA], [BIT_DVH]) VALUES (102, 69, N'registrando en bit', 1, CAST(N'2018-09-24T15:11:47.767' AS DateTime), N'7F9460C9E033A87753767A6E721C0D62')
GO
INSERT [dbo].[BITACORA] ([BIT_ID], [BIT_USUARIO], [BIT_MENSAJE], [BIT_CRITICIDAD_ID], [BIT_FECHA], [BIT_DVH]) VALUES (103, 69, N'registrando en bit', 1, CAST(N'2018-09-24T15:11:47.777' AS DateTime), N'7F9460C9E033A87753767A6E721C0D62')
GO
INSERT [dbo].[BITACORA] ([BIT_ID], [BIT_USUARIO], [BIT_MENSAJE], [BIT_CRITICIDAD_ID], [BIT_FECHA], [BIT_DVH]) VALUES (104, 69, N'registrando en bit', 1, CAST(N'2018-09-24T15:11:47.780' AS DateTime), N'7F9460C9E033A87753767A6E721C0D62')
GO
INSERT [dbo].[BITACORA] ([BIT_ID], [BIT_USUARIO], [BIT_MENSAJE], [BIT_CRITICIDAD_ID], [BIT_FECHA], [BIT_DVH]) VALUES (105, 69, N'registrando en bit', 1, CAST(N'2018-09-24T15:11:47.787' AS DateTime), N'7F9460C9E033A87753767A6E721C0D62')
GO
INSERT [dbo].[BITACORA] ([BIT_ID], [BIT_USUARIO], [BIT_MENSAJE], [BIT_CRITICIDAD_ID], [BIT_FECHA], [BIT_DVH]) VALUES (106, 69, N'registrando en bit', 1, CAST(N'2018-09-24T15:11:47.793' AS DateTime), N'7F9460C9E033A87753767A6E721C0D62')
GO
INSERT [dbo].[BITACORA] ([BIT_ID], [BIT_USUARIO], [BIT_MENSAJE], [BIT_CRITICIDAD_ID], [BIT_FECHA], [BIT_DVH]) VALUES (107, 69, N'registrando en bit', 1, CAST(N'2018-09-24T15:11:47.800' AS DateTime), N'7F9460C9E033A87753767A6E721C0D62')
GO
INSERT [dbo].[BITACORA] ([BIT_ID], [BIT_USUARIO], [BIT_MENSAJE], [BIT_CRITICIDAD_ID], [BIT_FECHA], [BIT_DVH]) VALUES (108, 69, N'registrando en bit', 1, CAST(N'2018-09-24T15:11:47.807' AS DateTime), N'7F9460C9E033A87753767A6E721C0D62')
GO
INSERT [dbo].[BITACORA] ([BIT_ID], [BIT_USUARIO], [BIT_MENSAJE], [BIT_CRITICIDAD_ID], [BIT_FECHA], [BIT_DVH]) VALUES (109, 69, N'registrando en bit', 1, CAST(N'2018-09-24T15:11:47.813' AS DateTime), N'7F9460C9E033A87753767A6E721C0D62')
GO
INSERT [dbo].[BITACORA] ([BIT_ID], [BIT_USUARIO], [BIT_MENSAJE], [BIT_CRITICIDAD_ID], [BIT_FECHA], [BIT_DVH]) VALUES (110, 69, N'registrando en bit', 1, CAST(N'2018-09-24T15:11:47.820' AS DateTime), N'7F9460C9E033A87753767A6E721C0D62')
GO
INSERT [dbo].[BITACORA] ([BIT_ID], [BIT_USUARIO], [BIT_MENSAJE], [BIT_CRITICIDAD_ID], [BIT_FECHA], [BIT_DVH]) VALUES (111, 69, N'registrando en bit', 1, CAST(N'2018-09-24T15:11:47.827' AS DateTime), N'7F9460C9E033A87753767A6E721C0D62')
GO
INSERT [dbo].[BITACORA] ([BIT_ID], [BIT_USUARIO], [BIT_MENSAJE], [BIT_CRITICIDAD_ID], [BIT_FECHA], [BIT_DVH]) VALUES (112, 69, N'registrando en bit', 1, CAST(N'2018-09-24T15:11:47.830' AS DateTime), N'7F9460C9E033A87753767A6E721C0D62')
GO
INSERT [dbo].[BITACORA] ([BIT_ID], [BIT_USUARIO], [BIT_MENSAJE], [BIT_CRITICIDAD_ID], [BIT_FECHA], [BIT_DVH]) VALUES (113, 69, N'registrando en bit', 1, CAST(N'2018-09-24T15:11:47.837' AS DateTime), N'7F9460C9E033A87753767A6E721C0D62')
GO
INSERT [dbo].[BITACORA] ([BIT_ID], [BIT_USUARIO], [BIT_MENSAJE], [BIT_CRITICIDAD_ID], [BIT_FECHA], [BIT_DVH]) VALUES (114, 69, N'registrando en bit', 1, CAST(N'2018-09-24T15:11:47.843' AS DateTime), N'7F9460C9E033A87753767A6E721C0D62')
GO
INSERT [dbo].[BITACORA] ([BIT_ID], [BIT_USUARIO], [BIT_MENSAJE], [BIT_CRITICIDAD_ID], [BIT_FECHA], [BIT_DVH]) VALUES (115, 69, N'registrando en bit', 1, CAST(N'2018-09-24T15:11:47.850' AS DateTime), N'7F9460C9E033A87753767A6E721C0D62')
GO
INSERT [dbo].[BITACORA] ([BIT_ID], [BIT_USUARIO], [BIT_MENSAJE], [BIT_CRITICIDAD_ID], [BIT_FECHA], [BIT_DVH]) VALUES (116, 69, N'registrando en bit', 1, CAST(N'2018-09-24T15:11:47.857' AS DateTime), N'7F9460C9E033A87753767A6E721C0D62')
GO
INSERT [dbo].[BITACORA] ([BIT_ID], [BIT_USUARIO], [BIT_MENSAJE], [BIT_CRITICIDAD_ID], [BIT_FECHA], [BIT_DVH]) VALUES (117, 69, N'registrando en bit', 1, CAST(N'2018-09-24T15:11:47.863' AS DateTime), N'7F9460C9E033A87753767A6E721C0D62')
GO
INSERT [dbo].[BITACORA] ([BIT_ID], [BIT_USUARIO], [BIT_MENSAJE], [BIT_CRITICIDAD_ID], [BIT_FECHA], [BIT_DVH]) VALUES (118, 69, N'registrando en bit', 1, CAST(N'2018-09-24T15:11:47.870' AS DateTime), N'7F9460C9E033A87753767A6E721C0D62')
GO
INSERT [dbo].[BITACORA] ([BIT_ID], [BIT_USUARIO], [BIT_MENSAJE], [BIT_CRITICIDAD_ID], [BIT_FECHA], [BIT_DVH]) VALUES (119, 69, N'registrando en bit', 1, CAST(N'2018-09-24T15:11:47.927' AS DateTime), N'7F9460C9E033A87753767A6E721C0D62')
GO
INSERT [dbo].[BITACORA] ([BIT_ID], [BIT_USUARIO], [BIT_MENSAJE], [BIT_CRITICIDAD_ID], [BIT_FECHA], [BIT_DVH]) VALUES (120, 69, N'registrando en bit', 1, CAST(N'2018-09-24T15:11:47.937' AS DateTime), N'7F9460C9E033A87753767A6E721C0D62')
GO
INSERT [dbo].[BITACORA] ([BIT_ID], [BIT_USUARIO], [BIT_MENSAJE], [BIT_CRITICIDAD_ID], [BIT_FECHA], [BIT_DVH]) VALUES (121, 69, N'registrando en bit', 1, CAST(N'2018-09-24T15:16:11.340' AS DateTime), N'4394162E9991E58CC095B643211A4AC4')
GO
INSERT [dbo].[BITACORA] ([BIT_ID], [BIT_USUARIO], [BIT_MENSAJE], [BIT_CRITICIDAD_ID], [BIT_FECHA], [BIT_DVH]) VALUES (122, 69, N'registrando en bit', 1, CAST(N'2018-09-24T15:16:11.350' AS DateTime), N'4394162E9991E58CC095B643211A4AC4')
GO
INSERT [dbo].[BITACORA] ([BIT_ID], [BIT_USUARIO], [BIT_MENSAJE], [BIT_CRITICIDAD_ID], [BIT_FECHA], [BIT_DVH]) VALUES (123, 69, N'registrando en bit', 1, CAST(N'2018-09-24T15:16:11.357' AS DateTime), N'4394162E9991E58CC095B643211A4AC4')
GO
INSERT [dbo].[BITACORA] ([BIT_ID], [BIT_USUARIO], [BIT_MENSAJE], [BIT_CRITICIDAD_ID], [BIT_FECHA], [BIT_DVH]) VALUES (124, 69, N'registrando en bit', 1, CAST(N'2018-09-24T15:16:11.370' AS DateTime), N'4394162E9991E58CC095B643211A4AC4')
GO
INSERT [dbo].[BITACORA] ([BIT_ID], [BIT_USUARIO], [BIT_MENSAJE], [BIT_CRITICIDAD_ID], [BIT_FECHA], [BIT_DVH]) VALUES (125, 69, N'registrando en bit', 1, CAST(N'2018-09-24T15:16:11.403' AS DateTime), N'4394162E9991E58CC095B643211A4AC4')
GO
INSERT [dbo].[BITACORA] ([BIT_ID], [BIT_USUARIO], [BIT_MENSAJE], [BIT_CRITICIDAD_ID], [BIT_FECHA], [BIT_DVH]) VALUES (126, 69, N'registrando en bit', 1, CAST(N'2018-09-24T15:16:11.410' AS DateTime), N'4394162E9991E58CC095B643211A4AC4')
GO
INSERT [dbo].[BITACORA] ([BIT_ID], [BIT_USUARIO], [BIT_MENSAJE], [BIT_CRITICIDAD_ID], [BIT_FECHA], [BIT_DVH]) VALUES (127, 69, N'registrando en bit', 1, CAST(N'2018-09-24T15:16:11.417' AS DateTime), N'4394162E9991E58CC095B643211A4AC4')
GO
INSERT [dbo].[BITACORA] ([BIT_ID], [BIT_USUARIO], [BIT_MENSAJE], [BIT_CRITICIDAD_ID], [BIT_FECHA], [BIT_DVH]) VALUES (128, 69, N'registrando en bit', 1, CAST(N'2018-09-24T15:16:11.420' AS DateTime), N'4394162E9991E58CC095B643211A4AC4')
GO
INSERT [dbo].[BITACORA] ([BIT_ID], [BIT_USUARIO], [BIT_MENSAJE], [BIT_CRITICIDAD_ID], [BIT_FECHA], [BIT_DVH]) VALUES (129, 69, N'registrando en bit', 1, CAST(N'2018-09-24T15:16:11.427' AS DateTime), N'4394162E9991E58CC095B643211A4AC4')
GO
INSERT [dbo].[BITACORA] ([BIT_ID], [BIT_USUARIO], [BIT_MENSAJE], [BIT_CRITICIDAD_ID], [BIT_FECHA], [BIT_DVH]) VALUES (130, 69, N'registrando en bit', 1, CAST(N'2018-09-24T15:16:11.430' AS DateTime), N'4394162E9991E58CC095B643211A4AC4')
GO
INSERT [dbo].[BITACORA] ([BIT_ID], [BIT_USUARIO], [BIT_MENSAJE], [BIT_CRITICIDAD_ID], [BIT_FECHA], [BIT_DVH]) VALUES (131, 69, N'registrando en bit', 1, CAST(N'2018-09-24T15:16:11.437' AS DateTime), N'4394162E9991E58CC095B643211A4AC4')
GO
INSERT [dbo].[BITACORA] ([BIT_ID], [BIT_USUARIO], [BIT_MENSAJE], [BIT_CRITICIDAD_ID], [BIT_FECHA], [BIT_DVH]) VALUES (132, 69, N'registrando en bit', 1, CAST(N'2018-09-24T15:16:11.440' AS DateTime), N'4394162E9991E58CC095B643211A4AC4')
GO
INSERT [dbo].[BITACORA] ([BIT_ID], [BIT_USUARIO], [BIT_MENSAJE], [BIT_CRITICIDAD_ID], [BIT_FECHA], [BIT_DVH]) VALUES (133, 69, N'registrando en bit', 1, CAST(N'2018-09-24T15:16:11.447' AS DateTime), N'4394162E9991E58CC095B643211A4AC4')
GO
INSERT [dbo].[BITACORA] ([BIT_ID], [BIT_USUARIO], [BIT_MENSAJE], [BIT_CRITICIDAD_ID], [BIT_FECHA], [BIT_DVH]) VALUES (134, 69, N'registrando en bit', 1, CAST(N'2018-09-24T15:16:11.450' AS DateTime), N'4394162E9991E58CC095B643211A4AC4')
GO
INSERT [dbo].[BITACORA] ([BIT_ID], [BIT_USUARIO], [BIT_MENSAJE], [BIT_CRITICIDAD_ID], [BIT_FECHA], [BIT_DVH]) VALUES (135, 69, N'registrando en bit', 1, CAST(N'2018-09-24T15:16:11.457' AS DateTime), N'4394162E9991E58CC095B643211A4AC4')
GO
INSERT [dbo].[BITACORA] ([BIT_ID], [BIT_USUARIO], [BIT_MENSAJE], [BIT_CRITICIDAD_ID], [BIT_FECHA], [BIT_DVH]) VALUES (136, 69, N'registrando en bit', 1, CAST(N'2018-09-24T15:16:11.463' AS DateTime), N'4394162E9991E58CC095B643211A4AC4')
GO
INSERT [dbo].[BITACORA] ([BIT_ID], [BIT_USUARIO], [BIT_MENSAJE], [BIT_CRITICIDAD_ID], [BIT_FECHA], [BIT_DVH]) VALUES (137, 69, N'registrando en bit', 1, CAST(N'2018-09-24T15:16:11.470' AS DateTime), N'4394162E9991E58CC095B643211A4AC4')
GO
INSERT [dbo].[BITACORA] ([BIT_ID], [BIT_USUARIO], [BIT_MENSAJE], [BIT_CRITICIDAD_ID], [BIT_FECHA], [BIT_DVH]) VALUES (138, 69, N'registrando en bit', 1, CAST(N'2018-09-24T15:16:11.473' AS DateTime), N'4394162E9991E58CC095B643211A4AC4')
GO
INSERT [dbo].[BITACORA] ([BIT_ID], [BIT_USUARIO], [BIT_MENSAJE], [BIT_CRITICIDAD_ID], [BIT_FECHA], [BIT_DVH]) VALUES (139, 69, N'registrando en bit', 1, CAST(N'2018-09-24T15:16:11.480' AS DateTime), N'4394162E9991E58CC095B643211A4AC4')
GO
INSERT [dbo].[BITACORA] ([BIT_ID], [BIT_USUARIO], [BIT_MENSAJE], [BIT_CRITICIDAD_ID], [BIT_FECHA], [BIT_DVH]) VALUES (140, 69, N'registrando en bit', 1, CAST(N'2018-09-24T15:16:11.483' AS DateTime), N'4394162E9991E58CC095B643211A4AC4')
GO
INSERT [dbo].[BITACORA] ([BIT_ID], [BIT_USUARIO], [BIT_MENSAJE], [BIT_CRITICIDAD_ID], [BIT_FECHA], [BIT_DVH]) VALUES (141, 69, N'registrando en bit', 1, CAST(N'2018-09-24T15:16:26.853' AS DateTime), N'BDFDCB28956005333FC7045EF361FD9D')
GO
INSERT [dbo].[BITACORA] ([BIT_ID], [BIT_USUARIO], [BIT_MENSAJE], [BIT_CRITICIDAD_ID], [BIT_FECHA], [BIT_DVH]) VALUES (142, 69, N'registrando en bit', 1, CAST(N'2018-09-24T15:16:26.867' AS DateTime), N'BDFDCB28956005333FC7045EF361FD9D')
GO
INSERT [dbo].[BITACORA] ([BIT_ID], [BIT_USUARIO], [BIT_MENSAJE], [BIT_CRITICIDAD_ID], [BIT_FECHA], [BIT_DVH]) VALUES (143, 69, N'registrando en bit', 1, CAST(N'2018-09-24T15:16:26.873' AS DateTime), N'BDFDCB28956005333FC7045EF361FD9D')
GO
INSERT [dbo].[BITACORA] ([BIT_ID], [BIT_USUARIO], [BIT_MENSAJE], [BIT_CRITICIDAD_ID], [BIT_FECHA], [BIT_DVH]) VALUES (144, 69, N'registrando en bit', 1, CAST(N'2018-09-24T15:16:26.897' AS DateTime), N'BDFDCB28956005333FC7045EF361FD9D')
GO
INSERT [dbo].[BITACORA] ([BIT_ID], [BIT_USUARIO], [BIT_MENSAJE], [BIT_CRITICIDAD_ID], [BIT_FECHA], [BIT_DVH]) VALUES (145, 69, N'registrando en bit', 1, CAST(N'2018-09-24T15:16:26.907' AS DateTime), N'BDFDCB28956005333FC7045EF361FD9D')
GO
INSERT [dbo].[BITACORA] ([BIT_ID], [BIT_USUARIO], [BIT_MENSAJE], [BIT_CRITICIDAD_ID], [BIT_FECHA], [BIT_DVH]) VALUES (146, 69, N'registrando en bit', 1, CAST(N'2018-09-24T15:16:26.913' AS DateTime), N'BDFDCB28956005333FC7045EF361FD9D')
GO
INSERT [dbo].[BITACORA] ([BIT_ID], [BIT_USUARIO], [BIT_MENSAJE], [BIT_CRITICIDAD_ID], [BIT_FECHA], [BIT_DVH]) VALUES (147, 69, N'registrando en bit', 1, CAST(N'2018-09-24T15:16:26.920' AS DateTime), N'BDFDCB28956005333FC7045EF361FD9D')
GO
INSERT [dbo].[BITACORA] ([BIT_ID], [BIT_USUARIO], [BIT_MENSAJE], [BIT_CRITICIDAD_ID], [BIT_FECHA], [BIT_DVH]) VALUES (148, 69, N'registrando en bit', 1, CAST(N'2018-09-24T15:16:26.927' AS DateTime), N'BDFDCB28956005333FC7045EF361FD9D')
GO
INSERT [dbo].[BITACORA] ([BIT_ID], [BIT_USUARIO], [BIT_MENSAJE], [BIT_CRITICIDAD_ID], [BIT_FECHA], [BIT_DVH]) VALUES (149, 69, N'registrando en bit', 1, CAST(N'2018-09-24T15:16:26.933' AS DateTime), N'BDFDCB28956005333FC7045EF361FD9D')
GO
INSERT [dbo].[BITACORA] ([BIT_ID], [BIT_USUARIO], [BIT_MENSAJE], [BIT_CRITICIDAD_ID], [BIT_FECHA], [BIT_DVH]) VALUES (150, 69, N'registrando en bit', 1, CAST(N'2018-09-24T15:16:26.940' AS DateTime), N'BDFDCB28956005333FC7045EF361FD9D')
GO
INSERT [dbo].[BITACORA] ([BIT_ID], [BIT_USUARIO], [BIT_MENSAJE], [BIT_CRITICIDAD_ID], [BIT_FECHA], [BIT_DVH]) VALUES (151, 69, N'registrando en bit', 1, CAST(N'2018-09-24T15:16:26.953' AS DateTime), N'BDFDCB28956005333FC7045EF361FD9D')
GO
INSERT [dbo].[BITACORA] ([BIT_ID], [BIT_USUARIO], [BIT_MENSAJE], [BIT_CRITICIDAD_ID], [BIT_FECHA], [BIT_DVH]) VALUES (152, 69, N'registrando en bit', 1, CAST(N'2018-09-24T15:16:26.960' AS DateTime), N'BDFDCB28956005333FC7045EF361FD9D')
GO
INSERT [dbo].[BITACORA] ([BIT_ID], [BIT_USUARIO], [BIT_MENSAJE], [BIT_CRITICIDAD_ID], [BIT_FECHA], [BIT_DVH]) VALUES (153, 69, N'registrando en bit', 1, CAST(N'2018-09-24T15:16:26.963' AS DateTime), N'BDFDCB28956005333FC7045EF361FD9D')
GO
INSERT [dbo].[BITACORA] ([BIT_ID], [BIT_USUARIO], [BIT_MENSAJE], [BIT_CRITICIDAD_ID], [BIT_FECHA], [BIT_DVH]) VALUES (154, 69, N'registrando en bit', 1, CAST(N'2018-09-24T15:16:26.970' AS DateTime), N'BDFDCB28956005333FC7045EF361FD9D')
GO
INSERT [dbo].[BITACORA] ([BIT_ID], [BIT_USUARIO], [BIT_MENSAJE], [BIT_CRITICIDAD_ID], [BIT_FECHA], [BIT_DVH]) VALUES (155, 69, N'registrando en bit', 1, CAST(N'2018-09-24T15:16:26.977' AS DateTime), N'BDFDCB28956005333FC7045EF361FD9D')
GO
INSERT [dbo].[BITACORA] ([BIT_ID], [BIT_USUARIO], [BIT_MENSAJE], [BIT_CRITICIDAD_ID], [BIT_FECHA], [BIT_DVH]) VALUES (156, 69, N'registrando en bit', 1, CAST(N'2018-09-24T15:16:26.983' AS DateTime), N'BDFDCB28956005333FC7045EF361FD9D')
GO
INSERT [dbo].[BITACORA] ([BIT_ID], [BIT_USUARIO], [BIT_MENSAJE], [BIT_CRITICIDAD_ID], [BIT_FECHA], [BIT_DVH]) VALUES (157, 69, N'registrando en bit', 1, CAST(N'2018-09-24T15:16:26.987' AS DateTime), N'BDFDCB28956005333FC7045EF361FD9D')
GO
INSERT [dbo].[BITACORA] ([BIT_ID], [BIT_USUARIO], [BIT_MENSAJE], [BIT_CRITICIDAD_ID], [BIT_FECHA], [BIT_DVH]) VALUES (158, 69, N'registrando en bit', 1, CAST(N'2018-09-24T15:16:26.993' AS DateTime), N'BDFDCB28956005333FC7045EF361FD9D')
GO
INSERT [dbo].[BITACORA] ([BIT_ID], [BIT_USUARIO], [BIT_MENSAJE], [BIT_CRITICIDAD_ID], [BIT_FECHA], [BIT_DVH]) VALUES (159, 69, N'registrando en bit', 1, CAST(N'2018-09-24T15:16:27.027' AS DateTime), N'5B25D2E41DE10DB2C41648F34DDB9227')
GO
INSERT [dbo].[BITACORA] ([BIT_ID], [BIT_USUARIO], [BIT_MENSAJE], [BIT_CRITICIDAD_ID], [BIT_FECHA], [BIT_DVH]) VALUES (160, 69, N'registrando en bit', 1, CAST(N'2018-09-24T15:16:27.043' AS DateTime), N'5B25D2E41DE10DB2C41648F34DDB9227')
GO
INSERT [dbo].[BITACORA] ([BIT_ID], [BIT_USUARIO], [BIT_MENSAJE], [BIT_CRITICIDAD_ID], [BIT_FECHA], [BIT_DVH]) VALUES (161, 69, N'registrando en bit', 1, CAST(N'2018-09-24T15:16:39.653' AS DateTime), N'3FAADFE60BA8AA63E8DFA61EE8FB573C')
GO
INSERT [dbo].[BITACORA] ([BIT_ID], [BIT_USUARIO], [BIT_MENSAJE], [BIT_CRITICIDAD_ID], [BIT_FECHA], [BIT_DVH]) VALUES (162, 69, N'registrando en bit', 1, CAST(N'2018-09-24T15:16:39.667' AS DateTime), N'3FAADFE60BA8AA63E8DFA61EE8FB573C')
GO
INSERT [dbo].[BITACORA] ([BIT_ID], [BIT_USUARIO], [BIT_MENSAJE], [BIT_CRITICIDAD_ID], [BIT_FECHA], [BIT_DVH]) VALUES (163, 69, N'registrando en bit', 1, CAST(N'2018-09-24T15:16:39.687' AS DateTime), N'3FAADFE60BA8AA63E8DFA61EE8FB573C')
GO
INSERT [dbo].[BITACORA] ([BIT_ID], [BIT_USUARIO], [BIT_MENSAJE], [BIT_CRITICIDAD_ID], [BIT_FECHA], [BIT_DVH]) VALUES (164, 69, N'registrando en bit', 1, CAST(N'2018-09-24T15:16:39.693' AS DateTime), N'3FAADFE60BA8AA63E8DFA61EE8FB573C')
GO
INSERT [dbo].[BITACORA] ([BIT_ID], [BIT_USUARIO], [BIT_MENSAJE], [BIT_CRITICIDAD_ID], [BIT_FECHA], [BIT_DVH]) VALUES (165, 69, N'registrando en bit', 1, CAST(N'2018-09-24T15:16:39.710' AS DateTime), N'3FAADFE60BA8AA63E8DFA61EE8FB573C')
GO
INSERT [dbo].[BITACORA] ([BIT_ID], [BIT_USUARIO], [BIT_MENSAJE], [BIT_CRITICIDAD_ID], [BIT_FECHA], [BIT_DVH]) VALUES (166, 69, N'registrando en bit', 1, CAST(N'2018-09-24T15:16:39.717' AS DateTime), N'3FAADFE60BA8AA63E8DFA61EE8FB573C')
GO
INSERT [dbo].[BITACORA] ([BIT_ID], [BIT_USUARIO], [BIT_MENSAJE], [BIT_CRITICIDAD_ID], [BIT_FECHA], [BIT_DVH]) VALUES (167, 69, N'registrando en bit', 1, CAST(N'2018-09-24T15:16:39.723' AS DateTime), N'3FAADFE60BA8AA63E8DFA61EE8FB573C')
GO
INSERT [dbo].[BITACORA] ([BIT_ID], [BIT_USUARIO], [BIT_MENSAJE], [BIT_CRITICIDAD_ID], [BIT_FECHA], [BIT_DVH]) VALUES (168, 69, N'registrando en bit', 1, CAST(N'2018-09-24T15:16:39.727' AS DateTime), N'3FAADFE60BA8AA63E8DFA61EE8FB573C')
GO
INSERT [dbo].[BITACORA] ([BIT_ID], [BIT_USUARIO], [BIT_MENSAJE], [BIT_CRITICIDAD_ID], [BIT_FECHA], [BIT_DVH]) VALUES (169, 69, N'registrando en bit', 1, CAST(N'2018-09-24T15:16:39.733' AS DateTime), N'3FAADFE60BA8AA63E8DFA61EE8FB573C')
GO
INSERT [dbo].[BITACORA] ([BIT_ID], [BIT_USUARIO], [BIT_MENSAJE], [BIT_CRITICIDAD_ID], [BIT_FECHA], [BIT_DVH]) VALUES (170, 69, N'registrando en bit', 1, CAST(N'2018-09-24T15:16:39.740' AS DateTime), N'3FAADFE60BA8AA63E8DFA61EE8FB573C')
GO
INSERT [dbo].[BITACORA] ([BIT_ID], [BIT_USUARIO], [BIT_MENSAJE], [BIT_CRITICIDAD_ID], [BIT_FECHA], [BIT_DVH]) VALUES (171, 69, N'registrando en bit', 1, CAST(N'2018-09-24T15:16:39.743' AS DateTime), N'3FAADFE60BA8AA63E8DFA61EE8FB573C')
GO
INSERT [dbo].[BITACORA] ([BIT_ID], [BIT_USUARIO], [BIT_MENSAJE], [BIT_CRITICIDAD_ID], [BIT_FECHA], [BIT_DVH]) VALUES (172, 69, N'registrando en bit', 1, CAST(N'2018-09-24T15:16:39.760' AS DateTime), N'3FAADFE60BA8AA63E8DFA61EE8FB573C')
GO
INSERT [dbo].[BITACORA] ([BIT_ID], [BIT_USUARIO], [BIT_MENSAJE], [BIT_CRITICIDAD_ID], [BIT_FECHA], [BIT_DVH]) VALUES (173, 69, N'registrando en bit', 1, CAST(N'2018-09-24T15:16:39.767' AS DateTime), N'3FAADFE60BA8AA63E8DFA61EE8FB573C')
GO
INSERT [dbo].[BITACORA] ([BIT_ID], [BIT_USUARIO], [BIT_MENSAJE], [BIT_CRITICIDAD_ID], [BIT_FECHA], [BIT_DVH]) VALUES (174, 69, N'registrando en bit', 1, CAST(N'2018-09-24T15:16:39.773' AS DateTime), N'3FAADFE60BA8AA63E8DFA61EE8FB573C')
GO
INSERT [dbo].[BITACORA] ([BIT_ID], [BIT_USUARIO], [BIT_MENSAJE], [BIT_CRITICIDAD_ID], [BIT_FECHA], [BIT_DVH]) VALUES (175, 69, N'registrando en bit', 1, CAST(N'2018-09-24T15:16:39.777' AS DateTime), N'3FAADFE60BA8AA63E8DFA61EE8FB573C')
GO
INSERT [dbo].[BITACORA] ([BIT_ID], [BIT_USUARIO], [BIT_MENSAJE], [BIT_CRITICIDAD_ID], [BIT_FECHA], [BIT_DVH]) VALUES (176, 69, N'registrando en bit', 1, CAST(N'2018-09-24T15:16:39.783' AS DateTime), N'3FAADFE60BA8AA63E8DFA61EE8FB573C')
GO
INSERT [dbo].[BITACORA] ([BIT_ID], [BIT_USUARIO], [BIT_MENSAJE], [BIT_CRITICIDAD_ID], [BIT_FECHA], [BIT_DVH]) VALUES (177, 69, N'registrando en bit', 1, CAST(N'2018-09-24T15:16:39.790' AS DateTime), N'3FAADFE60BA8AA63E8DFA61EE8FB573C')
GO
INSERT [dbo].[BITACORA] ([BIT_ID], [BIT_USUARIO], [BIT_MENSAJE], [BIT_CRITICIDAD_ID], [BIT_FECHA], [BIT_DVH]) VALUES (178, 69, N'registrando en bit', 1, CAST(N'2018-09-24T15:16:39.797' AS DateTime), N'3FAADFE60BA8AA63E8DFA61EE8FB573C')
GO
INSERT [dbo].[BITACORA] ([BIT_ID], [BIT_USUARIO], [BIT_MENSAJE], [BIT_CRITICIDAD_ID], [BIT_FECHA], [BIT_DVH]) VALUES (179, 69, N'registrando en bit', 1, CAST(N'2018-09-24T15:16:39.803' AS DateTime), N'3FAADFE60BA8AA63E8DFA61EE8FB573C')
GO
INSERT [dbo].[BITACORA] ([BIT_ID], [BIT_USUARIO], [BIT_MENSAJE], [BIT_CRITICIDAD_ID], [BIT_FECHA], [BIT_DVH]) VALUES (180, 69, N'registrando en bit', 1, CAST(N'2018-09-24T15:16:39.820' AS DateTime), N'3FAADFE60BA8AA63E8DFA61EE8FB573C')
GO
INSERT [dbo].[BITACORA] ([BIT_ID], [BIT_USUARIO], [BIT_MENSAJE], [BIT_CRITICIDAD_ID], [BIT_FECHA], [BIT_DVH]) VALUES (181, 69, N'registrando en bit', 1, CAST(N'2018-09-24T15:20:39.907' AS DateTime), N'5DDEB192FE1580FBFAF3A37333164EFA')
GO
INSERT [dbo].[BITACORA] ([BIT_ID], [BIT_USUARIO], [BIT_MENSAJE], [BIT_CRITICIDAD_ID], [BIT_FECHA], [BIT_DVH]) VALUES (182, 69, N'registrando en bit', 1, CAST(N'2018-09-24T15:20:39.917' AS DateTime), N'5DDEB192FE1580FBFAF3A37333164EFA')
GO
INSERT [dbo].[BITACORA] ([BIT_ID], [BIT_USUARIO], [BIT_MENSAJE], [BIT_CRITICIDAD_ID], [BIT_FECHA], [BIT_DVH]) VALUES (183, 69, N'registrando en bit', 1, CAST(N'2018-09-24T15:20:39.923' AS DateTime), N'5DDEB192FE1580FBFAF3A37333164EFA')
GO
INSERT [dbo].[BITACORA] ([BIT_ID], [BIT_USUARIO], [BIT_MENSAJE], [BIT_CRITICIDAD_ID], [BIT_FECHA], [BIT_DVH]) VALUES (184, 69, N'registrando en bit', 1, CAST(N'2018-09-24T15:20:39.930' AS DateTime), N'5DDEB192FE1580FBFAF3A37333164EFA')
GO
INSERT [dbo].[BITACORA] ([BIT_ID], [BIT_USUARIO], [BIT_MENSAJE], [BIT_CRITICIDAD_ID], [BIT_FECHA], [BIT_DVH]) VALUES (185, 69, N'registrando en bit', 1, CAST(N'2018-09-24T15:20:39.937' AS DateTime), N'5DDEB192FE1580FBFAF3A37333164EFA')
GO
INSERT [dbo].[BITACORA] ([BIT_ID], [BIT_USUARIO], [BIT_MENSAJE], [BIT_CRITICIDAD_ID], [BIT_FECHA], [BIT_DVH]) VALUES (186, 69, N'registrando en bit', 1, CAST(N'2018-09-24T15:20:39.943' AS DateTime), N'5DDEB192FE1580FBFAF3A37333164EFA')
GO
INSERT [dbo].[BITACORA] ([BIT_ID], [BIT_USUARIO], [BIT_MENSAJE], [BIT_CRITICIDAD_ID], [BIT_FECHA], [BIT_DVH]) VALUES (187, 69, N'registrando en bit', 1, CAST(N'2018-09-24T15:20:39.947' AS DateTime), N'5DDEB192FE1580FBFAF3A37333164EFA')
GO
INSERT [dbo].[BITACORA] ([BIT_ID], [BIT_USUARIO], [BIT_MENSAJE], [BIT_CRITICIDAD_ID], [BIT_FECHA], [BIT_DVH]) VALUES (188, 69, N'registrando en bit', 1, CAST(N'2018-09-24T15:20:39.953' AS DateTime), N'5DDEB192FE1580FBFAF3A37333164EFA')
GO
INSERT [dbo].[BITACORA] ([BIT_ID], [BIT_USUARIO], [BIT_MENSAJE], [BIT_CRITICIDAD_ID], [BIT_FECHA], [BIT_DVH]) VALUES (189, 69, N'registrando en bit', 1, CAST(N'2018-09-24T15:20:39.967' AS DateTime), N'5DDEB192FE1580FBFAF3A37333164EFA')
GO
INSERT [dbo].[BITACORA] ([BIT_ID], [BIT_USUARIO], [BIT_MENSAJE], [BIT_CRITICIDAD_ID], [BIT_FECHA], [BIT_DVH]) VALUES (190, 69, N'registrando en bit', 1, CAST(N'2018-09-24T15:20:39.973' AS DateTime), N'5DDEB192FE1580FBFAF3A37333164EFA')
GO
INSERT [dbo].[BITACORA] ([BIT_ID], [BIT_USUARIO], [BIT_MENSAJE], [BIT_CRITICIDAD_ID], [BIT_FECHA], [BIT_DVH]) VALUES (191, 69, N'registrando en bit', 1, CAST(N'2018-09-24T15:20:39.977' AS DateTime), N'5DDEB192FE1580FBFAF3A37333164EFA')
GO
INSERT [dbo].[BITACORA] ([BIT_ID], [BIT_USUARIO], [BIT_MENSAJE], [BIT_CRITICIDAD_ID], [BIT_FECHA], [BIT_DVH]) VALUES (192, 69, N'registrando en bit', 1, CAST(N'2018-09-24T15:20:39.983' AS DateTime), N'5DDEB192FE1580FBFAF3A37333164EFA')
GO
INSERT [dbo].[BITACORA] ([BIT_ID], [BIT_USUARIO], [BIT_MENSAJE], [BIT_CRITICIDAD_ID], [BIT_FECHA], [BIT_DVH]) VALUES (193, 69, N'registrando en bit', 1, CAST(N'2018-09-24T15:20:39.987' AS DateTime), N'5DDEB192FE1580FBFAF3A37333164EFA')
GO
INSERT [dbo].[BITACORA] ([BIT_ID], [BIT_USUARIO], [BIT_MENSAJE], [BIT_CRITICIDAD_ID], [BIT_FECHA], [BIT_DVH]) VALUES (194, 69, N'registrando en bit', 1, CAST(N'2018-09-24T15:20:39.993' AS DateTime), N'5DDEB192FE1580FBFAF3A37333164EFA')
GO
INSERT [dbo].[BITACORA] ([BIT_ID], [BIT_USUARIO], [BIT_MENSAJE], [BIT_CRITICIDAD_ID], [BIT_FECHA], [BIT_DVH]) VALUES (195, 69, N'registrando en bit', 1, CAST(N'2018-09-24T15:20:39.997' AS DateTime), N'5DDEB192FE1580FBFAF3A37333164EFA')
GO
INSERT [dbo].[BITACORA] ([BIT_ID], [BIT_USUARIO], [BIT_MENSAJE], [BIT_CRITICIDAD_ID], [BIT_FECHA], [BIT_DVH]) VALUES (196, 69, N'registrando en bit', 1, CAST(N'2018-09-24T15:20:40.013' AS DateTime), N'B0B1070469FDA98430790D9C55670E28')
GO
INSERT [dbo].[BITACORA] ([BIT_ID], [BIT_USUARIO], [BIT_MENSAJE], [BIT_CRITICIDAD_ID], [BIT_FECHA], [BIT_DVH]) VALUES (197, 69, N'registrando en bit', 1, CAST(N'2018-09-24T15:20:40.020' AS DateTime), N'B0B1070469FDA98430790D9C55670E28')
GO
INSERT [dbo].[BITACORA] ([BIT_ID], [BIT_USUARIO], [BIT_MENSAJE], [BIT_CRITICIDAD_ID], [BIT_FECHA], [BIT_DVH]) VALUES (198, 69, N'registrando en bit', 1, CAST(N'2018-09-24T15:20:40.027' AS DateTime), N'B0B1070469FDA98430790D9C55670E28')
GO
INSERT [dbo].[BITACORA] ([BIT_ID], [BIT_USUARIO], [BIT_MENSAJE], [BIT_CRITICIDAD_ID], [BIT_FECHA], [BIT_DVH]) VALUES (199, 69, N'registrando en bit', 1, CAST(N'2018-09-24T15:20:40.030' AS DateTime), N'B0B1070469FDA98430790D9C55670E28')
GO
INSERT [dbo].[BITACORA] ([BIT_ID], [BIT_USUARIO], [BIT_MENSAJE], [BIT_CRITICIDAD_ID], [BIT_FECHA], [BIT_DVH]) VALUES (200, 69, N'registrando en bit', 1, CAST(N'2018-09-24T15:20:40.037' AS DateTime), N'B0B1070469FDA98430790D9C55670E28')
GO
INSERT [dbo].[BITACORA] ([BIT_ID], [BIT_USUARIO], [BIT_MENSAJE], [BIT_CRITICIDAD_ID], [BIT_FECHA], [BIT_DVH]) VALUES (201, 69, N'registrando en bit', 1, CAST(N'2018-09-24T15:21:01.310' AS DateTime), N'F0818E135A0AB273CCF21B330FC452AD')
GO
INSERT [dbo].[BITACORA] ([BIT_ID], [BIT_USUARIO], [BIT_MENSAJE], [BIT_CRITICIDAD_ID], [BIT_FECHA], [BIT_DVH]) VALUES (202, 69, N'registrando en bit', 1, CAST(N'2018-09-24T15:21:01.320' AS DateTime), N'F0818E135A0AB273CCF21B330FC452AD')
GO
INSERT [dbo].[BITACORA] ([BIT_ID], [BIT_USUARIO], [BIT_MENSAJE], [BIT_CRITICIDAD_ID], [BIT_FECHA], [BIT_DVH]) VALUES (203, 69, N'registrando en bit', 1, CAST(N'2018-09-24T15:21:01.330' AS DateTime), N'F0818E135A0AB273CCF21B330FC452AD')
GO
INSERT [dbo].[BITACORA] ([BIT_ID], [BIT_USUARIO], [BIT_MENSAJE], [BIT_CRITICIDAD_ID], [BIT_FECHA], [BIT_DVH]) VALUES (204, 69, N'registrando en bit', 1, CAST(N'2018-09-24T15:21:01.333' AS DateTime), N'F0818E135A0AB273CCF21B330FC452AD')
GO
INSERT [dbo].[BITACORA] ([BIT_ID], [BIT_USUARIO], [BIT_MENSAJE], [BIT_CRITICIDAD_ID], [BIT_FECHA], [BIT_DVH]) VALUES (205, 69, N'registrando en bit', 1, CAST(N'2018-09-24T15:21:01.337' AS DateTime), N'F0818E135A0AB273CCF21B330FC452AD')
GO
INSERT [dbo].[BITACORA] ([BIT_ID], [BIT_USUARIO], [BIT_MENSAJE], [BIT_CRITICIDAD_ID], [BIT_FECHA], [BIT_DVH]) VALUES (206, 69, N'registrando en bit', 1, CAST(N'2018-09-24T15:21:01.343' AS DateTime), N'F0818E135A0AB273CCF21B330FC452AD')
GO
INSERT [dbo].[BITACORA] ([BIT_ID], [BIT_USUARIO], [BIT_MENSAJE], [BIT_CRITICIDAD_ID], [BIT_FECHA], [BIT_DVH]) VALUES (207, 69, N'registrando en bit', 1, CAST(N'2018-09-24T15:21:01.347' AS DateTime), N'F0818E135A0AB273CCF21B330FC452AD')
GO
INSERT [dbo].[BITACORA] ([BIT_ID], [BIT_USUARIO], [BIT_MENSAJE], [BIT_CRITICIDAD_ID], [BIT_FECHA], [BIT_DVH]) VALUES (208, 69, N'registrando en bit', 1, CAST(N'2018-09-24T15:21:01.353' AS DateTime), N'F0818E135A0AB273CCF21B330FC452AD')
GO
INSERT [dbo].[BITACORA] ([BIT_ID], [BIT_USUARIO], [BIT_MENSAJE], [BIT_CRITICIDAD_ID], [BIT_FECHA], [BIT_DVH]) VALUES (209, 69, N'registrando en bit', 1, CAST(N'2018-09-24T15:21:01.360' AS DateTime), N'F0818E135A0AB273CCF21B330FC452AD')
GO
INSERT [dbo].[BITACORA] ([BIT_ID], [BIT_USUARIO], [BIT_MENSAJE], [BIT_CRITICIDAD_ID], [BIT_FECHA], [BIT_DVH]) VALUES (210, 69, N'registrando en bit', 1, CAST(N'2018-09-24T15:21:01.363' AS DateTime), N'F0818E135A0AB273CCF21B330FC452AD')
GO
INSERT [dbo].[BITACORA] ([BIT_ID], [BIT_USUARIO], [BIT_MENSAJE], [BIT_CRITICIDAD_ID], [BIT_FECHA], [BIT_DVH]) VALUES (211, 69, N'registrando en bit', 1, CAST(N'2018-09-24T15:21:01.370' AS DateTime), N'F0818E135A0AB273CCF21B330FC452AD')
GO
INSERT [dbo].[BITACORA] ([BIT_ID], [BIT_USUARIO], [BIT_MENSAJE], [BIT_CRITICIDAD_ID], [BIT_FECHA], [BIT_DVH]) VALUES (212, 69, N'registrando en bit', 1, CAST(N'2018-09-24T15:21:01.373' AS DateTime), N'F0818E135A0AB273CCF21B330FC452AD')
GO
INSERT [dbo].[BITACORA] ([BIT_ID], [BIT_USUARIO], [BIT_MENSAJE], [BIT_CRITICIDAD_ID], [BIT_FECHA], [BIT_DVH]) VALUES (213, 69, N'registrando en bit', 1, CAST(N'2018-09-24T15:21:01.377' AS DateTime), N'F0818E135A0AB273CCF21B330FC452AD')
GO
INSERT [dbo].[BITACORA] ([BIT_ID], [BIT_USUARIO], [BIT_MENSAJE], [BIT_CRITICIDAD_ID], [BIT_FECHA], [BIT_DVH]) VALUES (214, 69, N'registrando en bit', 1, CAST(N'2018-09-24T15:21:01.383' AS DateTime), N'F0818E135A0AB273CCF21B330FC452AD')
GO
INSERT [dbo].[BITACORA] ([BIT_ID], [BIT_USUARIO], [BIT_MENSAJE], [BIT_CRITICIDAD_ID], [BIT_FECHA], [BIT_DVH]) VALUES (215, 69, N'registrando en bit', 1, CAST(N'2018-09-24T15:21:01.387' AS DateTime), N'F0818E135A0AB273CCF21B330FC452AD')
GO
INSERT [dbo].[BITACORA] ([BIT_ID], [BIT_USUARIO], [BIT_MENSAJE], [BIT_CRITICIDAD_ID], [BIT_FECHA], [BIT_DVH]) VALUES (216, 69, N'registrando en bit', 1, CAST(N'2018-09-24T15:21:01.393' AS DateTime), N'F0818E135A0AB273CCF21B330FC452AD')
GO
INSERT [dbo].[BITACORA] ([BIT_ID], [BIT_USUARIO], [BIT_MENSAJE], [BIT_CRITICIDAD_ID], [BIT_FECHA], [BIT_DVH]) VALUES (217, 69, N'registrando en bit', 1, CAST(N'2018-09-24T15:21:01.397' AS DateTime), N'F0818E135A0AB273CCF21B330FC452AD')
GO
INSERT [dbo].[BITACORA] ([BIT_ID], [BIT_USUARIO], [BIT_MENSAJE], [BIT_CRITICIDAD_ID], [BIT_FECHA], [BIT_DVH]) VALUES (218, 69, N'registrando en bit', 1, CAST(N'2018-09-24T15:21:01.403' AS DateTime), N'F0818E135A0AB273CCF21B330FC452AD')
GO
INSERT [dbo].[BITACORA] ([BIT_ID], [BIT_USUARIO], [BIT_MENSAJE], [BIT_CRITICIDAD_ID], [BIT_FECHA], [BIT_DVH]) VALUES (219, 69, N'registrando en bit', 1, CAST(N'2018-09-24T15:21:01.410' AS DateTime), N'F0818E135A0AB273CCF21B330FC452AD')
GO
INSERT [dbo].[BITACORA] ([BIT_ID], [BIT_USUARIO], [BIT_MENSAJE], [BIT_CRITICIDAD_ID], [BIT_FECHA], [BIT_DVH]) VALUES (220, 69, N'registrando en bit', 1, CAST(N'2018-09-24T15:21:01.413' AS DateTime), N'F0818E135A0AB273CCF21B330FC452AD')
GO
INSERT [dbo].[BITACORA] ([BIT_ID], [BIT_USUARIO], [BIT_MENSAJE], [BIT_CRITICIDAD_ID], [BIT_FECHA], [BIT_DVH]) VALUES (221, 69, N'registrando en bit', 1, CAST(N'2018-09-24T15:21:18.667' AS DateTime), N'0C80DAECB5907998AE10A40813318CB9')
GO
INSERT [dbo].[BITACORA] ([BIT_ID], [BIT_USUARIO], [BIT_MENSAJE], [BIT_CRITICIDAD_ID], [BIT_FECHA], [BIT_DVH]) VALUES (222, 69, N'registrando en bit', 1, CAST(N'2018-09-24T15:21:18.677' AS DateTime), N'0C80DAECB5907998AE10A40813318CB9')
GO
INSERT [dbo].[BITACORA] ([BIT_ID], [BIT_USUARIO], [BIT_MENSAJE], [BIT_CRITICIDAD_ID], [BIT_FECHA], [BIT_DVH]) VALUES (223, 69, N'registrando en bit', 1, CAST(N'2018-09-24T15:21:18.687' AS DateTime), N'0C80DAECB5907998AE10A40813318CB9')
GO
INSERT [dbo].[BITACORA] ([BIT_ID], [BIT_USUARIO], [BIT_MENSAJE], [BIT_CRITICIDAD_ID], [BIT_FECHA], [BIT_DVH]) VALUES (224, 69, N'registrando en bit', 1, CAST(N'2018-09-24T15:21:18.690' AS DateTime), N'0C80DAECB5907998AE10A40813318CB9')
GO
INSERT [dbo].[BITACORA] ([BIT_ID], [BIT_USUARIO], [BIT_MENSAJE], [BIT_CRITICIDAD_ID], [BIT_FECHA], [BIT_DVH]) VALUES (225, 69, N'registrando en bit', 1, CAST(N'2018-09-24T15:21:18.703' AS DateTime), N'0C80DAECB5907998AE10A40813318CB9')
GO
INSERT [dbo].[BITACORA] ([BIT_ID], [BIT_USUARIO], [BIT_MENSAJE], [BIT_CRITICIDAD_ID], [BIT_FECHA], [BIT_DVH]) VALUES (226, 69, N'registrando en bit', 1, CAST(N'2018-09-24T15:21:18.710' AS DateTime), N'0C80DAECB5907998AE10A40813318CB9')
GO
INSERT [dbo].[BITACORA] ([BIT_ID], [BIT_USUARIO], [BIT_MENSAJE], [BIT_CRITICIDAD_ID], [BIT_FECHA], [BIT_DVH]) VALUES (227, 69, N'registrando en bit', 1, CAST(N'2018-09-24T15:21:18.717' AS DateTime), N'0C80DAECB5907998AE10A40813318CB9')
GO
INSERT [dbo].[BITACORA] ([BIT_ID], [BIT_USUARIO], [BIT_MENSAJE], [BIT_CRITICIDAD_ID], [BIT_FECHA], [BIT_DVH]) VALUES (228, 69, N'registrando en bit', 1, CAST(N'2018-09-24T15:21:18.723' AS DateTime), N'0C80DAECB5907998AE10A40813318CB9')
GO
INSERT [dbo].[BITACORA] ([BIT_ID], [BIT_USUARIO], [BIT_MENSAJE], [BIT_CRITICIDAD_ID], [BIT_FECHA], [BIT_DVH]) VALUES (229, 69, N'registrando en bit', 1, CAST(N'2018-09-24T15:21:18.730' AS DateTime), N'0C80DAECB5907998AE10A40813318CB9')
GO
INSERT [dbo].[BITACORA] ([BIT_ID], [BIT_USUARIO], [BIT_MENSAJE], [BIT_CRITICIDAD_ID], [BIT_FECHA], [BIT_DVH]) VALUES (230, 69, N'registrando en bit', 1, CAST(N'2018-09-24T15:21:18.737' AS DateTime), N'0C80DAECB5907998AE10A40813318CB9')
GO
INSERT [dbo].[BITACORA] ([BIT_ID], [BIT_USUARIO], [BIT_MENSAJE], [BIT_CRITICIDAD_ID], [BIT_FECHA], [BIT_DVH]) VALUES (231, 69, N'registrando en bit', 1, CAST(N'2018-09-24T15:21:18.740' AS DateTime), N'0C80DAECB5907998AE10A40813318CB9')
GO
INSERT [dbo].[BITACORA] ([BIT_ID], [BIT_USUARIO], [BIT_MENSAJE], [BIT_CRITICIDAD_ID], [BIT_FECHA], [BIT_DVH]) VALUES (232, 69, N'registrando en bit', 1, CAST(N'2018-09-24T15:21:18.747' AS DateTime), N'0C80DAECB5907998AE10A40813318CB9')
GO
INSERT [dbo].[BITACORA] ([BIT_ID], [BIT_USUARIO], [BIT_MENSAJE], [BIT_CRITICIDAD_ID], [BIT_FECHA], [BIT_DVH]) VALUES (233, 69, N'registrando en bit', 1, CAST(N'2018-09-24T15:21:18.753' AS DateTime), N'0C80DAECB5907998AE10A40813318CB9')
GO
INSERT [dbo].[BITACORA] ([BIT_ID], [BIT_USUARIO], [BIT_MENSAJE], [BIT_CRITICIDAD_ID], [BIT_FECHA], [BIT_DVH]) VALUES (234, 69, N'registrando en bit', 1, CAST(N'2018-09-24T15:21:18.760' AS DateTime), N'0C80DAECB5907998AE10A40813318CB9')
GO
INSERT [dbo].[BITACORA] ([BIT_ID], [BIT_USUARIO], [BIT_MENSAJE], [BIT_CRITICIDAD_ID], [BIT_FECHA], [BIT_DVH]) VALUES (235, 69, N'registrando en bit', 1, CAST(N'2018-09-24T15:21:18.763' AS DateTime), N'0C80DAECB5907998AE10A40813318CB9')
GO
INSERT [dbo].[BITACORA] ([BIT_ID], [BIT_USUARIO], [BIT_MENSAJE], [BIT_CRITICIDAD_ID], [BIT_FECHA], [BIT_DVH]) VALUES (236, 69, N'registrando en bit', 1, CAST(N'2018-09-24T15:21:18.770' AS DateTime), N'0C80DAECB5907998AE10A40813318CB9')
GO
INSERT [dbo].[BITACORA] ([BIT_ID], [BIT_USUARIO], [BIT_MENSAJE], [BIT_CRITICIDAD_ID], [BIT_FECHA], [BIT_DVH]) VALUES (237, 69, N'registrando en bit', 1, CAST(N'2018-09-24T15:21:18.777' AS DateTime), N'0C80DAECB5907998AE10A40813318CB9')
GO
INSERT [dbo].[BITACORA] ([BIT_ID], [BIT_USUARIO], [BIT_MENSAJE], [BIT_CRITICIDAD_ID], [BIT_FECHA], [BIT_DVH]) VALUES (238, 69, N'registrando en bit', 1, CAST(N'2018-09-24T15:21:18.800' AS DateTime), N'0C80DAECB5907998AE10A40813318CB9')
GO
INSERT [dbo].[BITACORA] ([BIT_ID], [BIT_USUARIO], [BIT_MENSAJE], [BIT_CRITICIDAD_ID], [BIT_FECHA], [BIT_DVH]) VALUES (239, 69, N'registrando en bit', 1, CAST(N'2018-09-24T15:21:18.807' AS DateTime), N'0C80DAECB5907998AE10A40813318CB9')
GO
INSERT [dbo].[BITACORA] ([BIT_ID], [BIT_USUARIO], [BIT_MENSAJE], [BIT_CRITICIDAD_ID], [BIT_FECHA], [BIT_DVH]) VALUES (240, 69, N'registrando en bit', 1, CAST(N'2018-09-24T15:21:18.810' AS DateTime), N'0C80DAECB5907998AE10A40813318CB9')
GO
INSERT [dbo].[BITACORA] ([BIT_ID], [BIT_USUARIO], [BIT_MENSAJE], [BIT_CRITICIDAD_ID], [BIT_FECHA], [BIT_DVH]) VALUES (241, 69, N'registrando en bit', 1, CAST(N'2018-09-24T15:22:54.697' AS DateTime), N'7AE81A1723DAF70F84A520E43B543E93')
GO
INSERT [dbo].[BITACORA] ([BIT_ID], [BIT_USUARIO], [BIT_MENSAJE], [BIT_CRITICIDAD_ID], [BIT_FECHA], [BIT_DVH]) VALUES (242, 69, N'registrando en bit', 1, CAST(N'2018-09-24T15:22:54.730' AS DateTime), N'7AE81A1723DAF70F84A520E43B543E93')
GO
INSERT [dbo].[BITACORA] ([BIT_ID], [BIT_USUARIO], [BIT_MENSAJE], [BIT_CRITICIDAD_ID], [BIT_FECHA], [BIT_DVH]) VALUES (243, 69, N'registrando en bit', 1, CAST(N'2018-09-24T15:22:54.740' AS DateTime), N'7AE81A1723DAF70F84A520E43B543E93')
GO
INSERT [dbo].[BITACORA] ([BIT_ID], [BIT_USUARIO], [BIT_MENSAJE], [BIT_CRITICIDAD_ID], [BIT_FECHA], [BIT_DVH]) VALUES (244, 69, N'registrando en bit', 1, CAST(N'2018-09-24T15:22:54.747' AS DateTime), N'7AE81A1723DAF70F84A520E43B543E93')
GO
INSERT [dbo].[BITACORA] ([BIT_ID], [BIT_USUARIO], [BIT_MENSAJE], [BIT_CRITICIDAD_ID], [BIT_FECHA], [BIT_DVH]) VALUES (245, 69, N'registrando en bit', 1, CAST(N'2018-09-24T15:22:54.753' AS DateTime), N'7AE81A1723DAF70F84A520E43B543E93')
GO
INSERT [dbo].[BITACORA] ([BIT_ID], [BIT_USUARIO], [BIT_MENSAJE], [BIT_CRITICIDAD_ID], [BIT_FECHA], [BIT_DVH]) VALUES (246, 69, N'registrando en bit', 1, CAST(N'2018-09-24T15:22:54.760' AS DateTime), N'7AE81A1723DAF70F84A520E43B543E93')
GO
INSERT [dbo].[BITACORA] ([BIT_ID], [BIT_USUARIO], [BIT_MENSAJE], [BIT_CRITICIDAD_ID], [BIT_FECHA], [BIT_DVH]) VALUES (247, 69, N'registrando en bit', 1, CAST(N'2018-09-24T15:22:54.763' AS DateTime), N'7AE81A1723DAF70F84A520E43B543E93')
GO
INSERT [dbo].[BITACORA] ([BIT_ID], [BIT_USUARIO], [BIT_MENSAJE], [BIT_CRITICIDAD_ID], [BIT_FECHA], [BIT_DVH]) VALUES (248, 69, N'registrando en bit', 1, CAST(N'2018-09-24T15:22:54.773' AS DateTime), N'7AE81A1723DAF70F84A520E43B543E93')
GO
INSERT [dbo].[BITACORA] ([BIT_ID], [BIT_USUARIO], [BIT_MENSAJE], [BIT_CRITICIDAD_ID], [BIT_FECHA], [BIT_DVH]) VALUES (249, 69, N'registrando en bit', 1, CAST(N'2018-09-24T15:22:54.777' AS DateTime), N'7AE81A1723DAF70F84A520E43B543E93')
GO
INSERT [dbo].[BITACORA] ([BIT_ID], [BIT_USUARIO], [BIT_MENSAJE], [BIT_CRITICIDAD_ID], [BIT_FECHA], [BIT_DVH]) VALUES (250, 69, N'registrando en bit', 1, CAST(N'2018-09-24T15:22:54.783' AS DateTime), N'7AE81A1723DAF70F84A520E43B543E93')
GO
INSERT [dbo].[BITACORA] ([BIT_ID], [BIT_USUARIO], [BIT_MENSAJE], [BIT_CRITICIDAD_ID], [BIT_FECHA], [BIT_DVH]) VALUES (251, 69, N'registrando en bit', 1, CAST(N'2018-09-24T15:22:54.800' AS DateTime), N'7AE81A1723DAF70F84A520E43B543E93')
GO
INSERT [dbo].[BITACORA] ([BIT_ID], [BIT_USUARIO], [BIT_MENSAJE], [BIT_CRITICIDAD_ID], [BIT_FECHA], [BIT_DVH]) VALUES (252, 69, N'registrando en bit', 1, CAST(N'2018-09-24T15:22:54.807' AS DateTime), N'7AE81A1723DAF70F84A520E43B543E93')
GO
INSERT [dbo].[BITACORA] ([BIT_ID], [BIT_USUARIO], [BIT_MENSAJE], [BIT_CRITICIDAD_ID], [BIT_FECHA], [BIT_DVH]) VALUES (253, 69, N'registrando en bit', 1, CAST(N'2018-09-24T15:22:54.810' AS DateTime), N'7AE81A1723DAF70F84A520E43B543E93')
GO
INSERT [dbo].[BITACORA] ([BIT_ID], [BIT_USUARIO], [BIT_MENSAJE], [BIT_CRITICIDAD_ID], [BIT_FECHA], [BIT_DVH]) VALUES (254, 69, N'registrando en bit', 1, CAST(N'2018-09-24T15:22:54.820' AS DateTime), N'7AE81A1723DAF70F84A520E43B543E93')
GO
INSERT [dbo].[BITACORA] ([BIT_ID], [BIT_USUARIO], [BIT_MENSAJE], [BIT_CRITICIDAD_ID], [BIT_FECHA], [BIT_DVH]) VALUES (255, 69, N'registrando en bit', 1, CAST(N'2018-09-24T15:22:54.827' AS DateTime), N'7AE81A1723DAF70F84A520E43B543E93')
GO
INSERT [dbo].[BITACORA] ([BIT_ID], [BIT_USUARIO], [BIT_MENSAJE], [BIT_CRITICIDAD_ID], [BIT_FECHA], [BIT_DVH]) VALUES (256, 69, N'registrando en bit', 1, CAST(N'2018-09-24T15:22:54.830' AS DateTime), N'7AE81A1723DAF70F84A520E43B543E93')
GO
INSERT [dbo].[BITACORA] ([BIT_ID], [BIT_USUARIO], [BIT_MENSAJE], [BIT_CRITICIDAD_ID], [BIT_FECHA], [BIT_DVH]) VALUES (257, 69, N'registrando en bit', 1, CAST(N'2018-09-24T15:22:54.840' AS DateTime), N'7AE81A1723DAF70F84A520E43B543E93')
GO
INSERT [dbo].[BITACORA] ([BIT_ID], [BIT_USUARIO], [BIT_MENSAJE], [BIT_CRITICIDAD_ID], [BIT_FECHA], [BIT_DVH]) VALUES (258, 69, N'registrando en bit', 1, CAST(N'2018-09-24T15:22:54.843' AS DateTime), N'7AE81A1723DAF70F84A520E43B543E93')
GO
INSERT [dbo].[BITACORA] ([BIT_ID], [BIT_USUARIO], [BIT_MENSAJE], [BIT_CRITICIDAD_ID], [BIT_FECHA], [BIT_DVH]) VALUES (259, 69, N'registrando en bit', 1, CAST(N'2018-09-24T15:22:54.850' AS DateTime), N'7AE81A1723DAF70F84A520E43B543E93')
GO
INSERT [dbo].[BITACORA] ([BIT_ID], [BIT_USUARIO], [BIT_MENSAJE], [BIT_CRITICIDAD_ID], [BIT_FECHA], [BIT_DVH]) VALUES (260, 69, N'registrando en bit', 1, CAST(N'2018-09-24T15:22:54.857' AS DateTime), N'7AE81A1723DAF70F84A520E43B543E93')
GO
INSERT [dbo].[BITACORA] ([BIT_ID], [BIT_USUARIO], [BIT_MENSAJE], [BIT_CRITICIDAD_ID], [BIT_FECHA], [BIT_DVH]) VALUES (261, 69, N'registrando en bit', 1, CAST(N'2018-09-24T15:23:12.913' AS DateTime), N'5DF9C250A4068C43AAC76DA7391BD6AF')
GO
INSERT [dbo].[BITACORA] ([BIT_ID], [BIT_USUARIO], [BIT_MENSAJE], [BIT_CRITICIDAD_ID], [BIT_FECHA], [BIT_DVH]) VALUES (262, 69, N'registrando en bit', 1, CAST(N'2018-09-24T15:23:12.927' AS DateTime), N'5DF9C250A4068C43AAC76DA7391BD6AF')
GO
INSERT [dbo].[BITACORA] ([BIT_ID], [BIT_USUARIO], [BIT_MENSAJE], [BIT_CRITICIDAD_ID], [BIT_FECHA], [BIT_DVH]) VALUES (263, 69, N'registrando en bit', 1, CAST(N'2018-09-24T15:23:12.937' AS DateTime), N'5DF9C250A4068C43AAC76DA7391BD6AF')
GO
INSERT [dbo].[BITACORA] ([BIT_ID], [BIT_USUARIO], [BIT_MENSAJE], [BIT_CRITICIDAD_ID], [BIT_FECHA], [BIT_DVH]) VALUES (264, 69, N'registrando en bit', 1, CAST(N'2018-09-24T15:23:12.943' AS DateTime), N'5DF9C250A4068C43AAC76DA7391BD6AF')
GO
INSERT [dbo].[BITACORA] ([BIT_ID], [BIT_USUARIO], [BIT_MENSAJE], [BIT_CRITICIDAD_ID], [BIT_FECHA], [BIT_DVH]) VALUES (265, 69, N'registrando en bit', 1, CAST(N'2018-09-24T15:23:12.950' AS DateTime), N'5DF9C250A4068C43AAC76DA7391BD6AF')
GO
INSERT [dbo].[BITACORA] ([BIT_ID], [BIT_USUARIO], [BIT_MENSAJE], [BIT_CRITICIDAD_ID], [BIT_FECHA], [BIT_DVH]) VALUES (266, 69, N'registrando en bit', 1, CAST(N'2018-09-24T15:23:12.957' AS DateTime), N'5DF9C250A4068C43AAC76DA7391BD6AF')
GO
INSERT [dbo].[BITACORA] ([BIT_ID], [BIT_USUARIO], [BIT_MENSAJE], [BIT_CRITICIDAD_ID], [BIT_FECHA], [BIT_DVH]) VALUES (267, 69, N'registrando en bit', 1, CAST(N'2018-09-24T15:23:12.963' AS DateTime), N'5DF9C250A4068C43AAC76DA7391BD6AF')
GO
INSERT [dbo].[BITACORA] ([BIT_ID], [BIT_USUARIO], [BIT_MENSAJE], [BIT_CRITICIDAD_ID], [BIT_FECHA], [BIT_DVH]) VALUES (268, 69, N'registrando en bit', 1, CAST(N'2018-09-24T15:23:12.970' AS DateTime), N'5DF9C250A4068C43AAC76DA7391BD6AF')
GO
INSERT [dbo].[BITACORA] ([BIT_ID], [BIT_USUARIO], [BIT_MENSAJE], [BIT_CRITICIDAD_ID], [BIT_FECHA], [BIT_DVH]) VALUES (269, 69, N'registrando en bit', 1, CAST(N'2018-09-24T15:23:12.977' AS DateTime), N'5DF9C250A4068C43AAC76DA7391BD6AF')
GO
INSERT [dbo].[BITACORA] ([BIT_ID], [BIT_USUARIO], [BIT_MENSAJE], [BIT_CRITICIDAD_ID], [BIT_FECHA], [BIT_DVH]) VALUES (270, 69, N'registrando en bit', 1, CAST(N'2018-09-24T15:23:12.980' AS DateTime), N'5DF9C250A4068C43AAC76DA7391BD6AF')
GO
INSERT [dbo].[BITACORA] ([BIT_ID], [BIT_USUARIO], [BIT_MENSAJE], [BIT_CRITICIDAD_ID], [BIT_FECHA], [BIT_DVH]) VALUES (271, 69, N'registrando en bit', 1, CAST(N'2018-09-24T15:23:12.987' AS DateTime), N'5DF9C250A4068C43AAC76DA7391BD6AF')
GO
INSERT [dbo].[BITACORA] ([BIT_ID], [BIT_USUARIO], [BIT_MENSAJE], [BIT_CRITICIDAD_ID], [BIT_FECHA], [BIT_DVH]) VALUES (272, 69, N'registrando en bit', 1, CAST(N'2018-09-24T15:23:12.993' AS DateTime), N'5DF9C250A4068C43AAC76DA7391BD6AF')
GO
INSERT [dbo].[BITACORA] ([BIT_ID], [BIT_USUARIO], [BIT_MENSAJE], [BIT_CRITICIDAD_ID], [BIT_FECHA], [BIT_DVH]) VALUES (273, 69, N'registrando en bit', 1, CAST(N'2018-09-24T15:23:13.000' AS DateTime), N'D181337DB3D4ECD52A6CD5FBA88FC33C')
GO
INSERT [dbo].[BITACORA] ([BIT_ID], [BIT_USUARIO], [BIT_MENSAJE], [BIT_CRITICIDAD_ID], [BIT_FECHA], [BIT_DVH]) VALUES (274, 69, N'registrando en bit', 1, CAST(N'2018-09-24T15:23:13.023' AS DateTime), N'D181337DB3D4ECD52A6CD5FBA88FC33C')
GO
INSERT [dbo].[BITACORA] ([BIT_ID], [BIT_USUARIO], [BIT_MENSAJE], [BIT_CRITICIDAD_ID], [BIT_FECHA], [BIT_DVH]) VALUES (275, 69, N'registrando en bit', 1, CAST(N'2018-09-24T15:23:13.027' AS DateTime), N'D181337DB3D4ECD52A6CD5FBA88FC33C')
GO
INSERT [dbo].[BITACORA] ([BIT_ID], [BIT_USUARIO], [BIT_MENSAJE], [BIT_CRITICIDAD_ID], [BIT_FECHA], [BIT_DVH]) VALUES (276, 69, N'registrando en bit', 1, CAST(N'2018-09-24T15:23:13.073' AS DateTime), N'D181337DB3D4ECD52A6CD5FBA88FC33C')
GO
INSERT [dbo].[BITACORA] ([BIT_ID], [BIT_USUARIO], [BIT_MENSAJE], [BIT_CRITICIDAD_ID], [BIT_FECHA], [BIT_DVH]) VALUES (277, 69, N'registrando en bit', 1, CAST(N'2018-09-24T15:23:13.080' AS DateTime), N'D181337DB3D4ECD52A6CD5FBA88FC33C')
GO
INSERT [dbo].[BITACORA] ([BIT_ID], [BIT_USUARIO], [BIT_MENSAJE], [BIT_CRITICIDAD_ID], [BIT_FECHA], [BIT_DVH]) VALUES (278, 69, N'registrando en bit', 1, CAST(N'2018-09-24T15:23:13.087' AS DateTime), N'D181337DB3D4ECD52A6CD5FBA88FC33C')
GO
INSERT [dbo].[BITACORA] ([BIT_ID], [BIT_USUARIO], [BIT_MENSAJE], [BIT_CRITICIDAD_ID], [BIT_FECHA], [BIT_DVH]) VALUES (279, 69, N'registrando en bit', 1, CAST(N'2018-09-24T15:23:13.093' AS DateTime), N'D181337DB3D4ECD52A6CD5FBA88FC33C')
GO
INSERT [dbo].[BITACORA] ([BIT_ID], [BIT_USUARIO], [BIT_MENSAJE], [BIT_CRITICIDAD_ID], [BIT_FECHA], [BIT_DVH]) VALUES (280, 69, N'registrando en bit', 1, CAST(N'2018-09-24T15:23:13.100' AS DateTime), N'D181337DB3D4ECD52A6CD5FBA88FC33C')
GO
INSERT [dbo].[BITACORA] ([BIT_ID], [BIT_USUARIO], [BIT_MENSAJE], [BIT_CRITICIDAD_ID], [BIT_FECHA], [BIT_DVH]) VALUES (281, 69, N'registrando en bit', 1, CAST(N'2018-09-24T15:26:43.153' AS DateTime), N'69BF85FE395973B6CF3294189E5D0F44')
GO
INSERT [dbo].[BITACORA] ([BIT_ID], [BIT_USUARIO], [BIT_MENSAJE], [BIT_CRITICIDAD_ID], [BIT_FECHA], [BIT_DVH]) VALUES (282, 69, N'registrando en bit', 1, CAST(N'2018-09-24T15:26:43.173' AS DateTime), N'69BF85FE395973B6CF3294189E5D0F44')
GO
INSERT [dbo].[BITACORA] ([BIT_ID], [BIT_USUARIO], [BIT_MENSAJE], [BIT_CRITICIDAD_ID], [BIT_FECHA], [BIT_DVH]) VALUES (283, 69, N'registrando en bit', 1, CAST(N'2018-09-24T15:26:43.180' AS DateTime), N'69BF85FE395973B6CF3294189E5D0F44')
GO
INSERT [dbo].[BITACORA] ([BIT_ID], [BIT_USUARIO], [BIT_MENSAJE], [BIT_CRITICIDAD_ID], [BIT_FECHA], [BIT_DVH]) VALUES (284, 69, N'registrando en bit', 1, CAST(N'2018-09-24T15:26:43.187' AS DateTime), N'69BF85FE395973B6CF3294189E5D0F44')
GO
INSERT [dbo].[BITACORA] ([BIT_ID], [BIT_USUARIO], [BIT_MENSAJE], [BIT_CRITICIDAD_ID], [BIT_FECHA], [BIT_DVH]) VALUES (285, 69, N'registrando en bit', 1, CAST(N'2018-09-24T15:26:43.190' AS DateTime), N'69BF85FE395973B6CF3294189E5D0F44')
GO
INSERT [dbo].[BITACORA] ([BIT_ID], [BIT_USUARIO], [BIT_MENSAJE], [BIT_CRITICIDAD_ID], [BIT_FECHA], [BIT_DVH]) VALUES (286, 69, N'registrando en bit', 1, CAST(N'2018-09-24T15:26:43.197' AS DateTime), N'69BF85FE395973B6CF3294189E5D0F44')
GO
INSERT [dbo].[BITACORA] ([BIT_ID], [BIT_USUARIO], [BIT_MENSAJE], [BIT_CRITICIDAD_ID], [BIT_FECHA], [BIT_DVH]) VALUES (287, 69, N'registrando en bit', 1, CAST(N'2018-09-24T15:26:43.200' AS DateTime), N'69BF85FE395973B6CF3294189E5D0F44')
GO
INSERT [dbo].[BITACORA] ([BIT_ID], [BIT_USUARIO], [BIT_MENSAJE], [BIT_CRITICIDAD_ID], [BIT_FECHA], [BIT_DVH]) VALUES (288, 69, N'registrando en bit', 1, CAST(N'2018-09-24T15:26:43.207' AS DateTime), N'69BF85FE395973B6CF3294189E5D0F44')
GO
INSERT [dbo].[BITACORA] ([BIT_ID], [BIT_USUARIO], [BIT_MENSAJE], [BIT_CRITICIDAD_ID], [BIT_FECHA], [BIT_DVH]) VALUES (289, 69, N'registrando en bit', 1, CAST(N'2018-09-24T15:26:43.210' AS DateTime), N'69BF85FE395973B6CF3294189E5D0F44')
GO
INSERT [dbo].[BITACORA] ([BIT_ID], [BIT_USUARIO], [BIT_MENSAJE], [BIT_CRITICIDAD_ID], [BIT_FECHA], [BIT_DVH]) VALUES (290, 69, N'registrando en bit', 1, CAST(N'2018-09-24T15:26:43.217' AS DateTime), N'69BF85FE395973B6CF3294189E5D0F44')
GO
INSERT [dbo].[BITACORA] ([BIT_ID], [BIT_USUARIO], [BIT_MENSAJE], [BIT_CRITICIDAD_ID], [BIT_FECHA], [BIT_DVH]) VALUES (291, 69, N'registrando en bit', 1, CAST(N'2018-09-24T15:26:43.220' AS DateTime), N'69BF85FE395973B6CF3294189E5D0F44')
GO
INSERT [dbo].[BITACORA] ([BIT_ID], [BIT_USUARIO], [BIT_MENSAJE], [BIT_CRITICIDAD_ID], [BIT_FECHA], [BIT_DVH]) VALUES (292, 69, N'registrando en bit', 1, CAST(N'2018-09-24T15:26:43.227' AS DateTime), N'69BF85FE395973B6CF3294189E5D0F44')
GO
INSERT [dbo].[BITACORA] ([BIT_ID], [BIT_USUARIO], [BIT_MENSAJE], [BIT_CRITICIDAD_ID], [BIT_FECHA], [BIT_DVH]) VALUES (293, 69, N'registrando en bit', 1, CAST(N'2018-09-24T15:26:43.233' AS DateTime), N'69BF85FE395973B6CF3294189E5D0F44')
GO
INSERT [dbo].[BITACORA] ([BIT_ID], [BIT_USUARIO], [BIT_MENSAJE], [BIT_CRITICIDAD_ID], [BIT_FECHA], [BIT_DVH]) VALUES (294, 69, N'registrando en bit', 1, CAST(N'2018-09-24T15:26:43.237' AS DateTime), N'69BF85FE395973B6CF3294189E5D0F44')
GO
INSERT [dbo].[BITACORA] ([BIT_ID], [BIT_USUARIO], [BIT_MENSAJE], [BIT_CRITICIDAD_ID], [BIT_FECHA], [BIT_DVH]) VALUES (295, 69, N'registrando en bit', 1, CAST(N'2018-09-24T15:26:43.243' AS DateTime), N'69BF85FE395973B6CF3294189E5D0F44')
GO
INSERT [dbo].[BITACORA] ([BIT_ID], [BIT_USUARIO], [BIT_MENSAJE], [BIT_CRITICIDAD_ID], [BIT_FECHA], [BIT_DVH]) VALUES (296, 69, N'registrando en bit', 1, CAST(N'2018-09-24T15:26:43.247' AS DateTime), N'69BF85FE395973B6CF3294189E5D0F44')
GO
INSERT [dbo].[BITACORA] ([BIT_ID], [BIT_USUARIO], [BIT_MENSAJE], [BIT_CRITICIDAD_ID], [BIT_FECHA], [BIT_DVH]) VALUES (297, 69, N'registrando en bit', 1, CAST(N'2018-09-24T15:26:43.253' AS DateTime), N'69BF85FE395973B6CF3294189E5D0F44')
GO
INSERT [dbo].[BITACORA] ([BIT_ID], [BIT_USUARIO], [BIT_MENSAJE], [BIT_CRITICIDAD_ID], [BIT_FECHA], [BIT_DVH]) VALUES (298, 69, N'registrando en bit', 1, CAST(N'2018-09-24T15:26:43.257' AS DateTime), N'69BF85FE395973B6CF3294189E5D0F44')
GO
INSERT [dbo].[BITACORA] ([BIT_ID], [BIT_USUARIO], [BIT_MENSAJE], [BIT_CRITICIDAD_ID], [BIT_FECHA], [BIT_DVH]) VALUES (299, 69, N'registrando en bit', 1, CAST(N'2018-09-24T15:26:43.263' AS DateTime), N'69BF85FE395973B6CF3294189E5D0F44')
GO
INSERT [dbo].[BITACORA] ([BIT_ID], [BIT_USUARIO], [BIT_MENSAJE], [BIT_CRITICIDAD_ID], [BIT_FECHA], [BIT_DVH]) VALUES (300, 69, N'registrando en bit', 1, CAST(N'2018-09-24T15:26:43.267' AS DateTime), N'69BF85FE395973B6CF3294189E5D0F44')
GO
INSERT [dbo].[BITACORA] ([BIT_ID], [BIT_USUARIO], [BIT_MENSAJE], [BIT_CRITICIDAD_ID], [BIT_FECHA], [BIT_DVH]) VALUES (301, 69, N'registrando en bit', 1, CAST(N'2018-09-24T15:37:17.740' AS DateTime), N'97804FABABD2CCEC50F8832F645CA25F')
GO
INSERT [dbo].[BITACORA] ([BIT_ID], [BIT_USUARIO], [BIT_MENSAJE], [BIT_CRITICIDAD_ID], [BIT_FECHA], [BIT_DVH]) VALUES (302, 69, N'registrando en bit', 1, CAST(N'2018-09-24T15:37:17.757' AS DateTime), N'97804FABABD2CCEC50F8832F645CA25F')
GO
INSERT [dbo].[BITACORA] ([BIT_ID], [BIT_USUARIO], [BIT_MENSAJE], [BIT_CRITICIDAD_ID], [BIT_FECHA], [BIT_DVH]) VALUES (303, 69, N'registrando en bit', 1, CAST(N'2018-09-24T15:37:17.760' AS DateTime), N'97804FABABD2CCEC50F8832F645CA25F')
GO
INSERT [dbo].[BITACORA] ([BIT_ID], [BIT_USUARIO], [BIT_MENSAJE], [BIT_CRITICIDAD_ID], [BIT_FECHA], [BIT_DVH]) VALUES (304, 69, N'registrando en bit', 1, CAST(N'2018-09-24T15:37:17.767' AS DateTime), N'97804FABABD2CCEC50F8832F645CA25F')
GO
INSERT [dbo].[BITACORA] ([BIT_ID], [BIT_USUARIO], [BIT_MENSAJE], [BIT_CRITICIDAD_ID], [BIT_FECHA], [BIT_DVH]) VALUES (305, 69, N'registrando en bit', 1, CAST(N'2018-09-24T15:37:17.773' AS DateTime), N'97804FABABD2CCEC50F8832F645CA25F')
GO
INSERT [dbo].[BITACORA] ([BIT_ID], [BIT_USUARIO], [BIT_MENSAJE], [BIT_CRITICIDAD_ID], [BIT_FECHA], [BIT_DVH]) VALUES (306, 69, N'registrando en bit', 1, CAST(N'2018-09-24T15:37:17.780' AS DateTime), N'97804FABABD2CCEC50F8832F645CA25F')
GO
INSERT [dbo].[BITACORA] ([BIT_ID], [BIT_USUARIO], [BIT_MENSAJE], [BIT_CRITICIDAD_ID], [BIT_FECHA], [BIT_DVH]) VALUES (307, 69, N'registrando en bit', 1, CAST(N'2018-09-24T15:37:17.783' AS DateTime), N'97804FABABD2CCEC50F8832F645CA25F')
GO
INSERT [dbo].[BITACORA] ([BIT_ID], [BIT_USUARIO], [BIT_MENSAJE], [BIT_CRITICIDAD_ID], [BIT_FECHA], [BIT_DVH]) VALUES (308, 69, N'registrando en bit', 1, CAST(N'2018-09-24T15:37:17.790' AS DateTime), N'97804FABABD2CCEC50F8832F645CA25F')
GO
INSERT [dbo].[BITACORA] ([BIT_ID], [BIT_USUARIO], [BIT_MENSAJE], [BIT_CRITICIDAD_ID], [BIT_FECHA], [BIT_DVH]) VALUES (309, 69, N'registrando en bit', 1, CAST(N'2018-09-24T15:37:17.793' AS DateTime), N'97804FABABD2CCEC50F8832F645CA25F')
GO
INSERT [dbo].[BITACORA] ([BIT_ID], [BIT_USUARIO], [BIT_MENSAJE], [BIT_CRITICIDAD_ID], [BIT_FECHA], [BIT_DVH]) VALUES (310, 69, N'registrando en bit', 1, CAST(N'2018-09-24T15:37:17.800' AS DateTime), N'97804FABABD2CCEC50F8832F645CA25F')
GO
INSERT [dbo].[BITACORA] ([BIT_ID], [BIT_USUARIO], [BIT_MENSAJE], [BIT_CRITICIDAD_ID], [BIT_FECHA], [BIT_DVH]) VALUES (311, 69, N'registrando en bit', 1, CAST(N'2018-09-24T15:37:17.803' AS DateTime), N'97804FABABD2CCEC50F8832F645CA25F')
GO
INSERT [dbo].[BITACORA] ([BIT_ID], [BIT_USUARIO], [BIT_MENSAJE], [BIT_CRITICIDAD_ID], [BIT_FECHA], [BIT_DVH]) VALUES (312, 69, N'registrando en bit', 1, CAST(N'2018-09-24T15:37:17.810' AS DateTime), N'97804FABABD2CCEC50F8832F645CA25F')
GO
INSERT [dbo].[BITACORA] ([BIT_ID], [BIT_USUARIO], [BIT_MENSAJE], [BIT_CRITICIDAD_ID], [BIT_FECHA], [BIT_DVH]) VALUES (313, 69, N'registrando en bit', 1, CAST(N'2018-09-24T15:37:17.813' AS DateTime), N'97804FABABD2CCEC50F8832F645CA25F')
GO
INSERT [dbo].[BITACORA] ([BIT_ID], [BIT_USUARIO], [BIT_MENSAJE], [BIT_CRITICIDAD_ID], [BIT_FECHA], [BIT_DVH]) VALUES (314, 69, N'registrando en bit', 1, CAST(N'2018-09-24T15:37:17.820' AS DateTime), N'97804FABABD2CCEC50F8832F645CA25F')
GO
INSERT [dbo].[BITACORA] ([BIT_ID], [BIT_USUARIO], [BIT_MENSAJE], [BIT_CRITICIDAD_ID], [BIT_FECHA], [BIT_DVH]) VALUES (315, 69, N'registrando en bit', 1, CAST(N'2018-09-24T15:37:17.823' AS DateTime), N'97804FABABD2CCEC50F8832F645CA25F')
GO
INSERT [dbo].[BITACORA] ([BIT_ID], [BIT_USUARIO], [BIT_MENSAJE], [BIT_CRITICIDAD_ID], [BIT_FECHA], [BIT_DVH]) VALUES (316, 69, N'registrando en bit', 1, CAST(N'2018-09-24T15:37:17.830' AS DateTime), N'97804FABABD2CCEC50F8832F645CA25F')
GO
INSERT [dbo].[BITACORA] ([BIT_ID], [BIT_USUARIO], [BIT_MENSAJE], [BIT_CRITICIDAD_ID], [BIT_FECHA], [BIT_DVH]) VALUES (317, 69, N'registrando en bit', 1, CAST(N'2018-09-24T15:37:17.833' AS DateTime), N'97804FABABD2CCEC50F8832F645CA25F')
GO
INSERT [dbo].[BITACORA] ([BIT_ID], [BIT_USUARIO], [BIT_MENSAJE], [BIT_CRITICIDAD_ID], [BIT_FECHA], [BIT_DVH]) VALUES (318, 69, N'registrando en bit', 1, CAST(N'2018-09-24T15:37:17.840' AS DateTime), N'97804FABABD2CCEC50F8832F645CA25F')
GO
INSERT [dbo].[BITACORA] ([BIT_ID], [BIT_USUARIO], [BIT_MENSAJE], [BIT_CRITICIDAD_ID], [BIT_FECHA], [BIT_DVH]) VALUES (319, 69, N'registrando en bit', 1, CAST(N'2018-09-24T15:37:17.843' AS DateTime), N'97804FABABD2CCEC50F8832F645CA25F')
GO
INSERT [dbo].[BITACORA] ([BIT_ID], [BIT_USUARIO], [BIT_MENSAJE], [BIT_CRITICIDAD_ID], [BIT_FECHA], [BIT_DVH]) VALUES (320, 69, N'registrando en bit', 1, CAST(N'2018-09-24T15:37:17.850' AS DateTime), N'97804FABABD2CCEC50F8832F645CA25F')
GO
INSERT [dbo].[BITACORA] ([BIT_ID], [BIT_USUARIO], [BIT_MENSAJE], [BIT_CRITICIDAD_ID], [BIT_FECHA], [BIT_DVH]) VALUES (321, 69, N'registrando en bit', 1, CAST(N'2018-09-24T15:46:03.620' AS DateTime), N'534530A70ED8E3A3C21BCF1D2D5BD1BF')
GO
INSERT [dbo].[BITACORA] ([BIT_ID], [BIT_USUARIO], [BIT_MENSAJE], [BIT_CRITICIDAD_ID], [BIT_FECHA], [BIT_DVH]) VALUES (322, 69, N'registrando en bit', 1, CAST(N'2018-09-24T15:46:03.633' AS DateTime), N'534530A70ED8E3A3C21BCF1D2D5BD1BF')
GO
INSERT [dbo].[BITACORA] ([BIT_ID], [BIT_USUARIO], [BIT_MENSAJE], [BIT_CRITICIDAD_ID], [BIT_FECHA], [BIT_DVH]) VALUES (323, 69, N'registrando en bit', 1, CAST(N'2018-09-24T15:46:03.640' AS DateTime), N'534530A70ED8E3A3C21BCF1D2D5BD1BF')
GO
INSERT [dbo].[BITACORA] ([BIT_ID], [BIT_USUARIO], [BIT_MENSAJE], [BIT_CRITICIDAD_ID], [BIT_FECHA], [BIT_DVH]) VALUES (324, 69, N'registrando en bit', 1, CAST(N'2018-09-24T15:46:03.647' AS DateTime), N'534530A70ED8E3A3C21BCF1D2D5BD1BF')
GO
INSERT [dbo].[BITACORA] ([BIT_ID], [BIT_USUARIO], [BIT_MENSAJE], [BIT_CRITICIDAD_ID], [BIT_FECHA], [BIT_DVH]) VALUES (325, 69, N'registrando en bit', 1, CAST(N'2018-09-24T15:46:03.653' AS DateTime), N'534530A70ED8E3A3C21BCF1D2D5BD1BF')
GO
INSERT [dbo].[BITACORA] ([BIT_ID], [BIT_USUARIO], [BIT_MENSAJE], [BIT_CRITICIDAD_ID], [BIT_FECHA], [BIT_DVH]) VALUES (326, 69, N'registrando en bit', 1, CAST(N'2018-09-24T15:46:03.657' AS DateTime), N'534530A70ED8E3A3C21BCF1D2D5BD1BF')
GO
INSERT [dbo].[BITACORA] ([BIT_ID], [BIT_USUARIO], [BIT_MENSAJE], [BIT_CRITICIDAD_ID], [BIT_FECHA], [BIT_DVH]) VALUES (327, 69, N'registrando en bit', 1, CAST(N'2018-09-24T15:46:03.663' AS DateTime), N'534530A70ED8E3A3C21BCF1D2D5BD1BF')
GO
INSERT [dbo].[BITACORA] ([BIT_ID], [BIT_USUARIO], [BIT_MENSAJE], [BIT_CRITICIDAD_ID], [BIT_FECHA], [BIT_DVH]) VALUES (328, 69, N'registrando en bit', 1, CAST(N'2018-09-24T15:46:03.667' AS DateTime), N'534530A70ED8E3A3C21BCF1D2D5BD1BF')
GO
INSERT [dbo].[BITACORA] ([BIT_ID], [BIT_USUARIO], [BIT_MENSAJE], [BIT_CRITICIDAD_ID], [BIT_FECHA], [BIT_DVH]) VALUES (329, 69, N'registrando en bit', 1, CAST(N'2018-09-24T15:46:03.673' AS DateTime), N'534530A70ED8E3A3C21BCF1D2D5BD1BF')
GO
INSERT [dbo].[BITACORA] ([BIT_ID], [BIT_USUARIO], [BIT_MENSAJE], [BIT_CRITICIDAD_ID], [BIT_FECHA], [BIT_DVH]) VALUES (330, 69, N'registrando en bit', 1, CAST(N'2018-09-24T15:46:03.677' AS DateTime), N'534530A70ED8E3A3C21BCF1D2D5BD1BF')
GO
INSERT [dbo].[BITACORA] ([BIT_ID], [BIT_USUARIO], [BIT_MENSAJE], [BIT_CRITICIDAD_ID], [BIT_FECHA], [BIT_DVH]) VALUES (331, 69, N'registrando en bit', 1, CAST(N'2018-09-24T15:46:03.683' AS DateTime), N'534530A70ED8E3A3C21BCF1D2D5BD1BF')
GO
INSERT [dbo].[BITACORA] ([BIT_ID], [BIT_USUARIO], [BIT_MENSAJE], [BIT_CRITICIDAD_ID], [BIT_FECHA], [BIT_DVH]) VALUES (332, 69, N'registrando en bit', 1, CAST(N'2018-09-24T15:46:03.690' AS DateTime), N'534530A70ED8E3A3C21BCF1D2D5BD1BF')
GO
INSERT [dbo].[BITACORA] ([BIT_ID], [BIT_USUARIO], [BIT_MENSAJE], [BIT_CRITICIDAD_ID], [BIT_FECHA], [BIT_DVH]) VALUES (333, 69, N'registrando en bit', 1, CAST(N'2018-09-24T15:46:03.693' AS DateTime), N'534530A70ED8E3A3C21BCF1D2D5BD1BF')
GO
INSERT [dbo].[BITACORA] ([BIT_ID], [BIT_USUARIO], [BIT_MENSAJE], [BIT_CRITICIDAD_ID], [BIT_FECHA], [BIT_DVH]) VALUES (334, 69, N'registrando en bit', 1, CAST(N'2018-09-24T15:46:03.700' AS DateTime), N'534530A70ED8E3A3C21BCF1D2D5BD1BF')
GO
INSERT [dbo].[BITACORA] ([BIT_ID], [BIT_USUARIO], [BIT_MENSAJE], [BIT_CRITICIDAD_ID], [BIT_FECHA], [BIT_DVH]) VALUES (335, 69, N'registrando en bit', 1, CAST(N'2018-09-24T15:46:03.707' AS DateTime), N'534530A70ED8E3A3C21BCF1D2D5BD1BF')
GO
INSERT [dbo].[BITACORA] ([BIT_ID], [BIT_USUARIO], [BIT_MENSAJE], [BIT_CRITICIDAD_ID], [BIT_FECHA], [BIT_DVH]) VALUES (336, 69, N'registrando en bit', 1, CAST(N'2018-09-24T15:46:03.710' AS DateTime), N'534530A70ED8E3A3C21BCF1D2D5BD1BF')
GO
INSERT [dbo].[BITACORA] ([BIT_ID], [BIT_USUARIO], [BIT_MENSAJE], [BIT_CRITICIDAD_ID], [BIT_FECHA], [BIT_DVH]) VALUES (337, 69, N'registrando en bit', 1, CAST(N'2018-09-24T15:46:03.717' AS DateTime), N'534530A70ED8E3A3C21BCF1D2D5BD1BF')
GO
INSERT [dbo].[BITACORA] ([BIT_ID], [BIT_USUARIO], [BIT_MENSAJE], [BIT_CRITICIDAD_ID], [BIT_FECHA], [BIT_DVH]) VALUES (338, 69, N'registrando en bit', 1, CAST(N'2018-09-24T15:46:03.723' AS DateTime), N'534530A70ED8E3A3C21BCF1D2D5BD1BF')
GO
INSERT [dbo].[BITACORA] ([BIT_ID], [BIT_USUARIO], [BIT_MENSAJE], [BIT_CRITICIDAD_ID], [BIT_FECHA], [BIT_DVH]) VALUES (339, 69, N'registrando en bit', 1, CAST(N'2018-09-24T15:46:03.727' AS DateTime), N'534530A70ED8E3A3C21BCF1D2D5BD1BF')
GO
INSERT [dbo].[BITACORA] ([BIT_ID], [BIT_USUARIO], [BIT_MENSAJE], [BIT_CRITICIDAD_ID], [BIT_FECHA], [BIT_DVH]) VALUES (340, 69, N'registrando en bit', 1, CAST(N'2018-09-24T15:46:03.733' AS DateTime), N'534530A70ED8E3A3C21BCF1D2D5BD1BF')
GO
INSERT [dbo].[BITACORA] ([BIT_ID], [BIT_USUARIO], [BIT_MENSAJE], [BIT_CRITICIDAD_ID], [BIT_FECHA], [BIT_DVH]) VALUES (341, 69, N'registrando en bit', 1, CAST(N'2018-09-24T15:47:21.830' AS DateTime), N'29BB9857D56DFA5E4F88679FE10687AE')
GO
INSERT [dbo].[BITACORA] ([BIT_ID], [BIT_USUARIO], [BIT_MENSAJE], [BIT_CRITICIDAD_ID], [BIT_FECHA], [BIT_DVH]) VALUES (342, 69, N'registrando en bit', 1, CAST(N'2018-09-24T15:47:21.847' AS DateTime), N'29BB9857D56DFA5E4F88679FE10687AE')
GO
INSERT [dbo].[BITACORA] ([BIT_ID], [BIT_USUARIO], [BIT_MENSAJE], [BIT_CRITICIDAD_ID], [BIT_FECHA], [BIT_DVH]) VALUES (343, 69, N'registrando en bit', 1, CAST(N'2018-09-24T15:47:21.850' AS DateTime), N'29BB9857D56DFA5E4F88679FE10687AE')
GO
INSERT [dbo].[BITACORA] ([BIT_ID], [BIT_USUARIO], [BIT_MENSAJE], [BIT_CRITICIDAD_ID], [BIT_FECHA], [BIT_DVH]) VALUES (344, 69, N'registrando en bit', 1, CAST(N'2018-09-24T15:47:21.857' AS DateTime), N'29BB9857D56DFA5E4F88679FE10687AE')
GO
INSERT [dbo].[BITACORA] ([BIT_ID], [BIT_USUARIO], [BIT_MENSAJE], [BIT_CRITICIDAD_ID], [BIT_FECHA], [BIT_DVH]) VALUES (345, 69, N'registrando en bit', 1, CAST(N'2018-09-24T15:47:21.863' AS DateTime), N'29BB9857D56DFA5E4F88679FE10687AE')
GO
INSERT [dbo].[BITACORA] ([BIT_ID], [BIT_USUARIO], [BIT_MENSAJE], [BIT_CRITICIDAD_ID], [BIT_FECHA], [BIT_DVH]) VALUES (346, 69, N'registrando en bit', 1, CAST(N'2018-09-24T15:47:21.867' AS DateTime), N'29BB9857D56DFA5E4F88679FE10687AE')
GO
INSERT [dbo].[BITACORA] ([BIT_ID], [BIT_USUARIO], [BIT_MENSAJE], [BIT_CRITICIDAD_ID], [BIT_FECHA], [BIT_DVH]) VALUES (347, 69, N'registrando en bit', 1, CAST(N'2018-09-24T15:47:21.873' AS DateTime), N'29BB9857D56DFA5E4F88679FE10687AE')
GO
INSERT [dbo].[BITACORA] ([BIT_ID], [BIT_USUARIO], [BIT_MENSAJE], [BIT_CRITICIDAD_ID], [BIT_FECHA], [BIT_DVH]) VALUES (348, 69, N'registrando en bit', 1, CAST(N'2018-09-24T15:47:21.880' AS DateTime), N'29BB9857D56DFA5E4F88679FE10687AE')
GO
INSERT [dbo].[BITACORA] ([BIT_ID], [BIT_USUARIO], [BIT_MENSAJE], [BIT_CRITICIDAD_ID], [BIT_FECHA], [BIT_DVH]) VALUES (349, 69, N'registrando en bit', 1, CAST(N'2018-09-24T15:47:21.883' AS DateTime), N'29BB9857D56DFA5E4F88679FE10687AE')
GO
INSERT [dbo].[BITACORA] ([BIT_ID], [BIT_USUARIO], [BIT_MENSAJE], [BIT_CRITICIDAD_ID], [BIT_FECHA], [BIT_DVH]) VALUES (350, 69, N'registrando en bit', 1, CAST(N'2018-09-24T15:47:21.890' AS DateTime), N'29BB9857D56DFA5E4F88679FE10687AE')
GO
INSERT [dbo].[BITACORA] ([BIT_ID], [BIT_USUARIO], [BIT_MENSAJE], [BIT_CRITICIDAD_ID], [BIT_FECHA], [BIT_DVH]) VALUES (351, 69, N'registrando en bit', 1, CAST(N'2018-09-24T15:47:21.893' AS DateTime), N'29BB9857D56DFA5E4F88679FE10687AE')
GO
INSERT [dbo].[BITACORA] ([BIT_ID], [BIT_USUARIO], [BIT_MENSAJE], [BIT_CRITICIDAD_ID], [BIT_FECHA], [BIT_DVH]) VALUES (352, 69, N'registrando en bit', 1, CAST(N'2018-09-24T15:47:21.900' AS DateTime), N'29BB9857D56DFA5E4F88679FE10687AE')
GO
INSERT [dbo].[BITACORA] ([BIT_ID], [BIT_USUARIO], [BIT_MENSAJE], [BIT_CRITICIDAD_ID], [BIT_FECHA], [BIT_DVH]) VALUES (353, 69, N'registrando en bit', 1, CAST(N'2018-09-24T15:47:21.907' AS DateTime), N'29BB9857D56DFA5E4F88679FE10687AE')
GO
INSERT [dbo].[BITACORA] ([BIT_ID], [BIT_USUARIO], [BIT_MENSAJE], [BIT_CRITICIDAD_ID], [BIT_FECHA], [BIT_DVH]) VALUES (354, 69, N'registrando en bit', 1, CAST(N'2018-09-24T15:47:21.913' AS DateTime), N'29BB9857D56DFA5E4F88679FE10687AE')
GO
INSERT [dbo].[BITACORA] ([BIT_ID], [BIT_USUARIO], [BIT_MENSAJE], [BIT_CRITICIDAD_ID], [BIT_FECHA], [BIT_DVH]) VALUES (355, 69, N'registrando en bit', 1, CAST(N'2018-09-24T15:47:21.917' AS DateTime), N'29BB9857D56DFA5E4F88679FE10687AE')
GO
INSERT [dbo].[BITACORA] ([BIT_ID], [BIT_USUARIO], [BIT_MENSAJE], [BIT_CRITICIDAD_ID], [BIT_FECHA], [BIT_DVH]) VALUES (356, 69, N'registrando en bit', 1, CAST(N'2018-09-24T15:47:21.923' AS DateTime), N'29BB9857D56DFA5E4F88679FE10687AE')
GO
INSERT [dbo].[BITACORA] ([BIT_ID], [BIT_USUARIO], [BIT_MENSAJE], [BIT_CRITICIDAD_ID], [BIT_FECHA], [BIT_DVH]) VALUES (357, 69, N'registrando en bit', 1, CAST(N'2018-09-24T15:47:21.927' AS DateTime), N'29BB9857D56DFA5E4F88679FE10687AE')
GO
INSERT [dbo].[BITACORA] ([BIT_ID], [BIT_USUARIO], [BIT_MENSAJE], [BIT_CRITICIDAD_ID], [BIT_FECHA], [BIT_DVH]) VALUES (358, 69, N'registrando en bit', 1, CAST(N'2018-09-24T15:47:21.933' AS DateTime), N'29BB9857D56DFA5E4F88679FE10687AE')
GO
INSERT [dbo].[BITACORA] ([BIT_ID], [BIT_USUARIO], [BIT_MENSAJE], [BIT_CRITICIDAD_ID], [BIT_FECHA], [BIT_DVH]) VALUES (359, 69, N'registrando en bit', 1, CAST(N'2018-09-24T15:47:21.940' AS DateTime), N'29BB9857D56DFA5E4F88679FE10687AE')
GO
INSERT [dbo].[BITACORA] ([BIT_ID], [BIT_USUARIO], [BIT_MENSAJE], [BIT_CRITICIDAD_ID], [BIT_FECHA], [BIT_DVH]) VALUES (360, 69, N'registrando en bit', 1, CAST(N'2018-09-24T15:47:21.943' AS DateTime), N'29BB9857D56DFA5E4F88679FE10687AE')
GO
SET IDENTITY_INSERT [dbo].[BITACORA] OFF
GO
SET IDENTITY_INSERT [dbo].[CRITICIDAD] ON 
GO
INSERT [dbo].[CRITICIDAD] ([CRIT_ID], [CRIT_NOMBRE]) VALUES (1, N'ALTA')
GO
INSERT [dbo].[CRITICIDAD] ([CRIT_ID], [CRIT_NOMBRE]) VALUES (2, N'MEDIA')
GO
INSERT [dbo].[CRITICIDAD] ([CRIT_ID], [CRIT_NOMBRE]) VALUES (3, N'BAJA')
GO
SET IDENTITY_INSERT [dbo].[CRITICIDAD] OFF
GO
SET IDENTITY_INSERT [dbo].[CURSO] ON 
GO
INSERT [dbo].[CURSO] ([CUR_ID], [CUR_NIVEL_ID], [CUR_CAPACIDAD], [CUR_CODIGO], [CUR_TURNO], [CUR_LETRA], [CUR_BORRADO]) VALUES (1, 9, 60, N'5ESBNT5', N'T', N'5', 1)
GO
INSERT [dbo].[CURSO] ([CUR_ID], [CUR_NIVEL_ID], [CUR_CAPACIDAD], [CUR_CODIGO], [CUR_TURNO], [CUR_LETRA], [CUR_BORRADO]) VALUES (2, 4, 0, N'1ESBM6', N'M', N'6', 1)
GO
INSERT [dbo].[CURSO] ([CUR_ID], [CUR_NIVEL_ID], [CUR_CAPACIDAD], [CUR_CODIGO], [CUR_TURNO], [CUR_LETRA], [CUR_BORRADO]) VALUES (3, 4, 0, N'1ESBM7', N'M', N'7', 1)
GO
INSERT [dbo].[CURSO] ([CUR_ID], [CUR_NIVEL_ID], [CUR_CAPACIDAD], [CUR_CODIGO], [CUR_TURNO], [CUR_LETRA], [CUR_BORRADO]) VALUES (4, 11, 40, N'6ESBNT5', N'T', N'5', 1)
GO
INSERT [dbo].[CURSO] ([CUR_ID], [CUR_NIVEL_ID], [CUR_CAPACIDAD], [CUR_CODIGO], [CUR_TURNO], [CUR_LETRA], [CUR_BORRADO]) VALUES (6, 7, 12, N'4ESBEMa', N'M', N'a', NULL)
GO
INSERT [dbo].[CURSO] ([CUR_ID], [CUR_NIVEL_ID], [CUR_CAPACIDAD], [CUR_CODIGO], [CUR_TURNO], [CUR_LETRA], [CUR_BORRADO]) VALUES (7, 4, 50, N'1ESBTB', N'T', N'B', NULL)
GO
INSERT [dbo].[CURSO] ([CUR_ID], [CUR_NIVEL_ID], [CUR_CAPACIDAD], [CUR_CODIGO], [CUR_TURNO], [CUR_LETRA], [CUR_BORRADO]) VALUES (8, 6, 40, N'3ESBMA', N'M', N'A', NULL)
GO
INSERT [dbo].[CURSO] ([CUR_ID], [CUR_NIVEL_ID], [CUR_CAPACIDAD], [CUR_CODIGO], [CUR_TURNO], [CUR_LETRA], [CUR_BORRADO]) VALUES (9, 11, 30, N'6ESBNMA', N'M', N'A', NULL)
GO
INSERT [dbo].[CURSO] ([CUR_ID], [CUR_NIVEL_ID], [CUR_CAPACIDAD], [CUR_CODIGO], [CUR_TURNO], [CUR_LETRA], [CUR_BORRADO]) VALUES (10, 5, 20, N'2ESBMA', N'M', N'A', NULL)
GO
INSERT [dbo].[CURSO] ([CUR_ID], [CUR_NIVEL_ID], [CUR_CAPACIDAD], [CUR_CODIGO], [CUR_TURNO], [CUR_LETRA], [CUR_BORRADO]) VALUES (11, 10, 20, N'5ESBEMA', N'M', N'A', NULL)
GO
INSERT [dbo].[CURSO] ([CUR_ID], [CUR_NIVEL_ID], [CUR_CAPACIDAD], [CUR_CODIGO], [CUR_TURNO], [CUR_LETRA], [CUR_BORRADO]) VALUES (12, 12, 20, N'6ESBEMA', N'M', N'A', NULL)
GO
SET IDENTITY_INSERT [dbo].[CURSO] OFF
GO
SET IDENTITY_INSERT [dbo].[DIGITO_VERTICAL] ON 
GO
INSERT [dbo].[DIGITO_VERTICAL] ([DV_ID], [DV_NOMBRE_TABLA], [DV_DIGITO_CALCULADO]) VALUES (11, N'USUARIO', N'A20A732D72AA75B38A3685BCF9499967')
GO
INSERT [dbo].[DIGITO_VERTICAL] ([DV_ID], [DV_NOMBRE_TABLA], [DV_DIGITO_CALCULADO]) VALUES (12, N'PATENTE', N'A73EC2C1016CE2AD65CB26CBA06F0D71')
GO
INSERT [dbo].[DIGITO_VERTICAL] ([DV_ID], [DV_NOMBRE_TABLA], [DV_DIGITO_CALCULADO]) VALUES (13, N'BITACORA', N'EA5FD0F3486710C43E9D93A19ACEEF8C')
GO
INSERT [dbo].[DIGITO_VERTICAL] ([DV_ID], [DV_NOMBRE_TABLA], [DV_DIGITO_CALCULADO]) VALUES (14, N'PLANILLA_DE_EVALUACION', N'C3A070863C982AB84A54274B7E081789')
GO
INSERT [dbo].[DIGITO_VERTICAL] ([DV_ID], [DV_NOMBRE_TABLA], [DV_DIGITO_CALCULADO]) VALUES (15, N'FAMILIA', N'8A9C2D819E6E743C3B0C3B89AB579FF7')
GO
INSERT [dbo].[DIGITO_VERTICAL] ([DV_ID], [DV_NOMBRE_TABLA], [DV_DIGITO_CALCULADO]) VALUES (16, N'INASISTENCIA_DE_ALUMNO', N'B158C0CF45CDCD64D1A369B98ADB6E2D')
GO
INSERT [dbo].[DIGITO_VERTICAL] ([DV_ID], [DV_NOMBRE_TABLA], [DV_DIGITO_CALCULADO]) VALUES (17, N'AMONESTACION', N'')
GO
INSERT [dbo].[DIGITO_VERTICAL] ([DV_ID], [DV_NOMBRE_TABLA], [DV_DIGITO_CALCULADO]) VALUES (18, N'USUARIO_FAMILIA', N'422154A60460F26AB63F433E7E35600E')
GO
INSERT [dbo].[DIGITO_VERTICAL] ([DV_ID], [DV_NOMBRE_TABLA], [DV_DIGITO_CALCULADO]) VALUES (19, N'USUARIO_PATENTE', N'9A5DAB0A02F7498B6F3A3798D1725F78')
GO
INSERT [dbo].[DIGITO_VERTICAL] ([DV_ID], [DV_NOMBRE_TABLA], [DV_DIGITO_CALCULADO]) VALUES (20, N'FAMILIA_PATENTE', N'3471502AED512322979ADC356A696A59')
GO
SET IDENTITY_INSERT [dbo].[DIGITO_VERTICAL] OFF
GO
SET IDENTITY_INSERT [dbo].[DOCENTE] ON 
GO
INSERT [dbo].[DOCENTE] ([DOC_LEGAJO], [DOC_APELLIDO], [DOC_NOMBRE], [DOC_DNI], [DOC_FECHA_NACIMIENTO], [DOC_DIRECCION], [DOC_TELEFONO]) VALUES (1, N'Reese', N'Cody', N'38000000', CAST(N'2018-10-11' AS Date), N'P.O. Box 592, 7156 Congue, St.', N'(02) 0552 1711')
GO
INSERT [dbo].[DOCENTE] ([DOC_LEGAJO], [DOC_APELLIDO], [DOC_NOMBRE], [DOC_DNI], [DOC_FECHA_NACIMIENTO], [DOC_DIRECCION], [DOC_TELEFONO]) VALUES (2, N'Barry', N'Alan', N'38000001', CAST(N'2017-11-29' AS Date), N'676-5653 Metus. Rd.', N'(09) 9813 6310')
GO
INSERT [dbo].[DOCENTE] ([DOC_LEGAJO], [DOC_APELLIDO], [DOC_NOMBRE], [DOC_DNI], [DOC_FECHA_NACIMIENTO], [DOC_DIRECCION], [DOC_TELEFONO]) VALUES (3, N'Duran', N'Dakota', N'38000002', CAST(N'2018-05-07' AS Date), N'346-7389 Risus. Ave', N'(06) 0905 8113')
GO
INSERT [dbo].[DOCENTE] ([DOC_LEGAJO], [DOC_APELLIDO], [DOC_NOMBRE], [DOC_DNI], [DOC_FECHA_NACIMIENTO], [DOC_DIRECCION], [DOC_TELEFONO]) VALUES (4, N'Woodard', N'Dakota', N'38000003', CAST(N'2018-10-22' AS Date), N'Ap #576-7694 Sem, Rd.', N'(07) 1010 7879')
GO
INSERT [dbo].[DOCENTE] ([DOC_LEGAJO], [DOC_APELLIDO], [DOC_NOMBRE], [DOC_DNI], [DOC_FECHA_NACIMIENTO], [DOC_DIRECCION], [DOC_TELEFONO]) VALUES (5, N'Mayo', N'Chancellor', N'38000004', CAST(N'2017-12-26' AS Date), N'P.O. Box 769, 6930 Vitae St.', N'(03) 3264 8811')
GO
INSERT [dbo].[DOCENTE] ([DOC_LEGAJO], [DOC_APELLIDO], [DOC_NOMBRE], [DOC_DNI], [DOC_FECHA_NACIMIENTO], [DOC_DIRECCION], [DOC_TELEFONO]) VALUES (6, N'Boyle', N'Carl', N'38000005', CAST(N'2019-03-24' AS Date), N'Ap #761-788 Ante. Street', N'(01) 5887 6378')
GO
INSERT [dbo].[DOCENTE] ([DOC_LEGAJO], [DOC_APELLIDO], [DOC_NOMBRE], [DOC_DNI], [DOC_FECHA_NACIMIENTO], [DOC_DIRECCION], [DOC_TELEFONO]) VALUES (7, N'Meyers', N'Stacey', N'38000006', CAST(N'2019-01-05' AS Date), N'P.O. Box 644, 7302 Enim St.', N'(03) 8461 6471')
GO
INSERT [dbo].[DOCENTE] ([DOC_LEGAJO], [DOC_APELLIDO], [DOC_NOMBRE], [DOC_DNI], [DOC_FECHA_NACIMIENTO], [DOC_DIRECCION], [DOC_TELEFONO]) VALUES (8, N'Peck', N'Theodore', N'38000007', CAST(N'2019-02-02' AS Date), N'Ap #676-5973 Interdum. Ave', N'(06) 6546 0536')
GO
INSERT [dbo].[DOCENTE] ([DOC_LEGAJO], [DOC_APELLIDO], [DOC_NOMBRE], [DOC_DNI], [DOC_FECHA_NACIMIENTO], [DOC_DIRECCION], [DOC_TELEFONO]) VALUES (9, N'Suarez', N'Nyssa', N'38000008', CAST(N'2019-08-25' AS Date), N'Ap #690-1109 Netus St.', N'(06) 5322 1822')
GO
INSERT [dbo].[DOCENTE] ([DOC_LEGAJO], [DOC_APELLIDO], [DOC_NOMBRE], [DOC_DNI], [DOC_FECHA_NACIMIENTO], [DOC_DIRECCION], [DOC_TELEFONO]) VALUES (10, N'Rose', N'Zia', N'38000009', CAST(N'2018-06-04' AS Date), N'211-5367 Imperdiet Rd.', N'(01) 8975 1496')
GO
INSERT [dbo].[DOCENTE] ([DOC_LEGAJO], [DOC_APELLIDO], [DOC_NOMBRE], [DOC_DNI], [DOC_FECHA_NACIMIENTO], [DOC_DIRECCION], [DOC_TELEFONO]) VALUES (11, N'Marquez', N'Nayda', N'38000010', CAST(N'2018-06-01' AS Date), N'P.O. Box 308, 2658 Quis Av.', N'(07) 5520 7596')
GO
INSERT [dbo].[DOCENTE] ([DOC_LEGAJO], [DOC_APELLIDO], [DOC_NOMBRE], [DOC_DNI], [DOC_FECHA_NACIMIENTO], [DOC_DIRECCION], [DOC_TELEFONO]) VALUES (12, N'Mason', N'Hanae', N'38000011', CAST(N'2018-05-31' AS Date), N'Ap #530-7718 Feugiat Street', N'(02) 2449 9981')
GO
INSERT [dbo].[DOCENTE] ([DOC_LEGAJO], [DOC_APELLIDO], [DOC_NOMBRE], [DOC_DNI], [DOC_FECHA_NACIMIENTO], [DOC_DIRECCION], [DOC_TELEFONO]) VALUES (13, N'Hinton', N'Gareth', N'38000012', CAST(N'2019-07-20' AS Date), N'Ap #324-6555 In Road', N'(03) 9345 1967')
GO
INSERT [dbo].[DOCENTE] ([DOC_LEGAJO], [DOC_APELLIDO], [DOC_NOMBRE], [DOC_DNI], [DOC_FECHA_NACIMIENTO], [DOC_DIRECCION], [DOC_TELEFONO]) VALUES (14, N'Anthony', N'Brett', N'38000013', CAST(N'2018-06-12' AS Date), N'P.O. Box 207, 9683 Vitae Ave', N'(07) 8936 2371')
GO
INSERT [dbo].[DOCENTE] ([DOC_LEGAJO], [DOC_APELLIDO], [DOC_NOMBRE], [DOC_DNI], [DOC_FECHA_NACIMIENTO], [DOC_DIRECCION], [DOC_TELEFONO]) VALUES (15, N'Mcbride', N'Cecilia', N'38000014', CAST(N'2019-06-28' AS Date), N'666 Rutrum St.', N'(03) 1010 4467')
GO
INSERT [dbo].[DOCENTE] ([DOC_LEGAJO], [DOC_APELLIDO], [DOC_NOMBRE], [DOC_DNI], [DOC_FECHA_NACIMIENTO], [DOC_DIRECCION], [DOC_TELEFONO]) VALUES (16, N'Harrington', N'Audrey', N'38000015', CAST(N'2019-09-20' AS Date), N'210-8872 In Street', N'(07) 1087 2781')
GO
INSERT [dbo].[DOCENTE] ([DOC_LEGAJO], [DOC_APELLIDO], [DOC_NOMBRE], [DOC_DNI], [DOC_FECHA_NACIMIENTO], [DOC_DIRECCION], [DOC_TELEFONO]) VALUES (17, N'Golden', N'India', N'38000016', CAST(N'2017-12-30' AS Date), N'1747 Odio Street', N'(01) 9601 5721')
GO
INSERT [dbo].[DOCENTE] ([DOC_LEGAJO], [DOC_APELLIDO], [DOC_NOMBRE], [DOC_DNI], [DOC_FECHA_NACIMIENTO], [DOC_DIRECCION], [DOC_TELEFONO]) VALUES (18, N'Riggs', N'Shoshana', N'38000017', CAST(N'2019-01-19' AS Date), N'P.O. Box 983, 9353 Est. Avenue', N'(03) 3627 8953')
GO
INSERT [dbo].[DOCENTE] ([DOC_LEGAJO], [DOC_APELLIDO], [DOC_NOMBRE], [DOC_DNI], [DOC_FECHA_NACIMIENTO], [DOC_DIRECCION], [DOC_TELEFONO]) VALUES (19, N'Maldonado', N'Azalia', N'38000018', CAST(N'2019-03-12' AS Date), N'P.O. Box 231, 8388 Eu Rd.', N'(02) 5004 7794')
GO
INSERT [dbo].[DOCENTE] ([DOC_LEGAJO], [DOC_APELLIDO], [DOC_NOMBRE], [DOC_DNI], [DOC_FECHA_NACIMIENTO], [DOC_DIRECCION], [DOC_TELEFONO]) VALUES (20, N'Hatfield', N'Diana', N'38000019', CAST(N'2018-09-15' AS Date), N'Ap #954-2507 Auctor St.', N'(09) 1731 2435')
GO
SET IDENTITY_INSERT [dbo].[DOCENTE] OFF
GO
SET IDENTITY_INSERT [dbo].[FAMILIA] ON 
GO
INSERT [dbo].[FAMILIA] ([FAM_ID], [FAM_NOMBRE], [FAM_BLOQUEADA], [FAM_DVH]) VALUES (9, N'V7qhifn+LQpTi3w6W3XcZOidrD5TUd0Le14fbkjoVNg=', 0, N'F00B0A2095855C08664F3CBE57E20183')
GO
INSERT [dbo].[FAMILIA] ([FAM_ID], [FAM_NOMBRE], [FAM_BLOQUEADA], [FAM_DVH]) VALUES (10, N'aiRBkNt163/dw27W5LFG3Do3y2e27Gte/TGQD18GrvA=', 0, N'2E52D9F012933008A3ED040FFF11253D')
GO
SET IDENTITY_INSERT [dbo].[FAMILIA] OFF
GO
INSERT [dbo].[FAMILIA_PATENTE] ([FP_PATENTE_ID], [FP_FAMILIA_ID], [FP_DVH]) VALUES (30, 10, N'E515DF0D202AE52FCEBB14295743063B')
GO
INSERT [dbo].[FAMILIA_PATENTE] ([FP_PATENTE_ID], [FP_FAMILIA_ID], [FP_DVH]) VALUES (32, 10, N'995E1FDA4A2B5F55EF0DF50868BF2A8F')
GO
INSERT [dbo].[FAMILIA_PATENTE] ([FP_PATENTE_ID], [FP_FAMILIA_ID], [FP_DVH]) VALUES (33, 10, N'E17184BCB70DCF3942C54E0B537FFC6D')
GO
INSERT [dbo].[FAMILIA_PATENTE] ([FP_PATENTE_ID], [FP_FAMILIA_ID], [FP_DVH]) VALUES (34, 10, N'BDB106A0560C4E46CCC488EF010AF787')
GO
INSERT [dbo].[FAMILIA_PATENTE] ([FP_PATENTE_ID], [FP_FAMILIA_ID], [FP_DVH]) VALUES (35, 10, N'A34BACF839B923770B2C360EEFA26748')
GO
INSERT [dbo].[FAMILIA_PATENTE] ([FP_PATENTE_ID], [FP_FAMILIA_ID], [FP_DVH]) VALUES (36, 10, N'83FA5A432AE55C253D0E60DBFA716723')
GO
INSERT [dbo].[FAMILIA_PATENTE] ([FP_PATENTE_ID], [FP_FAMILIA_ID], [FP_DVH]) VALUES (37, 10, N'EDDB904A6DB773755D2857AACADB1CB0')
GO
INSERT [dbo].[FAMILIA_PATENTE] ([FP_PATENTE_ID], [FP_FAMILIA_ID], [FP_DVH]) VALUES (38, 10, N'6D70CB65D15211726DCCE4C0E971E21C')
GO
INSERT [dbo].[FAMILIA_PATENTE] ([FP_PATENTE_ID], [FP_FAMILIA_ID], [FP_DVH]) VALUES (39, 10, N'27ED0FB950B856B06E1273989422E7D3')
GO
INSERT [dbo].[FAMILIA_PATENTE] ([FP_PATENTE_ID], [FP_FAMILIA_ID], [FP_DVH]) VALUES (1, 9, N'54229ABFCFA5649E7003B83DD4755294')
GO
INSERT [dbo].[FAMILIA_PATENTE] ([FP_PATENTE_ID], [FP_FAMILIA_ID], [FP_DVH]) VALUES (6, 9, N'26657D5FF9020D2ABEFE558796B99584')
GO
INSERT [dbo].[FAMILIA_PATENTE] ([FP_PATENTE_ID], [FP_FAMILIA_ID], [FP_DVH]) VALUES (7, 9, N'E2EF524FBF3D9FE611D5A8E90FEFDC9C')
GO
SET IDENTITY_INSERT [dbo].[HORARIO] ON 
GO
INSERT [dbo].[HORARIO] ([HOR_ID], [HOR_DIA], [HOR_CURSO], [HOR_MATERIA_ID], [HOR_DOCENTE_ID], [HOR_MODULO_ID]) VALUES (9, 1, 6, 10, 1, 1)
GO
INSERT [dbo].[HORARIO] ([HOR_ID], [HOR_DIA], [HOR_CURSO], [HOR_MATERIA_ID], [HOR_DOCENTE_ID], [HOR_MODULO_ID]) VALUES (10, 2, 6, 11, 9, 1)
GO
INSERT [dbo].[HORARIO] ([HOR_ID], [HOR_DIA], [HOR_CURSO], [HOR_MATERIA_ID], [HOR_DOCENTE_ID], [HOR_MODULO_ID]) VALUES (13, 2, 7, 10, 1, 4)
GO
SET IDENTITY_INSERT [dbo].[HORARIO] OFF
GO
SET IDENTITY_INSERT [dbo].[IDIOMA] ON 
GO
INSERT [dbo].[IDIOMA] ([IDI_ID], [IDI_CODIGO], [IDI_DESCRIPCION]) VALUES (1, N'es', N'espaol')
GO
INSERT [dbo].[IDIOMA] ([IDI_ID], [IDI_CODIGO], [IDI_DESCRIPCION]) VALUES (2, N'en', N'ingles')
GO
SET IDENTITY_INSERT [dbo].[IDIOMA] OFF
GO
INSERT [dbo].[INASISTENCIA_DE_ALUMNO] ([INA_ALUMNO_ID], [INA_FECHA], [INA_VALOR], [INA_DVH], [INA_JUSTIFICADA]) VALUES (8, CAST(N'2017-10-06' AS Date), CAST(1.00 AS Numeric(19, 2)), N'3FFAB4415A7EB63F5BB7DB9F7834F07F', 0)
GO
INSERT [dbo].[INASISTENCIA_DE_ALUMNO] ([INA_ALUMNO_ID], [INA_FECHA], [INA_VALOR], [INA_DVH], [INA_JUSTIFICADA]) VALUES (8, CAST(N'2017-10-10' AS Date), CAST(1.00 AS Numeric(19, 2)), N'9F6C9C8795C2D25465C7A9D4BD00E345', 0)
GO
INSERT [dbo].[INASISTENCIA_DE_ALUMNO] ([INA_ALUMNO_ID], [INA_FECHA], [INA_VALOR], [INA_DVH], [INA_JUSTIFICADA]) VALUES (8, CAST(N'2017-09-06' AS Date), CAST(1.00 AS Numeric(19, 2)), N'840C713B6915A3CC74DE36E354027417', 0)
GO
INSERT [dbo].[INASISTENCIA_DE_ALUMNO] ([INA_ALUMNO_ID], [INA_FECHA], [INA_VALOR], [INA_DVH], [INA_JUSTIFICADA]) VALUES (8, CAST(N'2017-11-07' AS Date), CAST(1.00 AS Numeric(19, 2)), N'C5391A36899CEB53342BD5AFADC29475', 0)
GO
INSERT [dbo].[INASISTENCIA_DE_ALUMNO] ([INA_ALUMNO_ID], [INA_FECHA], [INA_VALOR], [INA_DVH], [INA_JUSTIFICADA]) VALUES (8, CAST(N'2017-11-06' AS Date), CAST(1.00 AS Numeric(19, 2)), N'AF0FB342DEE92BD6DE87965BB6712AA3', 0)
GO
INSERT [dbo].[INASISTENCIA_DE_ALUMNO] ([INA_ALUMNO_ID], [INA_FECHA], [INA_VALOR], [INA_DVH], [INA_JUSTIFICADA]) VALUES (8, CAST(N'2017-10-01' AS Date), CAST(1.00 AS Numeric(19, 2)), N'9E052049441561F323A9BF8C60D3D5B5', 0)
GO
INSERT [dbo].[INASISTENCIA_DE_ALUMNO] ([INA_ALUMNO_ID], [INA_FECHA], [INA_VALOR], [INA_DVH], [INA_JUSTIFICADA]) VALUES (8, CAST(N'2017-10-08' AS Date), CAST(1.00 AS Numeric(19, 2)), N'BA6693188B8EF9917A054B5414B9BCF4', 0)
GO
INSERT [dbo].[INASISTENCIA_DE_ALUMNO] ([INA_ALUMNO_ID], [INA_FECHA], [INA_VALOR], [INA_DVH], [INA_JUSTIFICADA]) VALUES (8, CAST(N'2017-10-20' AS Date), CAST(0.00 AS Numeric(19, 2)), N'3C057332679CF41B99B31E2EEE262DDE', 0)
GO
INSERT [dbo].[INASISTENCIA_DE_ALUMNO] ([INA_ALUMNO_ID], [INA_FECHA], [INA_VALOR], [INA_DVH], [INA_JUSTIFICADA]) VALUES (8, CAST(N'2017-10-28' AS Date), CAST(0.00 AS Numeric(19, 2)), N'96CADA6CC4C4F7DE6A8991DA7D37227F', 0)
GO
INSERT [dbo].[INASISTENCIA_DE_ALUMNO] ([INA_ALUMNO_ID], [INA_FECHA], [INA_VALOR], [INA_DVH], [INA_JUSTIFICADA]) VALUES (8, CAST(N'2017-10-04' AS Date), CAST(0.50 AS Numeric(19, 2)), N'F8E2FCCFD185F602C12D73771C7E90D9', 0)
GO
SET IDENTITY_INSERT [dbo].[MATERIA] ON 
GO
INSERT [dbo].[MATERIA] ([MAT_ID], [MAT_NOMBRE], [MAT_DESCRIPCION], [MAT_TIPO], [MAT_BORRADA]) VALUES (1, N'Matematicaasdasdasda', N'matematica basicaasdasdasdasdasdasdasdasdasdasdasd', 0, 1)
GO
INSERT [dbo].[MATERIA] ([MAT_ID], [MAT_NOMBRE], [MAT_DESCRIPCION], [MAT_TIPO], [MAT_BORRADA]) VALUES (3, N'materia3', N'testing', 0, 1)
GO
INSERT [dbo].[MATERIA] ([MAT_ID], [MAT_NOMBRE], [MAT_DESCRIPCION], [MAT_TIPO], [MAT_BORRADA]) VALUES (4, N'materia3', N'testing2', 0, 1)
GO
INSERT [dbo].[MATERIA] ([MAT_ID], [MAT_NOMBRE], [MAT_DESCRIPCION], [MAT_TIPO], [MAT_BORRADA]) VALUES (5, N'materia3', N'testeando el soft delete', 0, 1)
GO
INSERT [dbo].[MATERIA] ([MAT_ID], [MAT_NOMBRE], [MAT_DESCRIPCION], [MAT_TIPO], [MAT_BORRADA]) VALUES (6, N'Historia', N'Historia Argentina', 1, 1)
GO
INSERT [dbo].[MATERIA] ([MAT_ID], [MAT_NOMBRE], [MAT_DESCRIPCION], [MAT_TIPO], [MAT_BORRADA]) VALUES (7, N'Matematica', N'matematica', 1, 1)
GO
INSERT [dbo].[MATERIA] ([MAT_ID], [MAT_NOMBRE], [MAT_DESCRIPCION], [MAT_TIPO], [MAT_BORRADA]) VALUES (8, N'Educacion Civica', N'educacion civica', 0, 1)
GO
INSERT [dbo].[MATERIA] ([MAT_ID], [MAT_NOMBRE], [MAT_DESCRIPCION], [MAT_TIPO], [MAT_BORRADA]) VALUES (9, N'modificar', N'modificiar', 0, 1)
GO
INSERT [dbo].[MATERIA] ([MAT_ID], [MAT_NOMBRE], [MAT_DESCRIPCION], [MAT_TIPO], [MAT_BORRADA]) VALUES (10, N'historia', N'historia', 1, NULL)
GO
INSERT [dbo].[MATERIA] ([MAT_ID], [MAT_NOMBRE], [MAT_DESCRIPCION], [MAT_TIPO], [MAT_BORRADA]) VALUES (11, N'Matematica', N'mates', 1, NULL)
GO
INSERT [dbo].[MATERIA] ([MAT_ID], [MAT_NOMBRE], [MAT_DESCRIPCION], [MAT_TIPO], [MAT_BORRADA]) VALUES (12, N'Lengua', N'lengua', 1, NULL)
GO
INSERT [dbo].[MATERIA] ([MAT_ID], [MAT_NOMBRE], [MAT_DESCRIPCION], [MAT_TIPO], [MAT_BORRADA]) VALUES (13, N'Ingles', N'ing', 1, NULL)
GO
INSERT [dbo].[MATERIA] ([MAT_ID], [MAT_NOMBRE], [MAT_DESCRIPCION], [MAT_TIPO], [MAT_BORRADA]) VALUES (14, N'Fisica', N'', 1, NULL)
GO
INSERT [dbo].[MATERIA] ([MAT_ID], [MAT_NOMBRE], [MAT_DESCRIPCION], [MAT_TIPO], [MAT_BORRADA]) VALUES (15, N'Educ Fisica', N'ef', 1, NULL)
GO
INSERT [dbo].[MATERIA] ([MAT_ID], [MAT_NOMBRE], [MAT_DESCRIPCION], [MAT_TIPO], [MAT_BORRADA]) VALUES (16, N'Naturales', N'nat', 1, NULL)
GO
INSERT [dbo].[MATERIA] ([MAT_ID], [MAT_NOMBRE], [MAT_DESCRIPCION], [MAT_TIPO], [MAT_BORRADA]) VALUES (17, N'Quimica', N'Quim', 1, NULL)
GO
SET IDENTITY_INSERT [dbo].[MATERIA] OFF
GO
INSERT [dbo].[MATERIA_NIVEL] ([MN_MATERIA_ID], [MN_NIVEL_ID]) VALUES (10, 4)
GO
INSERT [dbo].[MATERIA_NIVEL] ([MN_MATERIA_ID], [MN_NIVEL_ID]) VALUES (11, 4)
GO
INSERT [dbo].[MATERIA_NIVEL] ([MN_MATERIA_ID], [MN_NIVEL_ID]) VALUES (10, 5)
GO
INSERT [dbo].[MATERIA_NIVEL] ([MN_MATERIA_ID], [MN_NIVEL_ID]) VALUES (11, 5)
GO
INSERT [dbo].[MATERIA_NIVEL] ([MN_MATERIA_ID], [MN_NIVEL_ID]) VALUES (12, 5)
GO
INSERT [dbo].[MATERIA_NIVEL] ([MN_MATERIA_ID], [MN_NIVEL_ID]) VALUES (13, 5)
GO
INSERT [dbo].[MATERIA_NIVEL] ([MN_MATERIA_ID], [MN_NIVEL_ID]) VALUES (14, 5)
GO
INSERT [dbo].[MATERIA_NIVEL] ([MN_MATERIA_ID], [MN_NIVEL_ID]) VALUES (15, 5)
GO
INSERT [dbo].[MATERIA_NIVEL] ([MN_MATERIA_ID], [MN_NIVEL_ID]) VALUES (16, 5)
GO
INSERT [dbo].[MATERIA_NIVEL] ([MN_MATERIA_ID], [MN_NIVEL_ID]) VALUES (17, 5)
GO
INSERT [dbo].[MATERIA_NIVEL] ([MN_MATERIA_ID], [MN_NIVEL_ID]) VALUES (12, 4)
GO
INSERT [dbo].[MATERIA_NIVEL] ([MN_MATERIA_ID], [MN_NIVEL_ID]) VALUES (13, 4)
GO
INSERT [dbo].[MATERIA_NIVEL] ([MN_MATERIA_ID], [MN_NIVEL_ID]) VALUES (14, 4)
GO
INSERT [dbo].[MATERIA_NIVEL] ([MN_MATERIA_ID], [MN_NIVEL_ID]) VALUES (15, 4)
GO
INSERT [dbo].[MATERIA_NIVEL] ([MN_MATERIA_ID], [MN_NIVEL_ID]) VALUES (16, 4)
GO
INSERT [dbo].[MATERIA_NIVEL] ([MN_MATERIA_ID], [MN_NIVEL_ID]) VALUES (17, 4)
GO
INSERT [dbo].[MATERIA_NIVEL] ([MN_MATERIA_ID], [MN_NIVEL_ID]) VALUES (10, 7)
GO
INSERT [dbo].[MATERIA_NIVEL] ([MN_MATERIA_ID], [MN_NIVEL_ID]) VALUES (11, 7)
GO
INSERT [dbo].[MATERIA_NIVEL] ([MN_MATERIA_ID], [MN_NIVEL_ID]) VALUES (12, 7)
GO
INSERT [dbo].[MATERIA_NIVEL] ([MN_MATERIA_ID], [MN_NIVEL_ID]) VALUES (13, 7)
GO
INSERT [dbo].[MATERIA_NIVEL] ([MN_MATERIA_ID], [MN_NIVEL_ID]) VALUES (14, 7)
GO
INSERT [dbo].[MATERIA_NIVEL] ([MN_MATERIA_ID], [MN_NIVEL_ID]) VALUES (15, 7)
GO
INSERT [dbo].[MATERIA_NIVEL] ([MN_MATERIA_ID], [MN_NIVEL_ID]) VALUES (16, 7)
GO
INSERT [dbo].[MATERIA_NIVEL] ([MN_MATERIA_ID], [MN_NIVEL_ID]) VALUES (17, 7)
GO
INSERT [dbo].[MATERIA_NIVEL] ([MN_MATERIA_ID], [MN_NIVEL_ID]) VALUES (10, 8)
GO
INSERT [dbo].[MATERIA_NIVEL] ([MN_MATERIA_ID], [MN_NIVEL_ID]) VALUES (11, 8)
GO
INSERT [dbo].[MATERIA_NIVEL] ([MN_MATERIA_ID], [MN_NIVEL_ID]) VALUES (12, 8)
GO
INSERT [dbo].[MATERIA_NIVEL] ([MN_MATERIA_ID], [MN_NIVEL_ID]) VALUES (13, 8)
GO
INSERT [dbo].[MATERIA_NIVEL] ([MN_MATERIA_ID], [MN_NIVEL_ID]) VALUES (14, 8)
GO
INSERT [dbo].[MATERIA_NIVEL] ([MN_MATERIA_ID], [MN_NIVEL_ID]) VALUES (15, 8)
GO
INSERT [dbo].[MATERIA_NIVEL] ([MN_MATERIA_ID], [MN_NIVEL_ID]) VALUES (16, 8)
GO
INSERT [dbo].[MATERIA_NIVEL] ([MN_MATERIA_ID], [MN_NIVEL_ID]) VALUES (17, 8)
GO
INSERT [dbo].[MATERIA_NIVEL] ([MN_MATERIA_ID], [MN_NIVEL_ID]) VALUES (10, 9)
GO
INSERT [dbo].[MATERIA_NIVEL] ([MN_MATERIA_ID], [MN_NIVEL_ID]) VALUES (11, 9)
GO
INSERT [dbo].[MATERIA_NIVEL] ([MN_MATERIA_ID], [MN_NIVEL_ID]) VALUES (12, 9)
GO
INSERT [dbo].[MATERIA_NIVEL] ([MN_MATERIA_ID], [MN_NIVEL_ID]) VALUES (13, 9)
GO
INSERT [dbo].[MATERIA_NIVEL] ([MN_MATERIA_ID], [MN_NIVEL_ID]) VALUES (14, 9)
GO
INSERT [dbo].[MATERIA_NIVEL] ([MN_MATERIA_ID], [MN_NIVEL_ID]) VALUES (15, 9)
GO
INSERT [dbo].[MATERIA_NIVEL] ([MN_MATERIA_ID], [MN_NIVEL_ID]) VALUES (16, 9)
GO
INSERT [dbo].[MATERIA_NIVEL] ([MN_MATERIA_ID], [MN_NIVEL_ID]) VALUES (17, 9)
GO
INSERT [dbo].[MATERIA_NIVEL] ([MN_MATERIA_ID], [MN_NIVEL_ID]) VALUES (10, 10)
GO
INSERT [dbo].[MATERIA_NIVEL] ([MN_MATERIA_ID], [MN_NIVEL_ID]) VALUES (11, 10)
GO
INSERT [dbo].[MATERIA_NIVEL] ([MN_MATERIA_ID], [MN_NIVEL_ID]) VALUES (12, 10)
GO
INSERT [dbo].[MATERIA_NIVEL] ([MN_MATERIA_ID], [MN_NIVEL_ID]) VALUES (13, 10)
GO
INSERT [dbo].[MATERIA_NIVEL] ([MN_MATERIA_ID], [MN_NIVEL_ID]) VALUES (14, 10)
GO
INSERT [dbo].[MATERIA_NIVEL] ([MN_MATERIA_ID], [MN_NIVEL_ID]) VALUES (15, 10)
GO
INSERT [dbo].[MATERIA_NIVEL] ([MN_MATERIA_ID], [MN_NIVEL_ID]) VALUES (16, 10)
GO
INSERT [dbo].[MATERIA_NIVEL] ([MN_MATERIA_ID], [MN_NIVEL_ID]) VALUES (17, 10)
GO
INSERT [dbo].[MATERIA_NIVEL] ([MN_MATERIA_ID], [MN_NIVEL_ID]) VALUES (10, 11)
GO
INSERT [dbo].[MATERIA_NIVEL] ([MN_MATERIA_ID], [MN_NIVEL_ID]) VALUES (11, 11)
GO
INSERT [dbo].[MATERIA_NIVEL] ([MN_MATERIA_ID], [MN_NIVEL_ID]) VALUES (12, 11)
GO
INSERT [dbo].[MATERIA_NIVEL] ([MN_MATERIA_ID], [MN_NIVEL_ID]) VALUES (13, 11)
GO
INSERT [dbo].[MATERIA_NIVEL] ([MN_MATERIA_ID], [MN_NIVEL_ID]) VALUES (14, 11)
GO
INSERT [dbo].[MATERIA_NIVEL] ([MN_MATERIA_ID], [MN_NIVEL_ID]) VALUES (15, 11)
GO
INSERT [dbo].[MATERIA_NIVEL] ([MN_MATERIA_ID], [MN_NIVEL_ID]) VALUES (16, 11)
GO
INSERT [dbo].[MATERIA_NIVEL] ([MN_MATERIA_ID], [MN_NIVEL_ID]) VALUES (17, 11)
GO
INSERT [dbo].[MATERIA_NIVEL] ([MN_MATERIA_ID], [MN_NIVEL_ID]) VALUES (10, 12)
GO
INSERT [dbo].[MATERIA_NIVEL] ([MN_MATERIA_ID], [MN_NIVEL_ID]) VALUES (11, 12)
GO
INSERT [dbo].[MATERIA_NIVEL] ([MN_MATERIA_ID], [MN_NIVEL_ID]) VALUES (12, 12)
GO
INSERT [dbo].[MATERIA_NIVEL] ([MN_MATERIA_ID], [MN_NIVEL_ID]) VALUES (13, 12)
GO
INSERT [dbo].[MATERIA_NIVEL] ([MN_MATERIA_ID], [MN_NIVEL_ID]) VALUES (14, 12)
GO
INSERT [dbo].[MATERIA_NIVEL] ([MN_MATERIA_ID], [MN_NIVEL_ID]) VALUES (15, 12)
GO
INSERT [dbo].[MATERIA_NIVEL] ([MN_MATERIA_ID], [MN_NIVEL_ID]) VALUES (16, 12)
GO
INSERT [dbo].[MATERIA_NIVEL] ([MN_MATERIA_ID], [MN_NIVEL_ID]) VALUES (17, 12)
GO
INSERT [dbo].[MATERIA_NIVEL] ([MN_MATERIA_ID], [MN_NIVEL_ID]) VALUES (10, 6)
GO
INSERT [dbo].[MATERIA_NIVEL] ([MN_MATERIA_ID], [MN_NIVEL_ID]) VALUES (11, 6)
GO
INSERT [dbo].[MATERIA_NIVEL] ([MN_MATERIA_ID], [MN_NIVEL_ID]) VALUES (12, 6)
GO
INSERT [dbo].[MATERIA_NIVEL] ([MN_MATERIA_ID], [MN_NIVEL_ID]) VALUES (13, 6)
GO
INSERT [dbo].[MATERIA_NIVEL] ([MN_MATERIA_ID], [MN_NIVEL_ID]) VALUES (14, 6)
GO
INSERT [dbo].[MATERIA_NIVEL] ([MN_MATERIA_ID], [MN_NIVEL_ID]) VALUES (15, 6)
GO
INSERT [dbo].[MATERIA_NIVEL] ([MN_MATERIA_ID], [MN_NIVEL_ID]) VALUES (16, 6)
GO
INSERT [dbo].[MATERIA_NIVEL] ([MN_MATERIA_ID], [MN_NIVEL_ID]) VALUES (17, 6)
GO
INSERT [dbo].[MENSAJE] ([MSJ_CODIGO], [MSJ_IDIOMA_ID], [MSJ_TEXTO]) VALUES (N'com.td.mensaje', 1, N'Mensaje')
GO
INSERT [dbo].[MENSAJE] ([MSJ_CODIGO], [MSJ_IDIOMA_ID], [MSJ_TEXTO]) VALUES (N'com.td.mensaje', 2, N'Message')
GO
INSERT [dbo].[MENSAJE] ([MSJ_CODIGO], [MSJ_IDIOMA_ID], [MSJ_TEXTO]) VALUES (N'com.td.alumno', 1, N'Alumno')
GO
INSERT [dbo].[MENSAJE] ([MSJ_CODIGO], [MSJ_IDIOMA_ID], [MSJ_TEXTO]) VALUES (N'com.td.alumno', 2, N'Student')
GO
INSERT [dbo].[MENSAJE] ([MSJ_CODIGO], [MSJ_IDIOMA_ID], [MSJ_TEXTO]) VALUES (N'com.td.alumnos', 1, N'Alumnos')
GO
INSERT [dbo].[MENSAJE] ([MSJ_CODIGO], [MSJ_IDIOMA_ID], [MSJ_TEXTO]) VALUES (N'com.td.alumnos', 2, N'Students')
GO
INSERT [dbo].[MENSAJE] ([MSJ_CODIGO], [MSJ_IDIOMA_ID], [MSJ_TEXTO]) VALUES (N'com.td.nombre', 1, N'Nombre')
GO
INSERT [dbo].[MENSAJE] ([MSJ_CODIGO], [MSJ_IDIOMA_ID], [MSJ_TEXTO]) VALUES (N'com.td.nombre', 2, N'Name')
GO
INSERT [dbo].[MENSAJE] ([MSJ_CODIGO], [MSJ_IDIOMA_ID], [MSJ_TEXTO]) VALUES (N'com.td.apellido', 1, N'Apellido')
GO
INSERT [dbo].[MENSAJE] ([MSJ_CODIGO], [MSJ_IDIOMA_ID], [MSJ_TEXTO]) VALUES (N'com.td.apellido', 2, N'Lastname')
GO
INSERT [dbo].[MENSAJE] ([MSJ_CODIGO], [MSJ_IDIOMA_ID], [MSJ_TEXTO]) VALUES (N'com.td.d.n.i.', 1, N'D.N.I.')
GO
INSERT [dbo].[MENSAJE] ([MSJ_CODIGO], [MSJ_IDIOMA_ID], [MSJ_TEXTO]) VALUES (N'com.td.d.n.i.', 2, N'ID')
GO
INSERT [dbo].[MENSAJE] ([MSJ_CODIGO], [MSJ_IDIOMA_ID], [MSJ_TEXTO]) VALUES (N'com.td.domicilio', 1, N'Domicilio')
GO
INSERT [dbo].[MENSAJE] ([MSJ_CODIGO], [MSJ_IDIOMA_ID], [MSJ_TEXTO]) VALUES (N'com.td.domicilio', 2, N'Address')
GO
INSERT [dbo].[MENSAJE] ([MSJ_CODIGO], [MSJ_IDIOMA_ID], [MSJ_TEXTO]) VALUES (N'com.td.fecha.de.nacimiento', 1, N'Fecha de Nacimiento')
GO
INSERT [dbo].[MENSAJE] ([MSJ_CODIGO], [MSJ_IDIOMA_ID], [MSJ_TEXTO]) VALUES (N'com.td.fecha.de.nacimiento', 2, N'Birthdate')
GO
INSERT [dbo].[MENSAJE] ([MSJ_CODIGO], [MSJ_IDIOMA_ID], [MSJ_TEXTO]) VALUES (N'com.td.curso', 1, N'Curso')
GO
INSERT [dbo].[MENSAJE] ([MSJ_CODIGO], [MSJ_IDIOMA_ID], [MSJ_TEXTO]) VALUES (N'com.td.curso', 2, N'Course')
GO
INSERT [dbo].[MENSAJE] ([MSJ_CODIGO], [MSJ_IDIOMA_ID], [MSJ_TEXTO]) VALUES (N'com.td.orientacin', 1, N'Orientacin')
GO
INSERT [dbo].[MENSAJE] ([MSJ_CODIGO], [MSJ_IDIOMA_ID], [MSJ_TEXTO]) VALUES (N'com.td.orientacin', 2, N'Orientation')
GO
INSERT [dbo].[MENSAJE] ([MSJ_CODIGO], [MSJ_IDIOMA_ID], [MSJ_TEXTO]) VALUES (N'com.td.mail', 1, N'Mail')
GO
INSERT [dbo].[MENSAJE] ([MSJ_CODIGO], [MSJ_IDIOMA_ID], [MSJ_TEXTO]) VALUES (N'com.td.mail', 2, N'Mail')
GO
INSERT [dbo].[MENSAJE] ([MSJ_CODIGO], [MSJ_IDIOMA_ID], [MSJ_TEXTO]) VALUES (N'com.td.asignado', 1, N'Asignado')
GO
INSERT [dbo].[MENSAJE] ([MSJ_CODIGO], [MSJ_IDIOMA_ID], [MSJ_TEXTO]) VALUES (N'com.td.asignado', 2, N'Assigned')
GO
INSERT [dbo].[MENSAJE] ([MSJ_CODIGO], [MSJ_IDIOMA_ID], [MSJ_TEXTO]) VALUES (N'com.td.guardar', 1, N'Guardar')
GO
INSERT [dbo].[MENSAJE] ([MSJ_CODIGO], [MSJ_IDIOMA_ID], [MSJ_TEXTO]) VALUES (N'com.td.guardar', 2, N'Save')
GO
INSERT [dbo].[MENSAJE] ([MSJ_CODIGO], [MSJ_IDIOMA_ID], [MSJ_TEXTO]) VALUES (N'com.td.cancelar', 1, N'Cancelar')
GO
INSERT [dbo].[MENSAJE] ([MSJ_CODIGO], [MSJ_IDIOMA_ID], [MSJ_TEXTO]) VALUES (N'com.td.cancelar', 2, N'Cancel')
GO
INSERT [dbo].[MENSAJE] ([MSJ_CODIGO], [MSJ_IDIOMA_ID], [MSJ_TEXTO]) VALUES (N'com.td.informacin', 1, N'Informacin')
GO
INSERT [dbo].[MENSAJE] ([MSJ_CODIGO], [MSJ_IDIOMA_ID], [MSJ_TEXTO]) VALUES (N'com.td.informacin', 2, N'Information')
GO
INSERT [dbo].[MENSAJE] ([MSJ_CODIGO], [MSJ_IDIOMA_ID], [MSJ_TEXTO]) VALUES (N'com.td.telfono.primario', 1, N'Telfono Primario')
GO
INSERT [dbo].[MENSAJE] ([MSJ_CODIGO], [MSJ_IDIOMA_ID], [MSJ_TEXTO]) VALUES (N'com.td.telfono.primario', 2, N'Primary Phone')
GO
INSERT [dbo].[MENSAJE] ([MSJ_CODIGO], [MSJ_IDIOMA_ID], [MSJ_TEXTO]) VALUES (N'com.td.telfono.secundario', 1, N'Telfono Secundario')
GO
INSERT [dbo].[MENSAJE] ([MSJ_CODIGO], [MSJ_IDIOMA_ID], [MSJ_TEXTO]) VALUES (N'com.td.telfono.secundario', 2, N'Secondary Phone')
GO
INSERT [dbo].[MENSAJE] ([MSJ_CODIGO], [MSJ_IDIOMA_ID], [MSJ_TEXTO]) VALUES (N'com.td.bsqueda', 1, N'Bsqueda')
GO
INSERT [dbo].[MENSAJE] ([MSJ_CODIGO], [MSJ_IDIOMA_ID], [MSJ_TEXTO]) VALUES (N'com.td.bsqueda', 2, N'Search')
GO
INSERT [dbo].[MENSAJE] ([MSJ_CODIGO], [MSJ_IDIOMA_ID], [MSJ_TEXTO]) VALUES (N'com.td.filtrar.por', 1, N'Filtrar por')
GO
INSERT [dbo].[MENSAJE] ([MSJ_CODIGO], [MSJ_IDIOMA_ID], [MSJ_TEXTO]) VALUES (N'com.td.filtrar.por', 2, N'Filter by')
GO
INSERT [dbo].[MENSAJE] ([MSJ_CODIGO], [MSJ_IDIOMA_ID], [MSJ_TEXTO]) VALUES (N'com.td.ordenar.por', 1, N'Ordenar por')
GO
INSERT [dbo].[MENSAJE] ([MSJ_CODIGO], [MSJ_IDIOMA_ID], [MSJ_TEXTO]) VALUES (N'com.td.ordenar.por', 2, N'Sort by')
GO
INSERT [dbo].[MENSAJE] ([MSJ_CODIGO], [MSJ_IDIOMA_ID], [MSJ_TEXTO]) VALUES (N'com.td.ascendente', 1, N'Ascendente')
GO
INSERT [dbo].[MENSAJE] ([MSJ_CODIGO], [MSJ_IDIOMA_ID], [MSJ_TEXTO]) VALUES (N'com.td.ascendente', 2, N'Ascending')
GO
INSERT [dbo].[MENSAJE] ([MSJ_CODIGO], [MSJ_IDIOMA_ID], [MSJ_TEXTO]) VALUES (N'com.td.descendente', 1, N'Descendente')
GO
INSERT [dbo].[MENSAJE] ([MSJ_CODIGO], [MSJ_IDIOMA_ID], [MSJ_TEXTO]) VALUES (N'com.td.descendente', 2, N'Descending')
GO
INSERT [dbo].[MENSAJE] ([MSJ_CODIGO], [MSJ_IDIOMA_ID], [MSJ_TEXTO]) VALUES (N'com.td.buscar', 1, N'Buscar')
GO
INSERT [dbo].[MENSAJE] ([MSJ_CODIGO], [MSJ_IDIOMA_ID], [MSJ_TEXTO]) VALUES (N'com.td.buscar', 2, N'Search')
GO
INSERT [dbo].[MENSAJE] ([MSJ_CODIGO], [MSJ_IDIOMA_ID], [MSJ_TEXTO]) VALUES (N'com.td.registrar', 1, N'Registrar')
GO
INSERT [dbo].[MENSAJE] ([MSJ_CODIGO], [MSJ_IDIOMA_ID], [MSJ_TEXTO]) VALUES (N'com.td.registrar', 2, N'Register')
GO
INSERT [dbo].[MENSAJE] ([MSJ_CODIGO], [MSJ_IDIOMA_ID], [MSJ_TEXTO]) VALUES (N'com.td.amonestaciones', 1, N'Amonestaciones')
GO
INSERT [dbo].[MENSAJE] ([MSJ_CODIGO], [MSJ_IDIOMA_ID], [MSJ_TEXTO]) VALUES (N'com.td.amonestaciones', 2, N'Disciplinary Action')
GO
INSERT [dbo].[MENSAJE] ([MSJ_CODIGO], [MSJ_IDIOMA_ID], [MSJ_TEXTO]) VALUES (N'com.td.inasistencias', 1, N'Inasistencias')
GO
INSERT [dbo].[MENSAJE] ([MSJ_CODIGO], [MSJ_IDIOMA_ID], [MSJ_TEXTO]) VALUES (N'com.td.inasistencias', 2, N'Abscenses')
GO
INSERT [dbo].[MENSAJE] ([MSJ_CODIGO], [MSJ_IDIOMA_ID], [MSJ_TEXTO]) VALUES (N'com.td.borrar', 1, N'Borrar')
GO
INSERT [dbo].[MENSAJE] ([MSJ_CODIGO], [MSJ_IDIOMA_ID], [MSJ_TEXTO]) VALUES (N'com.td.borrar', 2, N'Delete')
GO
INSERT [dbo].[MENSAJE] ([MSJ_CODIGO], [MSJ_IDIOMA_ID], [MSJ_TEXTO]) VALUES (N'com.td.modificar', 1, N'Modificar')
GO
INSERT [dbo].[MENSAJE] ([MSJ_CODIGO], [MSJ_IDIOMA_ID], [MSJ_TEXTO]) VALUES (N'com.td.modificar', 2, N'Modify')
GO
INSERT [dbo].[MENSAJE] ([MSJ_CODIGO], [MSJ_IDIOMA_ID], [MSJ_TEXTO]) VALUES (N'com.td.datos', 1, N'Datos')
GO
INSERT [dbo].[MENSAJE] ([MSJ_CODIGO], [MSJ_IDIOMA_ID], [MSJ_TEXTO]) VALUES (N'com.td.datos', 2, N'Data')
GO
INSERT [dbo].[MENSAJE] ([MSJ_CODIGO], [MSJ_IDIOMA_ID], [MSJ_TEXTO]) VALUES (N'com.td.ingrese.el.motivo', 1, N'Ingrese el motivo')
GO
INSERT [dbo].[MENSAJE] ([MSJ_CODIGO], [MSJ_IDIOMA_ID], [MSJ_TEXTO]) VALUES (N'com.td.ingrese.el.motivo', 2, N'Enter the reason')
GO
INSERT [dbo].[MENSAJE] ([MSJ_CODIGO], [MSJ_IDIOMA_ID], [MSJ_TEXTO]) VALUES (N'com.td.fecha', 1, N'Fecha')
GO
INSERT [dbo].[MENSAJE] ([MSJ_CODIGO], [MSJ_IDIOMA_ID], [MSJ_TEXTO]) VALUES (N'com.td.fecha', 2, N'Date')
GO
INSERT [dbo].[MENSAJE] ([MSJ_CODIGO], [MSJ_IDIOMA_ID], [MSJ_TEXTO]) VALUES (N'com.td.exportar', 1, N'Exportar')
GO
INSERT [dbo].[MENSAJE] ([MSJ_CODIGO], [MSJ_IDIOMA_ID], [MSJ_TEXTO]) VALUES (N'com.td.exportar', 2, N'Export')
GO
INSERT [dbo].[MENSAJE] ([MSJ_CODIGO], [MSJ_IDIOMA_ID], [MSJ_TEXTO]) VALUES (N'com.td.tipo.de.falta', 1, N'Tipo de falta')
GO
INSERT [dbo].[MENSAJE] ([MSJ_CODIGO], [MSJ_IDIOMA_ID], [MSJ_TEXTO]) VALUES (N'com.td.tipo.de.falta', 2, N'Type of Abscence')
GO
INSERT [dbo].[MENSAJE] ([MSJ_CODIGO], [MSJ_IDIOMA_ID], [MSJ_TEXTO]) VALUES (N'com.td.completa', 1, N'Completa')
GO
INSERT [dbo].[MENSAJE] ([MSJ_CODIGO], [MSJ_IDIOMA_ID], [MSJ_TEXTO]) VALUES (N'com.td.completa', 2, N'Complete')
GO
INSERT [dbo].[MENSAJE] ([MSJ_CODIGO], [MSJ_IDIOMA_ID], [MSJ_TEXTO]) VALUES (N'com.td.media', 1, N'Media')
GO
INSERT [dbo].[MENSAJE] ([MSJ_CODIGO], [MSJ_IDIOMA_ID], [MSJ_TEXTO]) VALUES (N'com.td.media', 2, N'Half')
GO
INSERT [dbo].[MENSAJE] ([MSJ_CODIGO], [MSJ_IDIOMA_ID], [MSJ_TEXTO]) VALUES (N'com.td.justificada', 1, N'Justificada')
GO
INSERT [dbo].[MENSAJE] ([MSJ_CODIGO], [MSJ_IDIOMA_ID], [MSJ_TEXTO]) VALUES (N'com.td.justificada', 2, N'Justified')
GO
INSERT [dbo].[MENSAJE] ([MSJ_CODIGO], [MSJ_IDIOMA_ID], [MSJ_TEXTO]) VALUES (N'com.td.telfonos', 1, N'Telfonos')
GO
INSERT [dbo].[MENSAJE] ([MSJ_CODIGO], [MSJ_IDIOMA_ID], [MSJ_TEXTO]) VALUES (N'com.td.telfonos', 2, N'Telephones')
GO
INSERT [dbo].[MENSAJE] ([MSJ_CODIGO], [MSJ_IDIOMA_ID], [MSJ_TEXTO]) VALUES (N'com.td.familia', 1, N'Familia')
GO
INSERT [dbo].[MENSAJE] ([MSJ_CODIGO], [MSJ_IDIOMA_ID], [MSJ_TEXTO]) VALUES (N'com.td.familia', 2, N'Family')
GO
INSERT [dbo].[MENSAJE] ([MSJ_CODIGO], [MSJ_IDIOMA_ID], [MSJ_TEXTO]) VALUES (N'com.td.bloqueada', 1, N'Bloqueada')
GO
INSERT [dbo].[MENSAJE] ([MSJ_CODIGO], [MSJ_IDIOMA_ID], [MSJ_TEXTO]) VALUES (N'com.td.bloqueada', 2, N'Blocked')
GO
INSERT [dbo].[MENSAJE] ([MSJ_CODIGO], [MSJ_IDIOMA_ID], [MSJ_TEXTO]) VALUES (N'com.td.patente', 1, N'Patente')
GO
INSERT [dbo].[MENSAJE] ([MSJ_CODIGO], [MSJ_IDIOMA_ID], [MSJ_TEXTO]) VALUES (N'com.td.patente', 2, N'Patent')
GO
INSERT [dbo].[MENSAJE] ([MSJ_CODIGO], [MSJ_IDIOMA_ID], [MSJ_TEXTO]) VALUES (N'com.td.asignada', 1, N'Asignada')
GO
INSERT [dbo].[MENSAJE] ([MSJ_CODIGO], [MSJ_IDIOMA_ID], [MSJ_TEXTO]) VALUES (N'com.td.asignada', 2, N'Assigned')
GO
INSERT [dbo].[MENSAJE] ([MSJ_CODIGO], [MSJ_IDIOMA_ID], [MSJ_TEXTO]) VALUES (N'com.td.direccin', 1, N'Direccin')
GO
INSERT [dbo].[MENSAJE] ([MSJ_CODIGO], [MSJ_IDIOMA_ID], [MSJ_TEXTO]) VALUES (N'com.td.direccin', 2, N'Address')
GO
INSERT [dbo].[MENSAJE] ([MSJ_CODIGO], [MSJ_IDIOMA_ID], [MSJ_TEXTO]) VALUES (N'com.td.telfono', 1, N'Telfono')
GO
INSERT [dbo].[MENSAJE] ([MSJ_CODIGO], [MSJ_IDIOMA_ID], [MSJ_TEXTO]) VALUES (N'com.td.telfono', 2, N'Telephone')
GO
INSERT [dbo].[MENSAJE] ([MSJ_CODIGO], [MSJ_IDIOMA_ID], [MSJ_TEXTO]) VALUES (N'com.td.alias', 1, N'Alias')
GO
INSERT [dbo].[MENSAJE] ([MSJ_CODIGO], [MSJ_IDIOMA_ID], [MSJ_TEXTO]) VALUES (N'com.td.alias', 2, N'Alias')
GO
INSERT [dbo].[MENSAJE] ([MSJ_CODIGO], [MSJ_IDIOMA_ID], [MSJ_TEXTO]) VALUES (N'com.td.email', 1, N'Email')
GO
INSERT [dbo].[MENSAJE] ([MSJ_CODIGO], [MSJ_IDIOMA_ID], [MSJ_TEXTO]) VALUES (N'com.td.email', 2, N'Email')
GO
INSERT [dbo].[MENSAJE] ([MSJ_CODIGO], [MSJ_IDIOMA_ID], [MSJ_TEXTO]) VALUES (N'com.td.idioma', 1, N'Idioma')
GO
INSERT [dbo].[MENSAJE] ([MSJ_CODIGO], [MSJ_IDIOMA_ID], [MSJ_TEXTO]) VALUES (N'com.td.idioma', 2, N'Language')
GO
INSERT [dbo].[MENSAJE] ([MSJ_CODIGO], [MSJ_IDIOMA_ID], [MSJ_TEXTO]) VALUES (N'com.td.espaol', 1, N'Espaol')
GO
INSERT [dbo].[MENSAJE] ([MSJ_CODIGO], [MSJ_IDIOMA_ID], [MSJ_TEXTO]) VALUES (N'com.td.espaol', 2, N'Spanish')
GO
INSERT [dbo].[MENSAJE] ([MSJ_CODIGO], [MSJ_IDIOMA_ID], [MSJ_TEXTO]) VALUES (N'com.td.ingles', 1, N'Ingles')
GO
INSERT [dbo].[MENSAJE] ([MSJ_CODIGO], [MSJ_IDIOMA_ID], [MSJ_TEXTO]) VALUES (N'com.td.ingles', 2, N'English')
GO
INSERT [dbo].[MENSAJE] ([MSJ_CODIGO], [MSJ_IDIOMA_ID], [MSJ_TEXTO]) VALUES (N'com.td.familias', 1, N'Familias')
GO
INSERT [dbo].[MENSAJE] ([MSJ_CODIGO], [MSJ_IDIOMA_ID], [MSJ_TEXTO]) VALUES (N'com.td.familias', 2, N'Families')
GO
INSERT [dbo].[MENSAJE] ([MSJ_CODIGO], [MSJ_IDIOMA_ID], [MSJ_TEXTO]) VALUES (N'com.td.patentes', 1, N'Patentes')
GO
INSERT [dbo].[MENSAJE] ([MSJ_CODIGO], [MSJ_IDIOMA_ID], [MSJ_TEXTO]) VALUES (N'com.td.patentes', 2, N'Patents')
GO
INSERT [dbo].[MENSAJE] ([MSJ_CODIGO], [MSJ_IDIOMA_ID], [MSJ_TEXTO]) VALUES (N'com.td.patentes.incluidas', 1, N'Patentes Incluidas')
GO
INSERT [dbo].[MENSAJE] ([MSJ_CODIGO], [MSJ_IDIOMA_ID], [MSJ_TEXTO]) VALUES (N'com.td.patentes.incluidas', 2, N'Included Patents')
GO
INSERT [dbo].[MENSAJE] ([MSJ_CODIGO], [MSJ_IDIOMA_ID], [MSJ_TEXTO]) VALUES (N'com.td.criticidad', 1, N'Criticidad')
GO
INSERT [dbo].[MENSAJE] ([MSJ_CODIGO], [MSJ_IDIOMA_ID], [MSJ_TEXTO]) VALUES (N'com.td.criticidad', 2, N'Importance')
GO
INSERT [dbo].[MENSAJE] ([MSJ_CODIGO], [MSJ_IDIOMA_ID], [MSJ_TEXTO]) VALUES (N'com.td.usuario', 1, N'Usuario')
GO
INSERT [dbo].[MENSAJE] ([MSJ_CODIGO], [MSJ_IDIOMA_ID], [MSJ_TEXTO]) VALUES (N'com.td.usuario', 2, N'User')
GO
INSERT [dbo].[MENSAJE] ([MSJ_CODIGO], [MSJ_IDIOMA_ID], [MSJ_TEXTO]) VALUES (N'com.td.desde', 1, N'Desde ')
GO
INSERT [dbo].[MENSAJE] ([MSJ_CODIGO], [MSJ_IDIOMA_ID], [MSJ_TEXTO]) VALUES (N'com.td.desde', 2, N'From')
GO
INSERT [dbo].[MENSAJE] ([MSJ_CODIGO], [MSJ_IDIOMA_ID], [MSJ_TEXTO]) VALUES (N'com.td.hasta', 1, N'Hasta')
GO
INSERT [dbo].[MENSAJE] ([MSJ_CODIGO], [MSJ_IDIOMA_ID], [MSJ_TEXTO]) VALUES (N'com.td.hasta', 2, N'To')
GO
INSERT [dbo].[MENSAJE] ([MSJ_CODIGO], [MSJ_IDIOMA_ID], [MSJ_TEXTO]) VALUES (N'com.td.descripcin', 1, N'Descripcin')
GO
INSERT [dbo].[MENSAJE] ([MSJ_CODIGO], [MSJ_IDIOMA_ID], [MSJ_TEXTO]) VALUES (N'com.td.descripcin', 2, N'Description')
GO
INSERT [dbo].[MENSAJE] ([MSJ_CODIGO], [MSJ_IDIOMA_ID], [MSJ_TEXTO]) VALUES (N'com.td.bitcora', 1, N'Bitcora')
GO
INSERT [dbo].[MENSAJE] ([MSJ_CODIGO], [MSJ_IDIOMA_ID], [MSJ_TEXTO]) VALUES (N'com.td.bitcora', 2, N'Audits')
GO
INSERT [dbo].[MENSAJE] ([MSJ_CODIGO], [MSJ_IDIOMA_ID], [MSJ_TEXTO]) VALUES (N'com.td.tutores', 1, N'Tutores')
GO
INSERT [dbo].[MENSAJE] ([MSJ_CODIGO], [MSJ_IDIOMA_ID], [MSJ_TEXTO]) VALUES (N'com.td.tutores', 2, N'Tutors')
GO
INSERT [dbo].[MENSAJE] ([MSJ_CODIGO], [MSJ_IDIOMA_ID], [MSJ_TEXTO]) VALUES (N'com.td.cambiar.contrasea', 1, N'Cambiar Contrasea')
GO
INSERT [dbo].[MENSAJE] ([MSJ_CODIGO], [MSJ_IDIOMA_ID], [MSJ_TEXTO]) VALUES (N'com.td.cambiar.contrasea', 2, N'Change Password')
GO
INSERT [dbo].[MENSAJE] ([MSJ_CODIGO], [MSJ_IDIOMA_ID], [MSJ_TEXTO]) VALUES (N'com.td.contrasea.actual', 1, N'Contrasea Actual')
GO
INSERT [dbo].[MENSAJE] ([MSJ_CODIGO], [MSJ_IDIOMA_ID], [MSJ_TEXTO]) VALUES (N'com.td.contrasea.actual', 2, N'Current Password')
GO
INSERT [dbo].[MENSAJE] ([MSJ_CODIGO], [MSJ_IDIOMA_ID], [MSJ_TEXTO]) VALUES (N'com.td.nueva.contrasea', 1, N'Nueva Contrasea')
GO
INSERT [dbo].[MENSAJE] ([MSJ_CODIGO], [MSJ_IDIOMA_ID], [MSJ_TEXTO]) VALUES (N'com.td.nueva.contrasea', 2, N'New Password')
GO
INSERT [dbo].[MENSAJE] ([MSJ_CODIGO], [MSJ_IDIOMA_ID], [MSJ_TEXTO]) VALUES (N'com.td.reingrese.su.nueva.contrasea', 1, N'Reingrese su nueva contrasea')
GO
INSERT [dbo].[MENSAJE] ([MSJ_CODIGO], [MSJ_IDIOMA_ID], [MSJ_TEXTO]) VALUES (N'com.td.reingrese.su.nueva.contrasea', 2, N'Re enter the new password')
GO
INSERT [dbo].[MENSAJE] ([MSJ_CODIGO], [MSJ_IDIOMA_ID], [MSJ_TEXTO]) VALUES (N'com.td.fallo.de.conexin', 1, N'Fallo de Conexin')
GO
INSERT [dbo].[MENSAJE] ([MSJ_CODIGO], [MSJ_IDIOMA_ID], [MSJ_TEXTO]) VALUES (N'com.td.fallo.de.conexin', 2, N'Connection Error')
GO
INSERT [dbo].[MENSAJE] ([MSJ_CODIGO], [MSJ_IDIOMA_ID], [MSJ_TEXTO]) VALUES (N'com.td.base.de.datos./.servidor', 1, N'Base de Datos / Servidor')
GO
INSERT [dbo].[MENSAJE] ([MSJ_CODIGO], [MSJ_IDIOMA_ID], [MSJ_TEXTO]) VALUES (N'com.td.base.de.datos./.servidor', 2, N'Database / Server')
GO
INSERT [dbo].[MENSAJE] ([MSJ_CODIGO], [MSJ_IDIOMA_ID], [MSJ_TEXTO]) VALUES (N'com.td.conectar', 1, N'Conectar')
GO
INSERT [dbo].[MENSAJE] ([MSJ_CODIGO], [MSJ_IDIOMA_ID], [MSJ_TEXTO]) VALUES (N'com.td.conectar', 2, N'Connect')
GO
INSERT [dbo].[MENSAJE] ([MSJ_CODIGO], [MSJ_IDIOMA_ID], [MSJ_TEXTO]) VALUES (N'com.td.usuarios', 1, N'Usuarios ')
GO
INSERT [dbo].[MENSAJE] ([MSJ_CODIGO], [MSJ_IDIOMA_ID], [MSJ_TEXTO]) VALUES (N'com.td.usuarios', 2, N'Users')
GO
INSERT [dbo].[MENSAJE] ([MSJ_CODIGO], [MSJ_IDIOMA_ID], [MSJ_TEXTO]) VALUES (N'com.td.bloquear', 1, N'Bloquear')
GO
INSERT [dbo].[MENSAJE] ([MSJ_CODIGO], [MSJ_IDIOMA_ID], [MSJ_TEXTO]) VALUES (N'com.td.bloquear', 2, N'Block')
GO
INSERT [dbo].[MENSAJE] ([MSJ_CODIGO], [MSJ_IDIOMA_ID], [MSJ_TEXTO]) VALUES (N'com.td.regenerar.password', 1, N'Regenerar Password')
GO
INSERT [dbo].[MENSAJE] ([MSJ_CODIGO], [MSJ_IDIOMA_ID], [MSJ_TEXTO]) VALUES (N'com.td.regenerar.password', 2, N'Regenerate password')
GO
INSERT [dbo].[MENSAJE] ([MSJ_CODIGO], [MSJ_IDIOMA_ID], [MSJ_TEXTO]) VALUES (N'com.td.patentes.asignadas', 1, N'Patentes Asignadas')
GO
INSERT [dbo].[MENSAJE] ([MSJ_CODIGO], [MSJ_IDIOMA_ID], [MSJ_TEXTO]) VALUES (N'com.td.patentes.asignadas', 2, N'Assigned Patents')
GO
INSERT [dbo].[MENSAJE] ([MSJ_CODIGO], [MSJ_IDIOMA_ID], [MSJ_TEXTO]) VALUES (N'com.td.respaldo.base.de.datos', 1, N'Respaldo Base de Datos')
GO
INSERT [dbo].[MENSAJE] ([MSJ_CODIGO], [MSJ_IDIOMA_ID], [MSJ_TEXTO]) VALUES (N'com.td.respaldo.base.de.datos', 2, N'Databasa backup')
GO
INSERT [dbo].[MENSAJE] ([MSJ_CODIGO], [MSJ_IDIOMA_ID], [MSJ_TEXTO]) VALUES (N'com.td.login', 1, N'Login')
GO
INSERT [dbo].[MENSAJE] ([MSJ_CODIGO], [MSJ_IDIOMA_ID], [MSJ_TEXTO]) VALUES (N'com.td.login', 2, N'Login')
GO
INSERT [dbo].[MENSAJE] ([MSJ_CODIGO], [MSJ_IDIOMA_ID], [MSJ_TEXTO]) VALUES (N'com.td.seleccione.destino', 1, N'Seleccione destino')
GO
INSERT [dbo].[MENSAJE] ([MSJ_CODIGO], [MSJ_IDIOMA_ID], [MSJ_TEXTO]) VALUES (N'com.td.seleccione.destino', 2, N'Select destination')
GO
INSERT [dbo].[MENSAJE] ([MSJ_CODIGO], [MSJ_IDIOMA_ID], [MSJ_TEXTO]) VALUES (N'com.td.cantidad.de.partes', 1, N'Cantidad de partes')
GO
INSERT [dbo].[MENSAJE] ([MSJ_CODIGO], [MSJ_IDIOMA_ID], [MSJ_TEXTO]) VALUES (N'com.td.cantidad.de.partes', 2, N'Number of parts')
GO
INSERT [dbo].[MENSAJE] ([MSJ_CODIGO], [MSJ_IDIOMA_ID], [MSJ_TEXTO]) VALUES (N'com.td.examinar', 1, N'Examinar')
GO
INSERT [dbo].[MENSAJE] ([MSJ_CODIGO], [MSJ_IDIOMA_ID], [MSJ_TEXTO]) VALUES (N'com.td.examinar', 2, N'Examine')
GO
INSERT [dbo].[MENSAJE] ([MSJ_CODIGO], [MSJ_IDIOMA_ID], [MSJ_TEXTO]) VALUES (N'com.td.respaldar', 1, N'Respaldar')
GO
INSERT [dbo].[MENSAJE] ([MSJ_CODIGO], [MSJ_IDIOMA_ID], [MSJ_TEXTO]) VALUES (N'com.td.respaldar', 2, N'Backup')
GO
INSERT [dbo].[MENSAJE] ([MSJ_CODIGO], [MSJ_IDIOMA_ID], [MSJ_TEXTO]) VALUES (N'com.td.restaurar.backup', 1, N'Restaurar Backup')
GO
INSERT [dbo].[MENSAJE] ([MSJ_CODIGO], [MSJ_IDIOMA_ID], [MSJ_TEXTO]) VALUES (N'com.td.restaurar.backup', 2, N'Restore backup')
GO
INSERT [dbo].[MENSAJE] ([MSJ_CODIGO], [MSJ_IDIOMA_ID], [MSJ_TEXTO]) VALUES (N'com.td.origen', 1, N'Origen')
GO
INSERT [dbo].[MENSAJE] ([MSJ_CODIGO], [MSJ_IDIOMA_ID], [MSJ_TEXTO]) VALUES (N'com.td.origen', 2, N'Origin')
GO
INSERT [dbo].[MENSAJE] ([MSJ_CODIGO], [MSJ_IDIOMA_ID], [MSJ_TEXTO]) VALUES (N'com.td.restaurar', 1, N'Restaurar')
GO
INSERT [dbo].[MENSAJE] ([MSJ_CODIGO], [MSJ_IDIOMA_ID], [MSJ_TEXTO]) VALUES (N'com.td.restaurar', 2, N'Restore')
GO
INSERT [dbo].[MENSAJE] ([MSJ_CODIGO], [MSJ_IDIOMA_ID], [MSJ_TEXTO]) VALUES (N'com.td.docentes', 1, N'Docentes ')
GO
INSERT [dbo].[MENSAJE] ([MSJ_CODIGO], [MSJ_IDIOMA_ID], [MSJ_TEXTO]) VALUES (N'com.td.docentes', 2, N'Teachers')
GO
INSERT [dbo].[MENSAJE] ([MSJ_CODIGO], [MSJ_IDIOMA_ID], [MSJ_TEXTO]) VALUES (N'com.td.notas', 1, N'Notas')
GO
INSERT [dbo].[MENSAJE] ([MSJ_CODIGO], [MSJ_IDIOMA_ID], [MSJ_TEXTO]) VALUES (N'com.td.notas', 2, N'Grades')
GO
INSERT [dbo].[MENSAJE] ([MSJ_CODIGO], [MSJ_IDIOMA_ID], [MSJ_TEXTO]) VALUES (N'com.td.reportes', 1, N'Reportes')
GO
INSERT [dbo].[MENSAJE] ([MSJ_CODIGO], [MSJ_IDIOMA_ID], [MSJ_TEXTO]) VALUES (N'com.td.reportes', 2, N'Reports')
GO
INSERT [dbo].[MENSAJE] ([MSJ_CODIGO], [MSJ_IDIOMA_ID], [MSJ_TEXTO]) VALUES (N'com.td.administracin', 1, N'Administracin')
GO
INSERT [dbo].[MENSAJE] ([MSJ_CODIGO], [MSJ_IDIOMA_ID], [MSJ_TEXTO]) VALUES (N'com.td.administracin', 2, N'Administration')
GO
INSERT [dbo].[MENSAJE] ([MSJ_CODIGO], [MSJ_IDIOMA_ID], [MSJ_TEXTO]) VALUES (N'com.td.seguridad', 1, N'Seguridad')
GO
INSERT [dbo].[MENSAJE] ([MSJ_CODIGO], [MSJ_IDIOMA_ID], [MSJ_TEXTO]) VALUES (N'com.td.seguridad', 2, N'Security')
GO
INSERT [dbo].[MENSAJE] ([MSJ_CODIGO], [MSJ_IDIOMA_ID], [MSJ_TEXTO]) VALUES (N'com.td.permisos', 1, N'Permisos')
GO
INSERT [dbo].[MENSAJE] ([MSJ_CODIGO], [MSJ_IDIOMA_ID], [MSJ_TEXTO]) VALUES (N'com.td.permisos', 2, N'Permissions')
GO
INSERT [dbo].[MENSAJE] ([MSJ_CODIGO], [MSJ_IDIOMA_ID], [MSJ_TEXTO]) VALUES (N'com.td.backup', 1, N'Backup')
GO
INSERT [dbo].[MENSAJE] ([MSJ_CODIGO], [MSJ_IDIOMA_ID], [MSJ_TEXTO]) VALUES (N'com.td.backup', 2, N'Backup')
GO
INSERT [dbo].[MENSAJE] ([MSJ_CODIGO], [MSJ_IDIOMA_ID], [MSJ_TEXTO]) VALUES (N'com.td.recalcular.dgitos.verificadores', 1, N'Recalcular Dgitos Verificadores')
GO
INSERT [dbo].[MENSAJE] ([MSJ_CODIGO], [MSJ_IDIOMA_ID], [MSJ_TEXTO]) VALUES (N'com.td.recalcular.dgitos.verificadores', 2, N'Recalculate verification digits')
GO
INSERT [dbo].[MENSAJE] ([MSJ_CODIGO], [MSJ_IDIOMA_ID], [MSJ_TEXTO]) VALUES (N'com.td.opciones', 1, N'Opciones')
GO
INSERT [dbo].[MENSAJE] ([MSJ_CODIGO], [MSJ_IDIOMA_ID], [MSJ_TEXTO]) VALUES (N'com.td.opciones', 2, N'Options')
GO
INSERT [dbo].[MENSAJE] ([MSJ_CODIGO], [MSJ_IDIOMA_ID], [MSJ_TEXTO]) VALUES (N'com.td.cambiar.idioma', 1, N'Cambiar Idioma')
GO
INSERT [dbo].[MENSAJE] ([MSJ_CODIGO], [MSJ_IDIOMA_ID], [MSJ_TEXTO]) VALUES (N'com.td.cambiar.idioma', 2, N'Change Language')
GO
INSERT [dbo].[MENSAJE] ([MSJ_CODIGO], [MSJ_IDIOMA_ID], [MSJ_TEXTO]) VALUES (N'com.td.cerrar.sesion', 1, N'Cerrar Sesion')
GO
INSERT [dbo].[MENSAJE] ([MSJ_CODIGO], [MSJ_IDIOMA_ID], [MSJ_TEXTO]) VALUES (N'com.td.cerrar.sesion', 2, N'Close session')
GO
INSERT [dbo].[MENSAJE] ([MSJ_CODIGO], [MSJ_IDIOMA_ID], [MSJ_TEXTO]) VALUES (N'com.td.salir', 1, N'Salir')
GO
INSERT [dbo].[MENSAJE] ([MSJ_CODIGO], [MSJ_IDIOMA_ID], [MSJ_TEXTO]) VALUES (N'com.td.salir', 2, N'Exit')
GO
INSERT [dbo].[MENSAJE] ([MSJ_CODIGO], [MSJ_IDIOMA_ID], [MSJ_TEXTO]) VALUES (N'com.td.capacidad', 1, N'Capacidad')
GO
INSERT [dbo].[MENSAJE] ([MSJ_CODIGO], [MSJ_IDIOMA_ID], [MSJ_TEXTO]) VALUES (N'com.td.capacidad', 2, N'Capacity')
GO
INSERT [dbo].[MENSAJE] ([MSJ_CODIGO], [MSJ_IDIOMA_ID], [MSJ_TEXTO]) VALUES (N'com.td.letra', 1, N'Letra')
GO
INSERT [dbo].[MENSAJE] ([MSJ_CODIGO], [MSJ_IDIOMA_ID], [MSJ_TEXTO]) VALUES (N'com.td.letra', 2, N'Letter')
GO
INSERT [dbo].[MENSAJE] ([MSJ_CODIGO], [MSJ_IDIOMA_ID], [MSJ_TEXTO]) VALUES (N'com.td.maana', 1, N'Maana')
GO
INSERT [dbo].[MENSAJE] ([MSJ_CODIGO], [MSJ_IDIOMA_ID], [MSJ_TEXTO]) VALUES (N'com.td.maana', 2, N'Morning')
GO
INSERT [dbo].[MENSAJE] ([MSJ_CODIGO], [MSJ_IDIOMA_ID], [MSJ_TEXTO]) VALUES (N'com.td.tarde', 1, N'Tarde')
GO
INSERT [dbo].[MENSAJE] ([MSJ_CODIGO], [MSJ_IDIOMA_ID], [MSJ_TEXTO]) VALUES (N'com.td.tarde', 2, N'Afternoon')
GO
INSERT [dbo].[MENSAJE] ([MSJ_CODIGO], [MSJ_IDIOMA_ID], [MSJ_TEXTO]) VALUES (N'com.td.turno', 1, N'Turno')
GO
INSERT [dbo].[MENSAJE] ([MSJ_CODIGO], [MSJ_IDIOMA_ID], [MSJ_TEXTO]) VALUES (N'com.td.turno', 2, N'Shift')
GO
INSERT [dbo].[MENSAJE] ([MSJ_CODIGO], [MSJ_IDIOMA_ID], [MSJ_TEXTO]) VALUES (N'com.td.nivel', 1, N'Nivel')
GO
INSERT [dbo].[MENSAJE] ([MSJ_CODIGO], [MSJ_IDIOMA_ID], [MSJ_TEXTO]) VALUES (N'com.td.nivel', 2, N'Level')
GO
INSERT [dbo].[MENSAJE] ([MSJ_CODIGO], [MSJ_IDIOMA_ID], [MSJ_TEXTO]) VALUES (N'com.td.docente', 1, N'Docente')
GO
INSERT [dbo].[MENSAJE] ([MSJ_CODIGO], [MSJ_IDIOMA_ID], [MSJ_TEXTO]) VALUES (N'com.td.docente', 2, N'Teacher')
GO
INSERT [dbo].[MENSAJE] ([MSJ_CODIGO], [MSJ_IDIOMA_ID], [MSJ_TEXTO]) VALUES (N'com.td.materia', 1, N'Materia')
GO
INSERT [dbo].[MENSAJE] ([MSJ_CODIGO], [MSJ_IDIOMA_ID], [MSJ_TEXTO]) VALUES (N'com.td.materia', 2, N'Class')
GO
INSERT [dbo].[MENSAJE] ([MSJ_CODIGO], [MSJ_IDIOMA_ID], [MSJ_TEXTO]) VALUES (N'com.td.da', 1, N'Da')
GO
INSERT [dbo].[MENSAJE] ([MSJ_CODIGO], [MSJ_IDIOMA_ID], [MSJ_TEXTO]) VALUES (N'com.td.da', 2, N'Day')
GO
INSERT [dbo].[MENSAJE] ([MSJ_CODIGO], [MSJ_IDIOMA_ID], [MSJ_TEXTO]) VALUES (N'com.td.mdulo', 1, N'Mdulo')
GO
INSERT [dbo].[MENSAJE] ([MSJ_CODIGO], [MSJ_IDIOMA_ID], [MSJ_TEXTO]) VALUES (N'com.td.mdulo', 2, N'Module')
GO
INSERT [dbo].[MENSAJE] ([MSJ_CODIGO], [MSJ_IDIOMA_ID], [MSJ_TEXTO]) VALUES (N'com.td.horario', 1, N'Horario')
GO
INSERT [dbo].[MENSAJE] ([MSJ_CODIGO], [MSJ_IDIOMA_ID], [MSJ_TEXTO]) VALUES (N'com.td.horario', 2, N'Schedule')
GO
INSERT [dbo].[MENSAJE] ([MSJ_CODIGO], [MSJ_IDIOMA_ID], [MSJ_TEXTO]) VALUES (N'com.td.extracurricular', 1, N'Extracurricular ')
GO
INSERT [dbo].[MENSAJE] ([MSJ_CODIGO], [MSJ_IDIOMA_ID], [MSJ_TEXTO]) VALUES (N'com.td.extracurricular', 2, N'Extracurricular')
GO
INSERT [dbo].[MENSAJE] ([MSJ_CODIGO], [MSJ_IDIOMA_ID], [MSJ_TEXTO]) VALUES (N'com.td.troncal', 1, N'Troncal')
GO
INSERT [dbo].[MENSAJE] ([MSJ_CODIGO], [MSJ_IDIOMA_ID], [MSJ_TEXTO]) VALUES (N'com.td.troncal', 2, N'Core')
GO
INSERT [dbo].[MENSAJE] ([MSJ_CODIGO], [MSJ_IDIOMA_ID], [MSJ_TEXTO]) VALUES (N'com.td.asignacin.de.materias', 1, N'Asignacin de Materias')
GO
INSERT [dbo].[MENSAJE] ([MSJ_CODIGO], [MSJ_IDIOMA_ID], [MSJ_TEXTO]) VALUES (N'com.td.asignacin.de.materias', 2, N'Class Assignment')
GO
INSERT [dbo].[MENSAJE] ([MSJ_CODIGO], [MSJ_IDIOMA_ID], [MSJ_TEXTO]) VALUES (N'com.td.asignadas', 1, N'Asignadas')
GO
INSERT [dbo].[MENSAJE] ([MSJ_CODIGO], [MSJ_IDIOMA_ID], [MSJ_TEXTO]) VALUES (N'com.td.asignadas', 2, N'Assigned')
GO
INSERT [dbo].[MENSAJE] ([MSJ_CODIGO], [MSJ_IDIOMA_ID], [MSJ_TEXTO]) VALUES (N'com.td.asignar', 1, N'Asignar')
GO
INSERT [dbo].[MENSAJE] ([MSJ_CODIGO], [MSJ_IDIOMA_ID], [MSJ_TEXTO]) VALUES (N'com.td.asignar', 2, N'Assign')
GO
INSERT [dbo].[MENSAJE] ([MSJ_CODIGO], [MSJ_IDIOMA_ID], [MSJ_TEXTO]) VALUES (N'com.td.desasignar', 1, N'Desasignar')
GO
INSERT [dbo].[MENSAJE] ([MSJ_CODIGO], [MSJ_IDIOMA_ID], [MSJ_TEXTO]) VALUES (N'com.td.desasignar', 2, N'Deassign')
GO
INSERT [dbo].[MENSAJE] ([MSJ_CODIGO], [MSJ_IDIOMA_ID], [MSJ_TEXTO]) VALUES (N'com.td.sin.asignar', 1, N'Sin Asignar')
GO
INSERT [dbo].[MENSAJE] ([MSJ_CODIGO], [MSJ_IDIOMA_ID], [MSJ_TEXTO]) VALUES (N'com.td.sin.asignar', 2, N'Unassigned')
GO
INSERT [dbo].[MENSAJE] ([MSJ_CODIGO], [MSJ_IDIOMA_ID], [MSJ_TEXTO]) VALUES (N'com.td.cursos', 1, N'Cursos')
GO
INSERT [dbo].[MENSAJE] ([MSJ_CODIGO], [MSJ_IDIOMA_ID], [MSJ_TEXTO]) VALUES (N'com.td.cursos', 2, N'Courses')
GO
INSERT [dbo].[MENSAJE] ([MSJ_CODIGO], [MSJ_IDIOMA_ID], [MSJ_TEXTO]) VALUES (N'com.td.cdigo', 1, N'Cdigo')
GO
INSERT [dbo].[MENSAJE] ([MSJ_CODIGO], [MSJ_IDIOMA_ID], [MSJ_TEXTO]) VALUES (N'com.td.cdigo', 2, N'Code')
GO
INSERT [dbo].[MENSAJE] ([MSJ_CODIGO], [MSJ_IDIOMA_ID], [MSJ_TEXTO]) VALUES (N'com.td.lunes', 1, N'Lunes')
GO
INSERT [dbo].[MENSAJE] ([MSJ_CODIGO], [MSJ_IDIOMA_ID], [MSJ_TEXTO]) VALUES (N'com.td.lunes', 2, N'Monday')
GO
INSERT [dbo].[MENSAJE] ([MSJ_CODIGO], [MSJ_IDIOMA_ID], [MSJ_TEXTO]) VALUES (N'com.td.martes', 1, N'Martes')
GO
INSERT [dbo].[MENSAJE] ([MSJ_CODIGO], [MSJ_IDIOMA_ID], [MSJ_TEXTO]) VALUES (N'com.td.martes', 2, N'Tuesday')
GO
INSERT [dbo].[MENSAJE] ([MSJ_CODIGO], [MSJ_IDIOMA_ID], [MSJ_TEXTO]) VALUES (N'com.td.miercoles', 1, N'Miercoles')
GO
INSERT [dbo].[MENSAJE] ([MSJ_CODIGO], [MSJ_IDIOMA_ID], [MSJ_TEXTO]) VALUES (N'com.td.miercoles', 2, N'Wednesday')
GO
INSERT [dbo].[MENSAJE] ([MSJ_CODIGO], [MSJ_IDIOMA_ID], [MSJ_TEXTO]) VALUES (N'com.td.jueves', 1, N'Jueves ')
GO
INSERT [dbo].[MENSAJE] ([MSJ_CODIGO], [MSJ_IDIOMA_ID], [MSJ_TEXTO]) VALUES (N'com.td.jueves', 2, N'Thurdsday')
GO
INSERT [dbo].[MENSAJE] ([MSJ_CODIGO], [MSJ_IDIOMA_ID], [MSJ_TEXTO]) VALUES (N'com.td.viernes', 1, N'Viernes')
GO
INSERT [dbo].[MENSAJE] ([MSJ_CODIGO], [MSJ_IDIOMA_ID], [MSJ_TEXTO]) VALUES (N'com.td.viernes', 2, N'Friday')
GO
INSERT [dbo].[MENSAJE] ([MSJ_CODIGO], [MSJ_IDIOMA_ID], [MSJ_TEXTO]) VALUES (N'com.td.horarios', 1, N'Horarios')
GO
INSERT [dbo].[MENSAJE] ([MSJ_CODIGO], [MSJ_IDIOMA_ID], [MSJ_TEXTO]) VALUES (N'com.td.horarios', 2, N'Schedules')
GO
INSERT [dbo].[MENSAJE] ([MSJ_CODIGO], [MSJ_IDIOMA_ID], [MSJ_TEXTO]) VALUES (N'com.td.materias', 1, N'Materias')
GO
INSERT [dbo].[MENSAJE] ([MSJ_CODIGO], [MSJ_IDIOMA_ID], [MSJ_TEXTO]) VALUES (N'com.td.materias', 2, N'Classes')
GO
INSERT [dbo].[MENSAJE] ([MSJ_CODIGO], [MSJ_IDIOMA_ID], [MSJ_TEXTO]) VALUES (N'com.td.promocin.de.alumnos', 1, N'Promocin de Alumnos')
GO
INSERT [dbo].[MENSAJE] ([MSJ_CODIGO], [MSJ_IDIOMA_ID], [MSJ_TEXTO]) VALUES (N'com.td.promocin.de.alumnos', 2, N'Student Promotions')
GO
INSERT [dbo].[MENSAJE] ([MSJ_CODIGO], [MSJ_IDIOMA_ID], [MSJ_TEXTO]) VALUES (N'com.td.promocionar.al.curso', 1, N'Promocionar al curso')
GO
INSERT [dbo].[MENSAJE] ([MSJ_CODIGO], [MSJ_IDIOMA_ID], [MSJ_TEXTO]) VALUES (N'com.td.promocionar.al.curso', 2, N'Promote to Class')
GO
INSERT [dbo].[MENSAJE] ([MSJ_CODIGO], [MSJ_IDIOMA_ID], [MSJ_TEXTO]) VALUES (N'com.td.promocionar', 1, N'PROMOCIONAR')
GO
INSERT [dbo].[MENSAJE] ([MSJ_CODIGO], [MSJ_IDIOMA_ID], [MSJ_TEXTO]) VALUES (N'com.td.promocionar', 2, N'PROMOTE')
GO
INSERT [dbo].[MENSAJE] ([MSJ_CODIGO], [MSJ_IDIOMA_ID], [MSJ_TEXTO]) VALUES (N'com.td.ayuda', 1, N'Ayuda')
GO
INSERT [dbo].[MENSAJE] ([MSJ_CODIGO], [MSJ_IDIOMA_ID], [MSJ_TEXTO]) VALUES (N'com.td.ayuda', 2, N'Help')
GO
INSERT [dbo].[MENSAJE] ([MSJ_CODIGO], [MSJ_IDIOMA_ID], [MSJ_TEXTO]) VALUES (N'com.td.dia', 1, N'Da')
GO
INSERT [dbo].[MENSAJE] ([MSJ_CODIGO], [MSJ_IDIOMA_ID], [MSJ_TEXTO]) VALUES (N'com.td.dia', 2, N'Day')
GO
INSERT [dbo].[MENSAJE] ([MSJ_CODIGO], [MSJ_IDIOMA_ID], [MSJ_TEXTO]) VALUES (N'com.td.repetir', 1, N'Repetir')
GO
INSERT [dbo].[MENSAJE] ([MSJ_CODIGO], [MSJ_IDIOMA_ID], [MSJ_TEXTO]) VALUES (N'com.td.repetir', 2, N'Fail Course')
GO
INSERT [dbo].[MENSAJE] ([MSJ_CODIGO], [MSJ_IDIOMA_ID], [MSJ_TEXTO]) VALUES (N'com.td.validacion.alerta', 1, N'Campos incompletos o invlidos')
GO
INSERT [dbo].[MENSAJE] ([MSJ_CODIGO], [MSJ_IDIOMA_ID], [MSJ_TEXTO]) VALUES (N'com.td.validacion.alerta', 2, N'Incomplete of invalid fields')
GO
INSERT [dbo].[MENSAJE] ([MSJ_CODIGO], [MSJ_IDIOMA_ID], [MSJ_TEXTO]) VALUES (N'com.td.validacion.error', 1, N'Error')
GO
INSERT [dbo].[MENSAJE] ([MSJ_CODIGO], [MSJ_IDIOMA_ID], [MSJ_TEXTO]) VALUES (N'com.td.validacion.error', 2, N'Error')
GO
INSERT [dbo].[MENSAJE] ([MSJ_CODIGO], [MSJ_IDIOMA_ID], [MSJ_TEXTO]) VALUES (N'com.td.email.header', 1, N'Su cuenta fue creada con xito')
GO
INSERT [dbo].[MENSAJE] ([MSJ_CODIGO], [MSJ_IDIOMA_ID], [MSJ_TEXTO]) VALUES (N'com.td.email.header', 2, N'Your account was created successfully')
GO
INSERT [dbo].[MENSAJE] ([MSJ_CODIGO], [MSJ_IDIOMA_ID], [MSJ_TEXTO]) VALUES (N'com.td.email.body', 1, N'Esta es su contrasea:')
GO
INSERT [dbo].[MENSAJE] ([MSJ_CODIGO], [MSJ_IDIOMA_ID], [MSJ_TEXTO]) VALUES (N'com.td.email.body', 2, N'This is your password:')
GO
INSERT [dbo].[MENSAJE] ([MSJ_CODIGO], [MSJ_IDIOMA_ID], [MSJ_TEXTO]) VALUES (N'com.td.error.generico', 1, N'Hubo un error al realizar la operacin')
GO
INSERT [dbo].[MENSAJE] ([MSJ_CODIGO], [MSJ_IDIOMA_ID], [MSJ_TEXTO]) VALUES (N'com.td.error.generico', 2, N'There was an error with the request')
GO
INSERT [dbo].[MENSAJE] ([MSJ_CODIGO], [MSJ_IDIOMA_ID], [MSJ_TEXTO]) VALUES (N'com.td.completado.generico', 1, N'Su operacin fue completada con xito')
GO
INSERT [dbo].[MENSAJE] ([MSJ_CODIGO], [MSJ_IDIOMA_ID], [MSJ_TEXTO]) VALUES (N'com.td.completado.generico', 2, N'Your request was completed successfully')
GO
SET IDENTITY_INSERT [dbo].[MODULO] ON 
GO
INSERT [dbo].[MODULO] ([MOD_ID], [MOD_HORA_INICIO], [MOD_HORA_FINAL]) VALUES (1, N'08:00:00', N'10:00:00')
GO
INSERT [dbo].[MODULO] ([MOD_ID], [MOD_HORA_INICIO], [MOD_HORA_FINAL]) VALUES (2, N'10:00:00', N'12:00:00')
GO
INSERT [dbo].[MODULO] ([MOD_ID], [MOD_HORA_INICIO], [MOD_HORA_FINAL]) VALUES (3, N'12:00:00', N'14:00:00')
GO
INSERT [dbo].[MODULO] ([MOD_ID], [MOD_HORA_INICIO], [MOD_HORA_FINAL]) VALUES (4, N'14:00:00', N'16:00:00')
GO
INSERT [dbo].[MODULO] ([MOD_ID], [MOD_HORA_INICIO], [MOD_HORA_FINAL]) VALUES (5, N'16:00:00', N'18:00:00')
GO
SET IDENTITY_INSERT [dbo].[MODULO] OFF
GO
SET IDENTITY_INSERT [dbo].[NIVEL] ON 
GO
INSERT [dbo].[NIVEL] ([NIV_ID], [NIV_CODIGO], [NIV_DESCRIPCION], [NIV_ORIENTACION]) VALUES (4, N'1ESB', N'Primero ESB', NULL)
GO
INSERT [dbo].[NIVEL] ([NIV_ID], [NIV_CODIGO], [NIV_DESCRIPCION], [NIV_ORIENTACION]) VALUES (5, N'2ESB', N'Segundo ESB', NULL)
GO
INSERT [dbo].[NIVEL] ([NIV_ID], [NIV_CODIGO], [NIV_DESCRIPCION], [NIV_ORIENTACION]) VALUES (6, N'3ESB', N'Tercero ESB', NULL)
GO
INSERT [dbo].[NIVEL] ([NIV_ID], [NIV_CODIGO], [NIV_DESCRIPCION], [NIV_ORIENTACION]) VALUES (7, N'4ESBE', N'Cuarto ESB', 2)
GO
INSERT [dbo].[NIVEL] ([NIV_ID], [NIV_CODIGO], [NIV_DESCRIPCION], [NIV_ORIENTACION]) VALUES (8, N'4ESBN', N'Cuarto ESB', 1)
GO
INSERT [dbo].[NIVEL] ([NIV_ID], [NIV_CODIGO], [NIV_DESCRIPCION], [NIV_ORIENTACION]) VALUES (9, N'5ESBN', N'Quinto ESB', 1)
GO
INSERT [dbo].[NIVEL] ([NIV_ID], [NIV_CODIGO], [NIV_DESCRIPCION], [NIV_ORIENTACION]) VALUES (10, N'5ESBE', N'Quinto ESB', 2)
GO
INSERT [dbo].[NIVEL] ([NIV_ID], [NIV_CODIGO], [NIV_DESCRIPCION], [NIV_ORIENTACION]) VALUES (11, N'6ESBN', N'Sexto ESB', 1)
GO
INSERT [dbo].[NIVEL] ([NIV_ID], [NIV_CODIGO], [NIV_DESCRIPCION], [NIV_ORIENTACION]) VALUES (12, N'6ESBE', N'Sexto ESB', 2)
GO
SET IDENTITY_INSERT [dbo].[NIVEL] OFF
GO
SET IDENTITY_INSERT [dbo].[ORIENTACION] ON 
GO
INSERT [dbo].[ORIENTACION] ([ORI_CODIGO], [ORI_NOMBRE]) VALUES (1, N'NATURALES')
GO
INSERT [dbo].[ORIENTACION] ([ORI_CODIGO], [ORI_NOMBRE]) VALUES (2, N'ECONOMA')
GO
SET IDENTITY_INSERT [dbo].[ORIENTACION] OFF
GO
SET IDENTITY_INSERT [dbo].[PATENTE] ON 
GO
INSERT [dbo].[PATENTE] ([PAT_ID], [PAT_DESC], [PAT_DVH]) VALUES (1, N'Jk6McJck7YwXp9AODP/8cZoB7BKrzmO9LEDzEwNGREU=', N'A8FB9008598522344E360DE67DFCC781')
GO
INSERT [dbo].[PATENTE] ([PAT_ID], [PAT_DESC], [PAT_DVH]) VALUES (2, N'uXd6cYoc/qSWgqNwB+yyOoDdqHQiaIMnBDW2Xu/Th523chKz1+4v40PvisBgAMWr', N'7A96CAB0EA7E935E07D11B80E65F1FF0')
GO
INSERT [dbo].[PATENTE] ([PAT_ID], [PAT_DESC], [PAT_DVH]) VALUES (3, N'3WKGu+RIlPDe134pycybo2OElPIYSfcS45FIfgvN6LIgEZqhWfv4LO5DL0W3X8wH', N'BDF3CA9884F05CE72A11DFF6422970DE')
GO
INSERT [dbo].[PATENTE] ([PAT_ID], [PAT_DESC], [PAT_DVH]) VALUES (4, N'I0ybz1x74OfxKv205hB86+1kQ6nfvYPYPoXXYxlRwKLIMFOYmViREnMTyHFftMKJ', N'200554A0BD532B3B5778484D5291F916')
GO
INSERT [dbo].[PATENTE] ([PAT_ID], [PAT_DESC], [PAT_DVH]) VALUES (5, N'DEcy4OcxcjRh01kLhtmu6qaKoGeUes5ESq0mxjRIO4Km+uzFVMHR9sz+4c4WOMlN', N'AE9DB61E825E347C8F44452E8D5A092C')
GO
INSERT [dbo].[PATENTE] ([PAT_ID], [PAT_DESC], [PAT_DVH]) VALUES (6, N'T7P9qAWW88xf9AmZ0L9IKhh7WQMFK4Gh0YGpuwphtaVlAOgm2AL7MQd/SA4kRXJO', N'D022F7356D4403D38F7F7B2AD1729AE5')
GO
INSERT [dbo].[PATENTE] ([PAT_ID], [PAT_DESC], [PAT_DVH]) VALUES (7, N'PxKo1YRjI3a6mESJXPsgQnNq17Y8z4cYZm4q2f5vGjc=', N'A3BF2814BF73875D29474BDBEFC08760')
GO
INSERT [dbo].[PATENTE] ([PAT_ID], [PAT_DESC], [PAT_DVH]) VALUES (8, N'gbHVNVs1t661r83Bni4WESDEdXCVPmQFM8mxBnCgwog=', N'65F4EE27111907691D47CF6AF280A224')
GO
INSERT [dbo].[PATENTE] ([PAT_ID], [PAT_DESC], [PAT_DVH]) VALUES (9, N'9ZEHBZW7qpb1d1ylADgY20JZ/LKdgKZ9CpuyJiZnSJQ=', N'E22A179A7A7730C5F6A599C784F41084')
GO
INSERT [dbo].[PATENTE] ([PAT_ID], [PAT_DESC], [PAT_DVH]) VALUES (10, N'ZzDOBwFOhAE8DOXS9wjPMyu1uQpVgW+kpJCO3y98ebI=', N'D1DA011E6DC3EBFC8AFC8F590D272F63')
GO
INSERT [dbo].[PATENTE] ([PAT_ID], [PAT_DESC], [PAT_DVH]) VALUES (11, N'7hWRsjT2tNMT/3AbKXOo0wLcPJ2s9VV3rGp1WHBdtsU=', N'64564C46AEDD02F6926C9372C0DC9FAE')
GO
INSERT [dbo].[PATENTE] ([PAT_ID], [PAT_DESC], [PAT_DVH]) VALUES (12, N'4FhnO7SpZssZtl5ClZDTQqzMGm0OepChSq6NhHks9Il9MEO4n3mtFwjumC7reK8b', N'62245CA6E39BB342C4F3E6F36B0F7BA6')
GO
INSERT [dbo].[PATENTE] ([PAT_ID], [PAT_DESC], [PAT_DVH]) VALUES (13, N'G9rebK2tzhy72Du3zokm6EQ2fBnztTm9S6LqVs4GwhEcfhITaNS9+mEbbxOkyG+e', N'9713612E2E906B5A809A6552BB23DAAB')
GO
INSERT [dbo].[PATENTE] ([PAT_ID], [PAT_DESC], [PAT_DVH]) VALUES (14, N'B+omYqPaaxcuL6kDZrcG04CfQmrR9jwPyksV2E7G8h0=', N'E7044D5DD90EA23594788CAFA61B49D8')
GO
INSERT [dbo].[PATENTE] ([PAT_ID], [PAT_DESC], [PAT_DVH]) VALUES (15, N'GT3Y4X5tGf4jm2bD72NugS0yQJ30cpIthE0HLkUAw+lVCseE2iqPhebxS7oMpIGW', N'E4CFABC9BA6BFA93AEC059C65286822A')
GO
INSERT [dbo].[PATENTE] ([PAT_ID], [PAT_DESC], [PAT_DVH]) VALUES (16, N'tR5t6aYXcf6XIlFddn020iI2rdrA/LhJCqNd7U0BQ+U=', N'D1050E63B55E0C42DFD6D919F22625BB')
GO
INSERT [dbo].[PATENTE] ([PAT_ID], [PAT_DESC], [PAT_DVH]) VALUES (17, N'Po0AI6B8GHcnHbhBEqfHJLwGMiMcUwm4f0bvqHEClrYA9oFPCdBHE1J2EgNtElcT', N'775FD055346D6856B352AACAD01D3C1C')
GO
INSERT [dbo].[PATENTE] ([PAT_ID], [PAT_DESC], [PAT_DVH]) VALUES (18, N'scwVmJgFw1zzEkZgjLEdSP1GkpBR4oXDtJPImLzFFxRgUNnPqfgRtCny4+1BkyZCRAYOib0z5YqZK/BBSFpWgw==', N'249EA8998ADA01CBC0394B6D7AF9548D')
GO
INSERT [dbo].[PATENTE] ([PAT_ID], [PAT_DESC], [PAT_DVH]) VALUES (19, N'KkI71emXEC0UR1fmMSqiHCqd3XhjeVViXkA4jS7hyu4=', N'6497DF32CE6050C5F37CCD6D16BBB750')
GO
INSERT [dbo].[PATENTE] ([PAT_ID], [PAT_DESC], [PAT_DVH]) VALUES (20, N'0Op32EFwAU5Uo6oC+LYpMDFYrkay2aSQyWsHhrNUO27yQUUvcRrglL7ramXoTJyt', N'1E0332F27B9A53A0EF9D6E076243F2EF')
GO
INSERT [dbo].[PATENTE] ([PAT_ID], [PAT_DESC], [PAT_DVH]) VALUES (21, N'EObcN/Xa9QGGoycftQYgykNc0Ow9mx3pCUSK3IeqjYg1eZSFz1RpLkT/6GbbxS/8', N'CEC6F9520C80E1A26562DC8B96C94DB1')
GO
INSERT [dbo].[PATENTE] ([PAT_ID], [PAT_DESC], [PAT_DVH]) VALUES (22, N'9Giq3BaRf5aaEwdYsm2s8i2W5x4xdlMmBWAOndZnSDA=', N'EE5E4A49C4A548895390930795B3DEE0')
GO
INSERT [dbo].[PATENTE] ([PAT_ID], [PAT_DESC], [PAT_DVH]) VALUES (23, N'yaRphrDJ1qZ2hxnJ6bU90Qu1Uz3L7aSViG1iyHgLL5g=', N'E83B5A8C45A8B2AEBBFBB8DD31ACE939')
GO
INSERT [dbo].[PATENTE] ([PAT_ID], [PAT_DESC], [PAT_DVH]) VALUES (24, N'ni2Ay9NQVy/CsEiUoXJWzN31uOHER03OWZ5GR3QATPA=', N'391572D4796266C78405B2D490828389')
GO
INSERT [dbo].[PATENTE] ([PAT_ID], [PAT_DESC], [PAT_DVH]) VALUES (25, N'+lBBDqjNdI3Hny91/w3iOgYJ+PnhQ2PmA64mhnqt4ck=', N'BB84D56126C63F1AEC8FB589B9B4E954')
GO
INSERT [dbo].[PATENTE] ([PAT_ID], [PAT_DESC], [PAT_DVH]) VALUES (26, N'RYCBTHwIZSKwQ4jhmZhZT3EutMr92WiHaLAGe34z1zc=', N'70B79F28A9F88E2EAD159F975983934C')
GO
INSERT [dbo].[PATENTE] ([PAT_ID], [PAT_DESC], [PAT_DVH]) VALUES (27, N'VhlMHQgO+37HaN9WSneUt/CYQ7WC+CXBhm9DWfX1tqZBDNS5nB4KPtutOlZGyAiG', N'6F331A011F0CBDB0CCB73237CC78F118')
GO
INSERT [dbo].[PATENTE] ([PAT_ID], [PAT_DESC], [PAT_DVH]) VALUES (28, N'P/1vAK6pXoRP+NEIYFP4wMqKVgEhyJEvclv5MWonHSI=', N'F22468E4E832C54C2A0C2A54403406B7')
GO
INSERT [dbo].[PATENTE] ([PAT_ID], [PAT_DESC], [PAT_DVH]) VALUES (29, N'yKOjlCJ8IgH7bDgt3PBCDbt0UOkfsaWTvR6dJi8jaS0=', N'4674B731003D8167F3C4A93D511E1E42')
GO
INSERT [dbo].[PATENTE] ([PAT_ID], [PAT_DESC], [PAT_DVH]) VALUES (30, N'Bje9+4JN8E+H1xjyn0Q8reBcFmeqHfOpvLaWS6wyQx0=', N'F44D91539FF46853B30EDA4CB3E7FDD6')
GO
INSERT [dbo].[PATENTE] ([PAT_ID], [PAT_DESC], [PAT_DVH]) VALUES (31, N'YP2KgTkhFtqEINzjrppBBLQapSAdZjxdiajT7oRWYsg=', N'8D0DEBFBB55B29DEE713291B9649E0F9')
GO
INSERT [dbo].[PATENTE] ([PAT_ID], [PAT_DESC], [PAT_DVH]) VALUES (32, N'/OOHNlHWD9sX9HZQIT36lp/vKYwzOPvmiBORCticnts=', N'CE2CCB54ED7DB4B922FCE817322557FB')
GO
INSERT [dbo].[PATENTE] ([PAT_ID], [PAT_DESC], [PAT_DVH]) VALUES (33, N'vtL6f2tjCYFWQwQhsPHSz+QSbkO4/taIT/KmqyRa9cWdAZu/4sCMO63OxKPzv86P', N'53CA330008AFB4F78A6C40B9D0A67015')
GO
INSERT [dbo].[PATENTE] ([PAT_ID], [PAT_DESC], [PAT_DVH]) VALUES (34, N'asQ26jEezwePU2l+hHJYFQ3HstO/mf6IgRzn27uDZiQ=', N'EB306E2694EE2FBD260DA16C9793C3A1')
GO
INSERT [dbo].[PATENTE] ([PAT_ID], [PAT_DESC], [PAT_DVH]) VALUES (35, N'sV92TOvk9kmswYP0ixx0VSvyr046nMnnUTEZG5uSrTnWmbHv0Qkgorr37ftSVqWr', N'CFFFB0D801FD3D61E4BAB8C7083A5A86')
GO
INSERT [dbo].[PATENTE] ([PAT_ID], [PAT_DESC], [PAT_DVH]) VALUES (36, N'LSijAizekUvsUfKCJfyDevGhjSnXj6BI4lhMsBJOSvU=', N'180D0F673F27D1D61D94F81EF19AD956')
GO
INSERT [dbo].[PATENTE] ([PAT_ID], [PAT_DESC], [PAT_DVH]) VALUES (37, N'NGA83IXJKn4TPiFHiwyH2jVk7qE9cpQ0P9eoSmiDVi0=', N'8749D3E2104ED587D802ACB1A044D8BD')
GO
INSERT [dbo].[PATENTE] ([PAT_ID], [PAT_DESC], [PAT_DVH]) VALUES (38, N'fONlQoGgYh2lrYzVS1qiOZP+OzW46fjxjBRa8ft5tU5T+H+s10ZH8kOH71NHS4Pu', N'CD13C89E794D380FAE82AA7FE963040E')
GO
INSERT [dbo].[PATENTE] ([PAT_ID], [PAT_DESC], [PAT_DVH]) VALUES (39, N'iwyL9uQvb75IapS2+yGIikLSVbn0A9bvNOIBwQYemCL5d6pAQa/eixCR2gPOP/tD', N'F225D32AEA435A8B5123B4BE60B4D80A')
GO
SET IDENTITY_INSERT [dbo].[PATENTE] OFF
GO
SET IDENTITY_INSERT [dbo].[PLANILLA_DE_EVALUACION] ON 
GO
INSERT [dbo].[PLANILLA_DE_EVALUACION] ([PDE_ID], [PDE_ALUMNO_ID], [PDE_NIVEL_ID], [PDE_TRIMESTRE_1], [PDE_TRIMESTRE_2], [PDE_TRIMESTRE_3], [PDE_NOTA_FINAL], [PDE_CONDICION], [PDE_DVH], [PDE_MATERIA_ID]) VALUES (3, 8, 4, NULL, NULL, NULL, NULL, NULL, N'C9F0F895FB98AB9159F51FD0297E236D', 10)
GO
INSERT [dbo].[PLANILLA_DE_EVALUACION] ([PDE_ID], [PDE_ALUMNO_ID], [PDE_NIVEL_ID], [PDE_TRIMESTRE_1], [PDE_TRIMESTRE_2], [PDE_TRIMESTRE_3], [PDE_NOTA_FINAL], [PDE_CONDICION], [PDE_DVH], [PDE_MATERIA_ID]) VALUES (4, 8, 4, NULL, NULL, NULL, NULL, NULL, N'C9F0F895FB98AB9159F51FD0297E236D', 11)
GO
INSERT [dbo].[PLANILLA_DE_EVALUACION] ([PDE_ID], [PDE_ALUMNO_ID], [PDE_NIVEL_ID], [PDE_TRIMESTRE_1], [PDE_TRIMESTRE_2], [PDE_TRIMESTRE_3], [PDE_NOTA_FINAL], [PDE_CONDICION], [PDE_DVH], [PDE_MATERIA_ID]) VALUES (5, 10, 4, N'PqzEuvdlc8WJw6O0NbaugO+2cTbb1gOQj0wFXhkMyJI=', N'fMjSjGixA2AxRO8XpTSP7ytzvnixIfbuNj2+uQMZdRQ=', N'psuFLgOJS2XcSt33gq+KUYLhBdahQy3ksPdRB5XMQB0=', N'ITct95V4gAxdOs8/vsBzbeitwU9SaAUOrCD/2M9T9KY=', 1, N'EB5781BFFBA5E99065F11041D9A2A690', 10)
GO
INSERT [dbo].[PLANILLA_DE_EVALUACION] ([PDE_ID], [PDE_ALUMNO_ID], [PDE_NIVEL_ID], [PDE_TRIMESTRE_1], [PDE_TRIMESTRE_2], [PDE_TRIMESTRE_3], [PDE_NOTA_FINAL], [PDE_CONDICION], [PDE_DVH], [PDE_MATERIA_ID]) VALUES (6, 10, 4, N'03h6/tHsZUZBJpR/010hxUGs49expHoDcSGPWWMdXgo=', N'GVJc+EN/ds/uq7LcL1bKDYjcN2vYXiB6R/vKLso0XsI=', N'M8iofic+zenG1BYk2IGqe073QSjatFVFFi7leU02myE=', N'GoIoAjALcHOEGwJyQhpqvwRxcesluOi8bh98xCCR+M8=', 1, N'511027451F0CBD806C7E4F50DB99EA8F', 11)
GO
INSERT [dbo].[PLANILLA_DE_EVALUACION] ([PDE_ID], [PDE_ALUMNO_ID], [PDE_NIVEL_ID], [PDE_TRIMESTRE_1], [PDE_TRIMESTRE_2], [PDE_TRIMESTRE_3], [PDE_NOTA_FINAL], [PDE_CONDICION], [PDE_DVH], [PDE_MATERIA_ID]) VALUES (7, 10, 4, N'zufMDFm4jiz0fNmvUnMZPL0AuTHIS4khOO7Ha4rlgNs=', N'8laA3usFrYWSQrxPJu8LZYr+fRwBwQUuj9pjIKxEFOs=', N'ehdq/Gt25kLDiV4IZgfKPcqjLoKd8RHcAkQqPiZRl38=', N'1zyHwSwTxDGK9Ys7j95Al59sjv95QbhTLVr+/CPGnro=', 1, N'C7036C150B0F41CDB9565392E1B307B8', 12)
GO
INSERT [dbo].[PLANILLA_DE_EVALUACION] ([PDE_ID], [PDE_ALUMNO_ID], [PDE_NIVEL_ID], [PDE_TRIMESTRE_1], [PDE_TRIMESTRE_2], [PDE_TRIMESTRE_3], [PDE_NOTA_FINAL], [PDE_CONDICION], [PDE_DVH], [PDE_MATERIA_ID]) VALUES (8, 10, 4, N'w7a8o315cblJ/1BM8Wb5KERr969y7OJVV9UyMFWCgZU=', N'HNIVejc5SwFBXg8PhWpOu23cUC9xOSMHO85BaBwD+dU=', N'EebdNDWK41tAJEQ1EM5VuAnXC+HxGTu1FI22DG1Lf24=', N'/F73WCz6AULhNHJ3Z1DXcv9D+SFnY5AETTowdMvm5M4=', 1, N'CE65476A74BBCE623A1FB069C7D77503', 13)
GO
INSERT [dbo].[PLANILLA_DE_EVALUACION] ([PDE_ID], [PDE_ALUMNO_ID], [PDE_NIVEL_ID], [PDE_TRIMESTRE_1], [PDE_TRIMESTRE_2], [PDE_TRIMESTRE_3], [PDE_NOTA_FINAL], [PDE_CONDICION], [PDE_DVH], [PDE_MATERIA_ID]) VALUES (9, 10, 4, N'bjsKU5LeasCE6/eemuYRwKg64FcYZS3LwtvxD7ycCNU=', N'd/3pbaMKKhJWLJH0amg+9B3i+RFFoD6XMftIksnSN8k=', N'SoQC4Sgi36Mz1KM+K3MWdXyqCeSpsMiXPr4WnBGTRfw=', N'plKwsWi592AJh+mmk8Joi133MZyx6FWDJhf7tDXM96c=', 1, N'EEC10E2CC2C0E432D0CD92D56A2F35ED', 14)
GO
INSERT [dbo].[PLANILLA_DE_EVALUACION] ([PDE_ID], [PDE_ALUMNO_ID], [PDE_NIVEL_ID], [PDE_TRIMESTRE_1], [PDE_TRIMESTRE_2], [PDE_TRIMESTRE_3], [PDE_NOTA_FINAL], [PDE_CONDICION], [PDE_DVH], [PDE_MATERIA_ID]) VALUES (10, 10, 4, N'jDZqWbjHYa2sVEefQ82d0OondFgjtJdgxty1ddhHBL0=', N'O4qeCB/gFeOmggTXqDiMNR6jtUpW+ynJJGQSacCsAaY=', N'sBqIwH01S8fSUibnO/XAJAU0vAWEIlJgePB8l/ONRlU=', N'Q1QOZ7WgZm0y8nFQDUtH+SOtlGygA+6vtD9WDM8IJIY=', 1, N'8864216DF7475D3340629455566882C5', 15)
GO
INSERT [dbo].[PLANILLA_DE_EVALUACION] ([PDE_ID], [PDE_ALUMNO_ID], [PDE_NIVEL_ID], [PDE_TRIMESTRE_1], [PDE_TRIMESTRE_2], [PDE_TRIMESTRE_3], [PDE_NOTA_FINAL], [PDE_CONDICION], [PDE_DVH], [PDE_MATERIA_ID]) VALUES (11, 10, 4, N'YzpwH7kFuMJYITc1FzpwxPN0933u+MnatFbVJlDHb1U=', N'FcB11YPZA7Lpmg5iUvcH/8T8b96LpQap3rVgVzoHt+U=', N'TEqDBCO5k0/wBE9mHh+zzutXHDjLcbLtpZytEW6b3bk=', N'lyThdB/R47Q+feDRe92OqmFW/4dbCsw+jtmF+WZedwM=', 1, N'841FD87EBB58A5EE554DB35D20022893', 16)
GO
INSERT [dbo].[PLANILLA_DE_EVALUACION] ([PDE_ID], [PDE_ALUMNO_ID], [PDE_NIVEL_ID], [PDE_TRIMESTRE_1], [PDE_TRIMESTRE_2], [PDE_TRIMESTRE_3], [PDE_NOTA_FINAL], [PDE_CONDICION], [PDE_DVH], [PDE_MATERIA_ID]) VALUES (12, 10, 4, N'VPFbLtqBMx9B5q/gjeSlCLrJVUSbjlmsYjThd7TQ3Os=', N'UIA1OrqDRx0ytloebYTkwy29AVVQTgUbmjvd8NjGadA=', N'bqdNSXTtJCXzHYTgqvOOR3dFaYC2UdjJ4/9OSH3ZDZY=', N'OCHEM9LSrFnxbdi1NQ4h2rG8RfEZMybt4UkW1HpNgCc=', 1, N'3559E887B7E6494ACFDD6090B8F16488', 17)
GO
INSERT [dbo].[PLANILLA_DE_EVALUACION] ([PDE_ID], [PDE_ALUMNO_ID], [PDE_NIVEL_ID], [PDE_TRIMESTRE_1], [PDE_TRIMESTRE_2], [PDE_TRIMESTRE_3], [PDE_NOTA_FINAL], [PDE_CONDICION], [PDE_DVH], [PDE_MATERIA_ID]) VALUES (13, 12, 7, N'sf6lgiAj4yQ81crYX1seoqQS1UTmdMxZ03K3FY196oo=', N'+b1dfIldLu7f/t4P/QkPBKY4qjmAioMBzHLeFgIs9t8=', N'8cR3qNQBTPuDbzCn+H7QBIHae1NghtIh61qM7rvJBjw=', N'yE/uKL0E2hacYz0+MJUMHZpJlwn0UIcCNYzetTB06y8=', 1, N'EBF7C7E27FF89A456594B1D8600DE43D', 10)
GO
INSERT [dbo].[PLANILLA_DE_EVALUACION] ([PDE_ID], [PDE_ALUMNO_ID], [PDE_NIVEL_ID], [PDE_TRIMESTRE_1], [PDE_TRIMESTRE_2], [PDE_TRIMESTRE_3], [PDE_NOTA_FINAL], [PDE_CONDICION], [PDE_DVH], [PDE_MATERIA_ID]) VALUES (14, 12, 7, N'pRCVxbQBXGtL4RCTx4Du6aL9oodTljhqckMgQAjujq4=', N'GmC43PPp0SUEapFmfYoMfpD3kEc7HtM14EtI+khbx1E=', N'hbb8BZNm1nx15YcNM3boxqEpVJdcsQZW6L9eJ/2m1mU=', N'hhxhPOOsC/+zH3GVrbCf+R0gpV8cHXHuNg/fuqnrS/8=', 1, N'B5B33371C93D7B2E290E0C0EC6D8AFFB', 11)
GO
INSERT [dbo].[PLANILLA_DE_EVALUACION] ([PDE_ID], [PDE_ALUMNO_ID], [PDE_NIVEL_ID], [PDE_TRIMESTRE_1], [PDE_TRIMESTRE_2], [PDE_TRIMESTRE_3], [PDE_NOTA_FINAL], [PDE_CONDICION], [PDE_DVH], [PDE_MATERIA_ID]) VALUES (15, 12, 7, N'TdZzN9n7ufXJqa1k5Z/mvs9eEnOFVjfE9tHgELqFiGc=', N'kyWfGLJ9tlN/SfsWgev/BmGfxnXtzdXRJhVcyYRa0gc=', N'IsA0t9eDC7MmTAdvLFsyLz4yTPmkTZ+USr6vO+sC4DY=', N'JM4SlVs88wtBhEMLDVcpmNS67UGbH/lWNt/Xptnlyvw=', 1, N'4637D23B80047085594607EF163481F7', 12)
GO
INSERT [dbo].[PLANILLA_DE_EVALUACION] ([PDE_ID], [PDE_ALUMNO_ID], [PDE_NIVEL_ID], [PDE_TRIMESTRE_1], [PDE_TRIMESTRE_2], [PDE_TRIMESTRE_3], [PDE_NOTA_FINAL], [PDE_CONDICION], [PDE_DVH], [PDE_MATERIA_ID]) VALUES (16, 12, 7, N'WwL9SzAPm9o40qWa3YQrgNJpaFaf9F8GqKewQ/x0HKc=', N'1BkqQsJ56DIRKqYYx1sc0tQk0ypHql2UqiyQzBIQC0s=', N'OxlhoHmps1C+Wcred+LjI8UFAQK62lpPpjkCZtIfVcE=', N'qXnA8HbV9x9bOtAXvaR6ZXb94cL8zFOD0e6UCq4kaBg=', 1, N'54C06D9C91251BDA2A3D66249FE8A1B0', 13)
GO
INSERT [dbo].[PLANILLA_DE_EVALUACION] ([PDE_ID], [PDE_ALUMNO_ID], [PDE_NIVEL_ID], [PDE_TRIMESTRE_1], [PDE_TRIMESTRE_2], [PDE_TRIMESTRE_3], [PDE_NOTA_FINAL], [PDE_CONDICION], [PDE_DVH], [PDE_MATERIA_ID]) VALUES (17, 12, 7, N'OZXsK+K/hJEe8CPv2Y7uuyq66Hk7NBdlqWzPNU1LDu8=', N'EBq0gxascNp5SjnZI/NIodgNFpm7uom7wWL2abYIZgg=', N'GskhpudY8zpJkxLvdQ8hAB4sP6WAcrrKq4bBHd4f3OU=', N'9G7WFV0PvJfqSsfu6c9mJS4YbMR8B3FIw5Ll46LjbMI=', 1, N'63B41A0DB58691D4F795874106E2B7DC', 14)
GO
INSERT [dbo].[PLANILLA_DE_EVALUACION] ([PDE_ID], [PDE_ALUMNO_ID], [PDE_NIVEL_ID], [PDE_TRIMESTRE_1], [PDE_TRIMESTRE_2], [PDE_TRIMESTRE_3], [PDE_NOTA_FINAL], [PDE_CONDICION], [PDE_DVH], [PDE_MATERIA_ID]) VALUES (18, 12, 7, N'fYzyvPbubfPgKsxhWD34R6Heyh6GnxetwY3GWMx1d7k=', N'QySFZkwbbGYDoMbL16/CAoZWN9BVagEA2Sa9mD5A6WE=', N'bME7dLZk8HfB1tIf8oIQ2c8atBo6p5BHljnLQCf97MQ=', N'UQwixXkxdi7wSumNZiXFZRYlb8DP/+1UwszESA8pNkI=', 1, N'DC9EDBF10E3F3A4AF1BCECBC039EDD99', 15)
GO
INSERT [dbo].[PLANILLA_DE_EVALUACION] ([PDE_ID], [PDE_ALUMNO_ID], [PDE_NIVEL_ID], [PDE_TRIMESTRE_1], [PDE_TRIMESTRE_2], [PDE_TRIMESTRE_3], [PDE_NOTA_FINAL], [PDE_CONDICION], [PDE_DVH], [PDE_MATERIA_ID]) VALUES (19, 12, 7, N'VJuGp9tUYak6OWpbaQkggWav3SbzLG1hUlBNuzIObHg=', N'GOlQRs+KMV+OJ/bhuxgYzFtMPc11rH6+17wou5PQRBE=', N'MXtAB4Rsi53vivHruReEfs9NP+ECVA3upi+JP7l8r1s=', N'OLlqBSmzZxKF7s31qOIG5VfCUs4PSeE0aXf7hVvTzl4=', 1, N'3C517D979755A28C7B2DE68CAFEFB105', 16)
GO
INSERT [dbo].[PLANILLA_DE_EVALUACION] ([PDE_ID], [PDE_ALUMNO_ID], [PDE_NIVEL_ID], [PDE_TRIMESTRE_1], [PDE_TRIMESTRE_2], [PDE_TRIMESTRE_3], [PDE_NOTA_FINAL], [PDE_CONDICION], [PDE_DVH], [PDE_MATERIA_ID]) VALUES (20, 12, 7, N'aGnTwOAaJ2yKtnXiWJuB0tNHkZrtcLHwXtBPcXBkWAA=', N'meQZQpZ4YF/CTF7B/4sOLBspRdTyDktSwxzk/5FW/Mo=', N'9Ds55fQsDz9fQDqrWKjqSkoYVQoXPz7wjObx6zRKPFE=', N'Cuxnfiqq8IPogmnQ5mBHbpCNglePK8cjHm6Jgji/9GE=', 1, N'386E03AFA9B88694F789796A07CCCF35', 17)
GO
INSERT [dbo].[PLANILLA_DE_EVALUACION] ([PDE_ID], [PDE_ALUMNO_ID], [PDE_NIVEL_ID], [PDE_TRIMESTRE_1], [PDE_TRIMESTRE_2], [PDE_TRIMESTRE_3], [PDE_NOTA_FINAL], [PDE_CONDICION], [PDE_DVH], [PDE_MATERIA_ID]) VALUES (21, 14, 12, N'M//gqHXEL+Mqt/oJOP/iVtPzV6jtajGqWxOxnmmZhQU=', N'OaJLQJCVjyxDj3NK5KpGCvIdMTkoTdpkUScy74hns9A=', N'b+TT5Wz1sSQ62Pbdtqz0YQQLp6NlXqJxHjP2kSC2mZs=', N'ET2rx/jR+QMgy9HncyAlwR5oAuTCYGmtzFKzWZLDurY=', 1, N'8C7086EF1A34B2CA299B18946E56BD0C', 10)
GO
INSERT [dbo].[PLANILLA_DE_EVALUACION] ([PDE_ID], [PDE_ALUMNO_ID], [PDE_NIVEL_ID], [PDE_TRIMESTRE_1], [PDE_TRIMESTRE_2], [PDE_TRIMESTRE_3], [PDE_NOTA_FINAL], [PDE_CONDICION], [PDE_DVH], [PDE_MATERIA_ID]) VALUES (22, 14, 12, N'qNA/EYX4AbBg7CAYbNtP/sCvvkV/3W9wZKFyAQF4ESQ=', N'HxD14ElerYPR/ojLn+VifIoIdb8go9LOTSd3Rvl2mJ0=', N'EUboZ6bZqgANuRQb9NTuoNX15R1RwLjXVhyvkkEv8dI=', N'n1LutMm41hfDXTRZ4Klus3lJZut6LSLguj5DNPzVmAc=', 1, N'E83E198290B0D3127C283FDA33918ED8', 11)
GO
INSERT [dbo].[PLANILLA_DE_EVALUACION] ([PDE_ID], [PDE_ALUMNO_ID], [PDE_NIVEL_ID], [PDE_TRIMESTRE_1], [PDE_TRIMESTRE_2], [PDE_TRIMESTRE_3], [PDE_NOTA_FINAL], [PDE_CONDICION], [PDE_DVH], [PDE_MATERIA_ID]) VALUES (23, 14, 12, N'9kNvafcfB9M7ZYkqSQtrywH/1iye69mIp29Vox06LpU=', N'92aq77o0eXlfAwqKRqLZn6DttcMK3iHPmS+0cJ2NiC0=', N'yTxa63GOBpeNzfP50vWKYVy+l3iVJrb2hCZwtB0pPNw=', N'T99bvcVXLXZ+NauOHVYuLFy3KQpexpnrh4VX44HFvD8=', 1, N'19CD61AE7A4A6FD31749FA2147C884F8', 12)
GO
INSERT [dbo].[PLANILLA_DE_EVALUACION] ([PDE_ID], [PDE_ALUMNO_ID], [PDE_NIVEL_ID], [PDE_TRIMESTRE_1], [PDE_TRIMESTRE_2], [PDE_TRIMESTRE_3], [PDE_NOTA_FINAL], [PDE_CONDICION], [PDE_DVH], [PDE_MATERIA_ID]) VALUES (24, 14, 12, N'pQYRRn+OO6fEiR1hW0tv/AUppRsNpplqi0OK3NfAf7o=', N'SEJ8JSz0rR6owdem8P6QnGn5ce+PN7+asxEoeJoch3M=', N'FoLp0OgtWj4Gg6atian4HDct4INqYlxLJxi7/j3ejF4=', N'wj+p8vi3jjBTau7EeX7gag9IK4KmwwafWCPyRYlVvrE=', 1, N'D5B8623F22C410EACBA4FEEDD64B13AA', 13)
GO
INSERT [dbo].[PLANILLA_DE_EVALUACION] ([PDE_ID], [PDE_ALUMNO_ID], [PDE_NIVEL_ID], [PDE_TRIMESTRE_1], [PDE_TRIMESTRE_2], [PDE_TRIMESTRE_3], [PDE_NOTA_FINAL], [PDE_CONDICION], [PDE_DVH], [PDE_MATERIA_ID]) VALUES (25, 14, 12, N'tpI3zzwP5R0+xo0RekysJudu7qRcEreNQNX53M4HUpc=', N'/bXpwMsYFovrDiTPRmvMyUuONGCfvsn8RxZ1/YoReKY=', N'IAZz4bunmxtOqiMeKruhOxjf+RQrJb4GFO0IQ2A/BhA=', N'aJIB5EclA+FFeueTEZ5ss8dJx2vHQIf+JTWZ7Me/daQ=', 1, N'507A180D3DFE5EC76996BA5488F6C7C1', 14)
GO
INSERT [dbo].[PLANILLA_DE_EVALUACION] ([PDE_ID], [PDE_ALUMNO_ID], [PDE_NIVEL_ID], [PDE_TRIMESTRE_1], [PDE_TRIMESTRE_2], [PDE_TRIMESTRE_3], [PDE_NOTA_FINAL], [PDE_CONDICION], [PDE_DVH], [PDE_MATERIA_ID]) VALUES (26, 14, 12, N'RV/Smw9oAy/vUQylfZ0egm77TdjDDz8G7+gQh4ACgFo=', N'ABQN1qTGP8UCVP6E5+WtpMYLwoAPgY17t1N0wXjl+Ks=', N'M3xtn0CnRenLnduSN0l3LQLpRyebE7slKimAwvV1BmA=', N'WPi/wq5ij3i6UCf5UPVs9m/otF/PNPqsLOdFU8jSln4=', 1, N'9AA15E877B43F2959FD0850BE8FFC25F', 15)
GO
INSERT [dbo].[PLANILLA_DE_EVALUACION] ([PDE_ID], [PDE_ALUMNO_ID], [PDE_NIVEL_ID], [PDE_TRIMESTRE_1], [PDE_TRIMESTRE_2], [PDE_TRIMESTRE_3], [PDE_NOTA_FINAL], [PDE_CONDICION], [PDE_DVH], [PDE_MATERIA_ID]) VALUES (27, 14, 12, N'7XRgSQ7eufX2CPPhr0FR8yIv1CDvgpKm8P2komBPf+o=', N'E4nvfWJJk0ZJkbySSFc0Sr6mwfZfrz8wLWVeu5oB7ec=', N'0ZAXLGvfQE6ognaB/nagytF0I2feQa3BwEGg9Q7D7Q8=', N'tGPsgM6fqMtuQK4xKspXBxNpwW3ePzZxdz/zgok1mPM=', 1, N'E2A408B8093B006CD57C588D88BB3917', 16)
GO
INSERT [dbo].[PLANILLA_DE_EVALUACION] ([PDE_ID], [PDE_ALUMNO_ID], [PDE_NIVEL_ID], [PDE_TRIMESTRE_1], [PDE_TRIMESTRE_2], [PDE_TRIMESTRE_3], [PDE_NOTA_FINAL], [PDE_CONDICION], [PDE_DVH], [PDE_MATERIA_ID]) VALUES (28, 14, 12, N'UQoLT2bW/uGr7BwWb7n1bNO5Q306tgq2xeMBWqg2oUk=', N'Kf+QmIzJWBNE9pQVEfaDeP/W8trVbLoFpbWg0seKoIg=', N'yI5XQfi9fSsCcTgc83F6KvbcXd4dRdBrgbmfF9ngi2g=', N'EW3lA2+dOSfUdYbacUmpG6tJ9uvSahFxAwza7Dms+dw=', 1, N'0130E7ABAE811B2887A1DCE98AE4AB77', 17)
GO
INSERT [dbo].[PLANILLA_DE_EVALUACION] ([PDE_ID], [PDE_ALUMNO_ID], [PDE_NIVEL_ID], [PDE_TRIMESTRE_1], [PDE_TRIMESTRE_2], [PDE_TRIMESTRE_3], [PDE_NOTA_FINAL], [PDE_CONDICION], [PDE_DVH], [PDE_MATERIA_ID]) VALUES (29, 18, 6, N'6a1x4bQ5jht42+otnhSapGGoGPY+AK4MJfW9MSDbxSQ=', N'cUbQnOan61Cp7ilVEuEtJLrHMELXAha4y6DkjldsiO4=', N'SZNvmPUQvKLoyAWtbdJsc9OalEi+fMm5Va//gkHQaYo=', N'dKbx4kTaX2+7B+nlBz6PcnDIuY86SKpufF3SA1ZH+8o=', 1, N'044EAA2A8D5E1D27462377384120337A', 10)
GO
INSERT [dbo].[PLANILLA_DE_EVALUACION] ([PDE_ID], [PDE_ALUMNO_ID], [PDE_NIVEL_ID], [PDE_TRIMESTRE_1], [PDE_TRIMESTRE_2], [PDE_TRIMESTRE_3], [PDE_NOTA_FINAL], [PDE_CONDICION], [PDE_DVH], [PDE_MATERIA_ID]) VALUES (30, 18, 6, N'4SB13p7bwcXwyslClIgWtKjrJozUaPbzV/UG1VW2Npw=', N'yT+lcvMiHemmHEIZNtogu5pEl9Vn5Y8J8UFPssEoYtA=', N'vjeQp5m7aF9981/sp0Ry+0i95vb4yo8sODtBEKxPxKs=', N'v6onn1k7vcfNoCFzbqEKPteyCk2CweBoyXM3mXv6LF8=', 1, N'0A14175DB4AF36D2B63C10E5A4532524', 11)
GO
INSERT [dbo].[PLANILLA_DE_EVALUACION] ([PDE_ID], [PDE_ALUMNO_ID], [PDE_NIVEL_ID], [PDE_TRIMESTRE_1], [PDE_TRIMESTRE_2], [PDE_TRIMESTRE_3], [PDE_NOTA_FINAL], [PDE_CONDICION], [PDE_DVH], [PDE_MATERIA_ID]) VALUES (31, 18, 6, N'zFq6Y0W42D5IVshmyA0mgzyklE7PdXIRTv6SGy5lX2c=', N'hnIMpAd7mRimOBV1FQ0SiCTLhCNHg5hErETm/nSrges=', N'1fiUGUQ2DcNj+ddi/hBnWCrj5ilW0kjsbL0xzFmMWqk=', N'/M6buFQmw1K9fUKXj0LQLtJCe4l0kZJYlRR0gwQBaDI=', 1, N'67F316D2B3C01F61ED84072FEF6B1A08', 12)
GO
INSERT [dbo].[PLANILLA_DE_EVALUACION] ([PDE_ID], [PDE_ALUMNO_ID], [PDE_NIVEL_ID], [PDE_TRIMESTRE_1], [PDE_TRIMESTRE_2], [PDE_TRIMESTRE_3], [PDE_NOTA_FINAL], [PDE_CONDICION], [PDE_DVH], [PDE_MATERIA_ID]) VALUES (32, 18, 6, N'culsWBcv6VJOqzRyrBb+4jEwwPRnOfwMNmQZooC2gjE=', N'QE1f6qsJnb96c9AxP5yQMUo65SXbgJrcASPK9qZ5Qq0=', N'lESfDLXWMPO3BC9vfgHkglXcF2zwPmGrVh8R3ToLDBA=', N'4VS3+HTLX4ksp9jWzFJlFlorpwZAk9BGCreY+pLA6yk=', 1, N'65574576084EB2EBDE116B00224CEC83', 13)
GO
INSERT [dbo].[PLANILLA_DE_EVALUACION] ([PDE_ID], [PDE_ALUMNO_ID], [PDE_NIVEL_ID], [PDE_TRIMESTRE_1], [PDE_TRIMESTRE_2], [PDE_TRIMESTRE_3], [PDE_NOTA_FINAL], [PDE_CONDICION], [PDE_DVH], [PDE_MATERIA_ID]) VALUES (33, 18, 6, N'K9xYk/alnyQgJnGRlkprwgrc4T+ofFDroBlwwZ/SEz8=', N'bCd5y0dM+w+a3mbEXTNIV5S5QG9QxlGJKqE5HtgNjYY=', N'QDdnodmTZ2BQlGmdZPkmRGohzcBBGJ10sYJr2d6JpAo=', N'4zAT3fbnQzzhNp5dxRcCUGMHeUy2hz2fK2oE9NfoM78=', 1, N'A0C42FF18E6D28D77D8B88431A40DA46', 14)
GO
INSERT [dbo].[PLANILLA_DE_EVALUACION] ([PDE_ID], [PDE_ALUMNO_ID], [PDE_NIVEL_ID], [PDE_TRIMESTRE_1], [PDE_TRIMESTRE_2], [PDE_TRIMESTRE_3], [PDE_NOTA_FINAL], [PDE_CONDICION], [PDE_DVH], [PDE_MATERIA_ID]) VALUES (34, 18, 6, N'8hZivyB86Y+fOVHkTTLrDTJ8ZD9VzDx/tGm4BuVKAJ4=', N'UokKAYt9OmqvEprBDZf2qFFLLIp6GekLoQsq91iugfo=', N'JFkmeFn/YGhfoxQGWSQIIlkqNyz7b0kRRaYICkjALAU=', N'ezEi2ILp+LEyJB7cb/1l/dTeAdsUCp2GXGD6DbnmfN8=', 1, N'153BAAD09389DFA670E1CD8F145311C9', 15)
GO
INSERT [dbo].[PLANILLA_DE_EVALUACION] ([PDE_ID], [PDE_ALUMNO_ID], [PDE_NIVEL_ID], [PDE_TRIMESTRE_1], [PDE_TRIMESTRE_2], [PDE_TRIMESTRE_3], [PDE_NOTA_FINAL], [PDE_CONDICION], [PDE_DVH], [PDE_MATERIA_ID]) VALUES (35, 18, 6, N'wT2hUGYK3a4EwO52/5kwWx0CYsabKqe5XjQegjmEguo=', N'9QDPj6YjKTd4tsVpxqI5z6gxU+7C7hapZTfO7NzPDJ0=', N'sVuzhWJ5S2g/5t0e/UKHuoeIux0Su+H/IpW60fkRzmE=', N'2tfXW8VrMymVTxYfnXlkH7UEdSAg/sJ+VMiybpeMqMw=', 1, N'A23D43E4C04A7D1BA6352EAA1A442027', 16)
GO
INSERT [dbo].[PLANILLA_DE_EVALUACION] ([PDE_ID], [PDE_ALUMNO_ID], [PDE_NIVEL_ID], [PDE_TRIMESTRE_1], [PDE_TRIMESTRE_2], [PDE_TRIMESTRE_3], [PDE_NOTA_FINAL], [PDE_CONDICION], [PDE_DVH], [PDE_MATERIA_ID]) VALUES (36, 18, 6, N'jhdh7Qq8WWRy/0+5dXxeiNRui2yfLT2yWx5WP6GJ9GI=', N'QTmTOrnbxp5wT9GD8REDFHZke/eVbcju2uLcDNZ31JQ=', N'03Km2A6m3pdP2hAQ5TjvA8V/syHBDB5zKdVuS5foyj0=', N'bzbkPofUHiKYIeaccektu18HyphMH/brGO5Zt6L5qz8=', 1, N'72FBF009C7AEAFA1AC4E0306565609C4', 17)
GO
INSERT [dbo].[PLANILLA_DE_EVALUACION] ([PDE_ID], [PDE_ALUMNO_ID], [PDE_NIVEL_ID], [PDE_TRIMESTRE_1], [PDE_TRIMESTRE_2], [PDE_TRIMESTRE_3], [PDE_NOTA_FINAL], [PDE_CONDICION], [PDE_DVH], [PDE_MATERIA_ID]) VALUES (37, 19, 6, N'tJlom19aTqcWvnV8UBDZFy7KGWPCsU+/lbyc6vZKuFc=', N'wP46g70GFgA+T6aL3L5CZWnl163K6S3firAHNNRvUKc=', N'u2v+ggPkRBmaxwNavprhZy1eKNXy1dcEeJmWkWHD1MQ=', N'jz8c2y1nBXZ9yFNn9Wo2uBUv54QAFCtDr+Cy1e6I5J8=', 1, N'D65D52C8B127A6FAB284883454DEFE06', 10)
GO
INSERT [dbo].[PLANILLA_DE_EVALUACION] ([PDE_ID], [PDE_ALUMNO_ID], [PDE_NIVEL_ID], [PDE_TRIMESTRE_1], [PDE_TRIMESTRE_2], [PDE_TRIMESTRE_3], [PDE_NOTA_FINAL], [PDE_CONDICION], [PDE_DVH], [PDE_MATERIA_ID]) VALUES (38, 19, 6, N'7rtE88RM4Cn/6aOCztMQ4vdlDPUA6gmCPgvyBgCoiKA=', N'K76Q+L+xFHxwHKfyV7oDhgMfPFSKc/lO9F+YmjnCs8M=', N'gsCTBsCs5B7k49mFi9dRqndAwsT2CiYoBOWC7lupwOo=', N'ZT2/HylgsAky+SwZpX7iRw9fNUaY56vTVxGQ8SIt4Zk=', 1, N'45D2E7984EE553D26D509B8E266A390F', 11)
GO
INSERT [dbo].[PLANILLA_DE_EVALUACION] ([PDE_ID], [PDE_ALUMNO_ID], [PDE_NIVEL_ID], [PDE_TRIMESTRE_1], [PDE_TRIMESTRE_2], [PDE_TRIMESTRE_3], [PDE_NOTA_FINAL], [PDE_CONDICION], [PDE_DVH], [PDE_MATERIA_ID]) VALUES (39, 19, 6, N'cIUR4PkaOdhwZoWAKZagyGxwOdk8FI50AB2z0hjSLnU=', N'UroxCrECVWd/ubSToU520QzV6CuLSngaaWjf0EpdDgo=', N'yhtoapNDCy8aFs+E+V3FCTf2WM07cn/MCeLV655L5uc=', N'Y8HcuebmZHzho5DEQKhZw5qfXjETTtkfebuAK5aGof4=', 1, N'E0D6F961EB4DE1A35A733A6685DE8FEC', 12)
GO
INSERT [dbo].[PLANILLA_DE_EVALUACION] ([PDE_ID], [PDE_ALUMNO_ID], [PDE_NIVEL_ID], [PDE_TRIMESTRE_1], [PDE_TRIMESTRE_2], [PDE_TRIMESTRE_3], [PDE_NOTA_FINAL], [PDE_CONDICION], [PDE_DVH], [PDE_MATERIA_ID]) VALUES (40, 19, 6, N'mHbgCNOEmI9QKPw+NdrL9YLZzdWeM8kwZBIxl4LTmvg=', N'tqhoBOTlaRmKoTIxIXeIs9gcOmAL0U+xfs9B8WHv1Z8=', N'rsugBtUvGUgpQTswQUYRb8GWiODUMlOIpz+Ashh84Ig=', N'Otg2cazzclrJzby4wrVYGij04JHMx7hSt84owYQR1kE=', 1, N'DFE11F6A6E698D51DFEB72DFCB6C6AA6', 13)
GO
INSERT [dbo].[PLANILLA_DE_EVALUACION] ([PDE_ID], [PDE_ALUMNO_ID], [PDE_NIVEL_ID], [PDE_TRIMESTRE_1], [PDE_TRIMESTRE_2], [PDE_TRIMESTRE_3], [PDE_NOTA_FINAL], [PDE_CONDICION], [PDE_DVH], [PDE_MATERIA_ID]) VALUES (41, 19, 6, N'CG+t3uYKgKcD5Mn+Fn8zpXzBO0uxRaAoboqoKSygdqM=', N'FVgrAoMod/eLjO4c3eXoCROs8aGB9+lYiqquv92JaYY=', N'r8K5HrmvsEc4wqUtKUxB4kKMbSuUHwSBrz2nlD0LnNE=', N'e2+8ywzUQQotJ01zge53KUobCzrPgXUUwkjEQDRr8mE=', 1, N'006F64632804AA16A372BEB6D2180793', 14)
GO
INSERT [dbo].[PLANILLA_DE_EVALUACION] ([PDE_ID], [PDE_ALUMNO_ID], [PDE_NIVEL_ID], [PDE_TRIMESTRE_1], [PDE_TRIMESTRE_2], [PDE_TRIMESTRE_3], [PDE_NOTA_FINAL], [PDE_CONDICION], [PDE_DVH], [PDE_MATERIA_ID]) VALUES (42, 19, 6, N'p4Az31RmA4QyFlhWngfkw5W7TQguYCYUf159BPVV71w=', N'PXdVKajHGZvTLvL3zU2ND6Lq36jEWScoDKkUvCBykzo=', N'wI2px9M2P2KhYnrPWdx921tJAOfdTL7DO5mSM1td10Y=', N'm/tpMDey9m1LU4XE0q19P0id7prZEg5FiQXFIEYp66E=', 1, N'51D03831CAE01EC8B4E1F082F177294B', 15)
GO
INSERT [dbo].[PLANILLA_DE_EVALUACION] ([PDE_ID], [PDE_ALUMNO_ID], [PDE_NIVEL_ID], [PDE_TRIMESTRE_1], [PDE_TRIMESTRE_2], [PDE_TRIMESTRE_3], [PDE_NOTA_FINAL], [PDE_CONDICION], [PDE_DVH], [PDE_MATERIA_ID]) VALUES (43, 19, 6, N'HFVG0kl36EzJw1TQQjgxfAjx6yrmv3XoeFVk/qZ1fgw=', N'qWfP9sBtrAiRcLEzrcuLRfcn/pUc9ubrV4uUjVojDBA=', N'v0JiTt8TNLueCx3JrCDNwk4bPKUJt4+lhO9vTBU94wc=', N'zW4Kl0yKVZ3IHUPkdQQ0VDXvzHcu5XcYys5mcHLUWhs=', 1, N'AA5548C06047332E8828B1F6F1F3739B', 16)
GO
INSERT [dbo].[PLANILLA_DE_EVALUACION] ([PDE_ID], [PDE_ALUMNO_ID], [PDE_NIVEL_ID], [PDE_TRIMESTRE_1], [PDE_TRIMESTRE_2], [PDE_TRIMESTRE_3], [PDE_NOTA_FINAL], [PDE_CONDICION], [PDE_DVH], [PDE_MATERIA_ID]) VALUES (44, 19, 6, N'evnrxmHxBvU5Wm5DJpKcnybM+Fh34IBeFccm82lLRH0=', N'Rg0UdkEoOOORXtttcgr7Re5ZNQkpBX6KrodHxPwH6HU=', N'dmNAWBN+HlPLz+M0kLp+P3+7jTY/daY+CUmp3tAW3gY=', N'JAwLkjh7AJcLeJLqTjLYYllwrdMTg/dkHXPyV82IbKY=', 1, N'0132B89860E58F033DA783401BBF1B82', 17)
GO
INSERT [dbo].[PLANILLA_DE_EVALUACION] ([PDE_ID], [PDE_ALUMNO_ID], [PDE_NIVEL_ID], [PDE_TRIMESTRE_1], [PDE_TRIMESTRE_2], [PDE_TRIMESTRE_3], [PDE_NOTA_FINAL], [PDE_CONDICION], [PDE_DVH], [PDE_MATERIA_ID]) VALUES (45, 10, 5, N'zfnWSB2lAVmVi+EfTJROH/aYhX7/LRcHmM9XU5rPNss=', N'v9rHgSVyONUcSFl5YyVSlp2cZ/q2SGMLLBs3uOdEfok=', N'HBe7oV5nXabYZ884yJ85DBZJSkTHqhkfmTQ3IpZhm7o=', N'uEIO+CvHa9G7qc6uWJtkOJy3WMeTVIEC2UT/3JqHJQM=', 0, N'0D288E9CF484AB1740A8BF308122219C', 10)
GO
INSERT [dbo].[PLANILLA_DE_EVALUACION] ([PDE_ID], [PDE_ALUMNO_ID], [PDE_NIVEL_ID], [PDE_TRIMESTRE_1], [PDE_TRIMESTRE_2], [PDE_TRIMESTRE_3], [PDE_NOTA_FINAL], [PDE_CONDICION], [PDE_DVH], [PDE_MATERIA_ID]) VALUES (46, 10, 5, N'YxUv1eCCILLlokHUVU67WcUqU376j8eRKWWPxVEPPHo=', N'JKlcDWj9LK4qvDhqdAtGtW0aVicxP0iuP69wc/CIbQs=', N'bu2lU6qULNlh6QumofXre4RxjbSJfRlcN80WfKwOqHc=', N'ZBgSyZx4MrIA6O4RxHWaMQ6b+WbPx6RL+FHYdhrLeSs=', 0, N'A5D826A2172FE089A3E4D4F5A2A948AB', 11)
GO
INSERT [dbo].[PLANILLA_DE_EVALUACION] ([PDE_ID], [PDE_ALUMNO_ID], [PDE_NIVEL_ID], [PDE_TRIMESTRE_1], [PDE_TRIMESTRE_2], [PDE_TRIMESTRE_3], [PDE_NOTA_FINAL], [PDE_CONDICION], [PDE_DVH], [PDE_MATERIA_ID]) VALUES (47, 10, 5, N'FR6y0XSGxW6xAZpVT/y+etO5NZCZmOgTZML96zDR4vA=', N'ew61EoWh/owe9tSwdF1ogLDuBbDVdaEtqnMACknqUb8=', N't7kqRqvbhSSGLIDjcBYhGpddYJ8wDUepaMMUbxh33GU=', N'AtTTo6ykoPysDIXhjCAaQz8QOnHv/KKKy2k9G93Av1Q=', 1, N'3679017E54E33FD8B4035F9C4365B10C', 12)
GO
INSERT [dbo].[PLANILLA_DE_EVALUACION] ([PDE_ID], [PDE_ALUMNO_ID], [PDE_NIVEL_ID], [PDE_TRIMESTRE_1], [PDE_TRIMESTRE_2], [PDE_TRIMESTRE_3], [PDE_NOTA_FINAL], [PDE_CONDICION], [PDE_DVH], [PDE_MATERIA_ID]) VALUES (48, 10, 5, N'xKL3bfYlfHJYgBhkY0un2tJRVEdFxsqpyPoDRywIBmg=', N'BmNXK/Df9EEuvQwLHMwCm1p9l4Uixrip8NKe2IHCV4c=', N'Q8ph8UBRKu//b5AVB3O71NNSowPUFVwlqIBZ9u7K594=', N'fXV1rRfH7ebHBocZ4MsYpAjmkkfcW1UZfEPmBn6VSQ0=', 0, N'6B868A4739A18085368F487D80251AB9', 13)
GO
INSERT [dbo].[PLANILLA_DE_EVALUACION] ([PDE_ID], [PDE_ALUMNO_ID], [PDE_NIVEL_ID], [PDE_TRIMESTRE_1], [PDE_TRIMESTRE_2], [PDE_TRIMESTRE_3], [PDE_NOTA_FINAL], [PDE_CONDICION], [PDE_DVH], [PDE_MATERIA_ID]) VALUES (49, 10, 5, N'uTvnFRTJ7gXGholDlRWmRgp1Luhs4anc3L/wgYtnIRs=', N'FPZMK4qAdX+p6GBoGzfZnqypv/DrSMrRXGNgibW9IGo=', N'XGRn5/moK0dv7BOxGJSPBnzVoSBHl4A0/YQyUi84hps=', N'7pCCyjm8ooWKHAZ3tAcYeMRWQlfpvvqD2ssDVo4/dLQ=', 0, N'EFAF3BFB23DAE397888FC739D01CFC53', 14)
GO
INSERT [dbo].[PLANILLA_DE_EVALUACION] ([PDE_ID], [PDE_ALUMNO_ID], [PDE_NIVEL_ID], [PDE_TRIMESTRE_1], [PDE_TRIMESTRE_2], [PDE_TRIMESTRE_3], [PDE_NOTA_FINAL], [PDE_CONDICION], [PDE_DVH], [PDE_MATERIA_ID]) VALUES (50, 10, 5, N'cvfx472gtDfQ51+ab3zgAg6MPGoRVWW3fFMQcrhAsz8=', N'CLwgn8jVLcbpsKyR45Bit7+y8leLd7c3YP6hWd2T8Rc=', N'tdQA1PS6UPshCAtc9tkzueWNjUxSSfvDisG+epRL0Rg=', N'Jikrltf/SW/fL2h4vftNIPFrGz0g5K6C0o6/SUz2KzQ=', 1, N'89E001BD566498651DF2A3EA4722C818', 15)
GO
INSERT [dbo].[PLANILLA_DE_EVALUACION] ([PDE_ID], [PDE_ALUMNO_ID], [PDE_NIVEL_ID], [PDE_TRIMESTRE_1], [PDE_TRIMESTRE_2], [PDE_TRIMESTRE_3], [PDE_NOTA_FINAL], [PDE_CONDICION], [PDE_DVH], [PDE_MATERIA_ID]) VALUES (51, 10, 5, N'D6KStkviBQPlJKX8Yk5Y9V5FLAOT2dyDcExELECVLo8=', N'9yrudiUc9pBcHiUYaWnSTFYog4LHu9w2uenRAkq3CT4=', N'oBZSfC68cApHkNgl/veYY60EtTQbjd3OWPvouFTwEqU=', N'SXowuGq/gO2R7OX1l00uIV1RkXCH+csRvEAXrFWWcvk=', 0, N'F2644CFA10D639B3CF2B4900E7C8B76E', 16)
GO
INSERT [dbo].[PLANILLA_DE_EVALUACION] ([PDE_ID], [PDE_ALUMNO_ID], [PDE_NIVEL_ID], [PDE_TRIMESTRE_1], [PDE_TRIMESTRE_2], [PDE_TRIMESTRE_3], [PDE_NOTA_FINAL], [PDE_CONDICION], [PDE_DVH], [PDE_MATERIA_ID]) VALUES (52, 10, 5, N'5/etGvOqFlC+eGMckOu1P3BByG9g5IgUMwmN6DwDoKc=', N'4sHkWhGSZBY81z9jsMn7Gi17CqwAZhr3pMWca3xGcnc=', N'sX9fy5CnPWJwfLzmBkyPHptiGP17tYUBYVb+t+HSmyU=', N'ewH3sQXspxtwF/A/UnIyVSamcwzcQ8C+3thOQOTQOwA=', 0, N'66E21BB03762DC07EF3940516BBAA26C', 17)
GO
INSERT [dbo].[PLANILLA_DE_EVALUACION] ([PDE_ID], [PDE_ALUMNO_ID], [PDE_NIVEL_ID], [PDE_TRIMESTRE_1], [PDE_TRIMESTRE_2], [PDE_TRIMESTRE_3], [PDE_NOTA_FINAL], [PDE_CONDICION], [PDE_DVH], [PDE_MATERIA_ID]) VALUES (53, 19, 7, N'uoqITixeKewWDRnaTVXMTCFro/6KMx5gfqmjxZz7Clg=', N'zoq/HKZn9+cKxpjjJUBooC4f2ShgIPBVUM6/14EM6OI=', N'4fS9meG00Hw/arJhgGwZwSb2xx4UWl9O6G7MYdAbZi8=', N'nJBKvdDSxbVLyaIrutsbl7XjwYN74F840JqPPUKcuQM=', 0, N'03B44E3564E30671E6D7DE128838BF79', 10)
GO
INSERT [dbo].[PLANILLA_DE_EVALUACION] ([PDE_ID], [PDE_ALUMNO_ID], [PDE_NIVEL_ID], [PDE_TRIMESTRE_1], [PDE_TRIMESTRE_2], [PDE_TRIMESTRE_3], [PDE_NOTA_FINAL], [PDE_CONDICION], [PDE_DVH], [PDE_MATERIA_ID]) VALUES (54, 19, 7, N'agCeXNwSrAstzSE1AmNAn3cKtTRiAhTacUvLcO+5URU=', N'N36xhB+1YY/kpHIikFMlksMSgiZ4h9UAIqhsry9pJqg=', N'eY4iK0thFEDylaxE4XSfDe4Vk1oTsClCkUXArVaOAh0=', N'+FCPx30pGU15ZOTZuJHBfK15kW5RTbqDiFHXtkbKr8A=', 0, N'ED477F9918706E9A860A014BDDA97566', 11)
GO
INSERT [dbo].[PLANILLA_DE_EVALUACION] ([PDE_ID], [PDE_ALUMNO_ID], [PDE_NIVEL_ID], [PDE_TRIMESTRE_1], [PDE_TRIMESTRE_2], [PDE_TRIMESTRE_3], [PDE_NOTA_FINAL], [PDE_CONDICION], [PDE_DVH], [PDE_MATERIA_ID]) VALUES (55, 19, 7, N'38p3q+E+PTKGUtLWFAlRP8Fy8vKzT1C3y6EJBo8XboU=', N'lYknJ4d6V5tcu1yv9EQXaCiNw0rS8QhHFtuYSo5oDjs=', N'xbvRIzPtedBAAc6E9bEzZO88YRvA0bYJWlZQIQY8N/Q=', N'RQUTvtYTPfPexfdgwr2bGJy3lbnZ7fvmj5AChcxo3NI=', 0, N'1519B07571D1815730EC0292431FC2E3', 12)
GO
INSERT [dbo].[PLANILLA_DE_EVALUACION] ([PDE_ID], [PDE_ALUMNO_ID], [PDE_NIVEL_ID], [PDE_TRIMESTRE_1], [PDE_TRIMESTRE_2], [PDE_TRIMESTRE_3], [PDE_NOTA_FINAL], [PDE_CONDICION], [PDE_DVH], [PDE_MATERIA_ID]) VALUES (56, 19, 7, N'9l/54XQKd3TYkTEUZSFNWExQ5NY7/sMktIhjue7xkNA=', N'F82qKUG8C4NIG6yiK6/UPKackyfwjDLeUc6OFbAzSrE=', N'hGasSMEgw+0P/e9Dth4YT4l3w4I35kwIS9XD7VBoj0Q=', N'6BISdrRc8Y4F9YiQYIlFnQ8X6jcgFZ7r0M+9g7gIYHs=', 0, N'0D30B14FAF5AA9CCF74645CC653EBA52', 13)
GO
INSERT [dbo].[PLANILLA_DE_EVALUACION] ([PDE_ID], [PDE_ALUMNO_ID], [PDE_NIVEL_ID], [PDE_TRIMESTRE_1], [PDE_TRIMESTRE_2], [PDE_TRIMESTRE_3], [PDE_NOTA_FINAL], [PDE_CONDICION], [PDE_DVH], [PDE_MATERIA_ID]) VALUES (57, 19, 7, N'2bPlv+r9q8MZC95cof9elgDi0C/FgUNFKKHPcrMlpLk=', N'0T0aahYYdr7HmlJQ6LEJ6kEZhSE+C5SK0CbZJ5UQKLY=', N'JNY37q0/xYeHt/UsNhEAaSx1BD4As5Q7EoFWvUwQsH0=', N'wj6BljRJ6vhMrZ7PsTLiaDcU8NvABTcX9G6i8CAY5Ro=', 0, N'7115B118916C66C54151E15B9D731F93', 14)
GO
INSERT [dbo].[PLANILLA_DE_EVALUACION] ([PDE_ID], [PDE_ALUMNO_ID], [PDE_NIVEL_ID], [PDE_TRIMESTRE_1], [PDE_TRIMESTRE_2], [PDE_TRIMESTRE_3], [PDE_NOTA_FINAL], [PDE_CONDICION], [PDE_DVH], [PDE_MATERIA_ID]) VALUES (58, 19, 7, N'RUZVsIyOpW5FIbzVDxHxVOMfBFSOJZ5D56nUQ1KDfTg=', N'1zmLFC5CgcAmKG3UVv44V3KB4HQD81+ewFBS7GDW5g8=', N'ASzOz9cXStrEziBTHNLzSx74X8VEVmsA0cCCNC1uCh4=', N'FUIM8y4OJrZKT0Ba0R/3ldpn92LOIXWxysdxOzkCxlM=', 0, N'CEB8BCBFA635C2976EC177212B6C5175', 15)
GO
INSERT [dbo].[PLANILLA_DE_EVALUACION] ([PDE_ID], [PDE_ALUMNO_ID], [PDE_NIVEL_ID], [PDE_TRIMESTRE_1], [PDE_TRIMESTRE_2], [PDE_TRIMESTRE_3], [PDE_NOTA_FINAL], [PDE_CONDICION], [PDE_DVH], [PDE_MATERIA_ID]) VALUES (59, 19, 7, N'YrkVI8hdEtSOtqEBOhPRJda30rImI3CaMeWOjNLKwWo=', N'WrHYAwxSDeXvrUnUUCacwusIR6gDWra8WgO81uoHTVY=', N'Aav7F0EBgMHJTLccDyZnwb9DlsY0WqKZaMD37scvCOg=', N'qH5Z0uk2WBcD02E9U56WkEH5UUxZLCj7LRT+gRpprNA=', 0, N'8F96193499B79F0CE0425DF2E0C3BBD6', 16)
GO
INSERT [dbo].[PLANILLA_DE_EVALUACION] ([PDE_ID], [PDE_ALUMNO_ID], [PDE_NIVEL_ID], [PDE_TRIMESTRE_1], [PDE_TRIMESTRE_2], [PDE_TRIMESTRE_3], [PDE_NOTA_FINAL], [PDE_CONDICION], [PDE_DVH], [PDE_MATERIA_ID]) VALUES (60, 19, 7, N'H4UtpPzkpvBBTwVXjV3OpaQpc8yYeEbZ5B6cTrW27eg=', N'73X6OFAWaqmQmxeX5kMYoPhnkLyIhrT5JCj9s6A3+wg=', N'bNICXGgt9FxKaeDgQl84IP1vT8SQJBR1uhx01iNZx1A=', N'0WEepdJo4InEHKiUch4ckOyFG3k+fnqZa+60Ej7P+4U=', 0, N'6369C75290D9B657D7F0DC67E01DE51C', 17)
GO
INSERT [dbo].[PLANILLA_DE_EVALUACION] ([PDE_ID], [PDE_ALUMNO_ID], [PDE_NIVEL_ID], [PDE_TRIMESTRE_1], [PDE_TRIMESTRE_2], [PDE_TRIMESTRE_3], [PDE_NOTA_FINAL], [PDE_CONDICION], [PDE_DVH], [PDE_MATERIA_ID]) VALUES (61, 12, 10, N'tJV/7OewRtnWgm52mtGmW0Dh2kZ9o4+Vaw48LTM6uXM=', N'9EiDo36j+Rsqgh0xM/elfRGM41udDdTveB4I/p+sddk=', N'd7MP2h2R0UzMCSWLBdxUtP6vrb3fDShoUpLUKAPVCoQ=', N'U8Sod1EwIoSOQbVwTTuvBvdmDbCIU68euwbCVPEP/6Y=', 0, N'B423810C4A213DA530099A667ABAC04B', 10)
GO
INSERT [dbo].[PLANILLA_DE_EVALUACION] ([PDE_ID], [PDE_ALUMNO_ID], [PDE_NIVEL_ID], [PDE_TRIMESTRE_1], [PDE_TRIMESTRE_2], [PDE_TRIMESTRE_3], [PDE_NOTA_FINAL], [PDE_CONDICION], [PDE_DVH], [PDE_MATERIA_ID]) VALUES (62, 12, 10, N'ZIO6uUHI2sOnUhmX3dr5Iqk8Lqx8FSDSi8ev3e/FMlc=', N'/30eJ6++Adt+gINFyjGI8h6YW14x2ck+pC0Y8wJhFlA=', N'WO63Llw0pBzRnKktxKm9/pTZz4HcU5CvBgtq/+8sRTk=', N'Os2z9hngSXNV8H4GdoK4bgz15v3ePoRv+8NShxcFbBg=', 0, N'FEB8E3457BE06D62BBA4D592F899490F', 11)
GO
INSERT [dbo].[PLANILLA_DE_EVALUACION] ([PDE_ID], [PDE_ALUMNO_ID], [PDE_NIVEL_ID], [PDE_TRIMESTRE_1], [PDE_TRIMESTRE_2], [PDE_TRIMESTRE_3], [PDE_NOTA_FINAL], [PDE_CONDICION], [PDE_DVH], [PDE_MATERIA_ID]) VALUES (63, 12, 10, N'JjZxGuNAZ9Ua6UrdEH7DRw+PuJ3GYEZdyg9dr8Xuarc=', N'rhAiEJAmX4IvBlYquKykn+Hl+Qnba0C1H2S0yMz4inc=', N'e5u5ApAy6qE21OvFhls7SIKXG7CQGpckCIhVyDPLC+8=', N'jqvKzjaRvN8vhMlTgVCnVjmfrRKEwG8IW6uLB2QzKFY=', 0, N'00B65872701A36CDDA9C44558E859A80', 12)
GO
INSERT [dbo].[PLANILLA_DE_EVALUACION] ([PDE_ID], [PDE_ALUMNO_ID], [PDE_NIVEL_ID], [PDE_TRIMESTRE_1], [PDE_TRIMESTRE_2], [PDE_TRIMESTRE_3], [PDE_NOTA_FINAL], [PDE_CONDICION], [PDE_DVH], [PDE_MATERIA_ID]) VALUES (64, 12, 10, N'i4ymFlOp/8JAx9Tm2667oZSsBtW508TuymxNA5GSEqc=', N'ooiVqE6khd9uggoXZY6gB5ikCmuA4pg4Lchw04FYDpY=', N'9BmgmBFWkINVf3rp03P/imaCjroHwpibSkhJs1yKR6A=', N'i6WkJBmvSFT4ZhBJE6FHnshApXa8UwKHjPLKxUObgO4=', 0, N'75DB4C6B0E9FF2BFEC7E87BB650F62B3', 13)
GO
INSERT [dbo].[PLANILLA_DE_EVALUACION] ([PDE_ID], [PDE_ALUMNO_ID], [PDE_NIVEL_ID], [PDE_TRIMESTRE_1], [PDE_TRIMESTRE_2], [PDE_TRIMESTRE_3], [PDE_NOTA_FINAL], [PDE_CONDICION], [PDE_DVH], [PDE_MATERIA_ID]) VALUES (65, 12, 10, N'kGZLNMZfnan24VTibAnm2+wD9An7gdbfcW9MmsVu+ek=', N'ek/Vg4slM67bBgqvXO49bSY/WMyMiUAdo8MA1lcQ3fw=', N'880jBM9nEvozRGOVkfh8wAENVHrkoBsk+pfCzi1diZ0=', N'3AkymJQLDBHZD9lYaU0M8xFXTVdxnnMyReQGJe5aBd4=', 0, N'96EA3C660FA12030DBF2E542714737A3', 14)
GO
INSERT [dbo].[PLANILLA_DE_EVALUACION] ([PDE_ID], [PDE_ALUMNO_ID], [PDE_NIVEL_ID], [PDE_TRIMESTRE_1], [PDE_TRIMESTRE_2], [PDE_TRIMESTRE_3], [PDE_NOTA_FINAL], [PDE_CONDICION], [PDE_DVH], [PDE_MATERIA_ID]) VALUES (66, 12, 10, N'psFp+TgrUsgjPEcQD1LTi7atzp38nVqq/w7+RjHsbLM=', N'8EXq+F0OgXXlDiJE1eYBE/CMl2W7c3Wu8fN785FYVo4=', N'+7U0IDcHNv6dURSGoAz0Dim2IGaWkpeQSAMTMMjLHkQ=', N'ZZkv5VJwvCgDlpzOmNCjhVi57bP5vnAfx53+VattHGM=', 0, N'FF5FD0903670C818349E94438357B4E4', 15)
GO
INSERT [dbo].[PLANILLA_DE_EVALUACION] ([PDE_ID], [PDE_ALUMNO_ID], [PDE_NIVEL_ID], [PDE_TRIMESTRE_1], [PDE_TRIMESTRE_2], [PDE_TRIMESTRE_3], [PDE_NOTA_FINAL], [PDE_CONDICION], [PDE_DVH], [PDE_MATERIA_ID]) VALUES (67, 12, 10, N'ce/1faju25oMuFhQ0SoU5rCdZMv2k6RQWbfnpdKudb4=', N'vUPCxBBfOawLvhaNOGemEoVL9Ccj5Dj249pHyXwydGM=', N'zoX0362IGNm/kbYz6Nspc/lsF/dbuFxJd2CZQBemsGo=', N'hpSrEOeLVFabO0MKe5yq/NTFFgdlGj0ESN/AYIc8LYI=', 0, N'325E789D0E42224A46049F34A29CA1C1', 16)
GO
INSERT [dbo].[PLANILLA_DE_EVALUACION] ([PDE_ID], [PDE_ALUMNO_ID], [PDE_NIVEL_ID], [PDE_TRIMESTRE_1], [PDE_TRIMESTRE_2], [PDE_TRIMESTRE_3], [PDE_NOTA_FINAL], [PDE_CONDICION], [PDE_DVH], [PDE_MATERIA_ID]) VALUES (68, 12, 10, N'UtgHNGTTojMb7cHP99JJSmQtZ/VTo5n3wyKJiHDv+xY=', N'Ay+mJpnSgIRlnc34j8YhHVzn/nx4Ael4KezXlvdUMKU=', N'fql2/jcQPWbzOq3SZfwoyWTykV0dj4vxGTRDiGgqLT8=', N'w23qzRsGwoKjrSObiMJ7MIHPmiEHqZ1dkC/y0bpVl2U=', 0, N'F7D712DB70A2AA728FCF4AD3D7703DEF', 17)
GO
SET IDENTITY_INSERT [dbo].[PLANILLA_DE_EVALUACION] OFF
GO
SET IDENTITY_INSERT [dbo].[TUTOR] ON 
GO
INSERT [dbo].[TUTOR] ([TUT_ID], [TUT_NOMBRE], [TUT_APELLIDO], [TUT_TELEFONO_PRIMARIO], [TUT_TELEFONO_SECUNDARIO], [TUT_DNI], [TUT_EMAIL]) VALUES (2, N'Agustin', N'Marraco', N'3KKjUVr82xTwDHQYdKrhbGsbELgil3BQtjJpE1ymhEM=', N'C3E1jmx38beOFfif+XnqUClGn+mUcCiR3qE/jmMWWtA=', N'38947818', N'2012@gmail.com')
GO
SET IDENTITY_INSERT [dbo].[TUTOR] OFF
GO
SET IDENTITY_INSERT [dbo].[USUARIO] ON 
GO
INSERT [dbo].[USUARIO] ([USU_ID], [USU_DNI], [USU_EMAIL], [USU_PASS], [USU_ALIAS], [USU_INTENTOS], [USU_BAJA], [USU_NOMBRE], [USU_APELLIDO], [USU_DIRECCION], [USU_TELEFONO], [USU_DVH], [USU_IDIOMA]) VALUES (64, N'32532529', N'luctus.felis.purus@convalliserateget.edu', N'F33A3DCB3F489A8C23B80DF756C9A816', N'vx2/bEjJ18BRjrmCZbLOU20UPbJYTyTlSjgxSMPmkFk=', 2, 0, N'Gavin', N'Craft', N'8827 Enim. St.', N'659-8576', N'605BE7BCBF51B39BFF7D07FC53DF80A4', 2)
GO
INSERT [dbo].[USUARIO] ([USU_ID], [USU_DNI], [USU_EMAIL], [USU_PASS], [USU_ALIAS], [USU_INTENTOS], [USU_BAJA], [USU_NOMBRE], [USU_APELLIDO], [USU_DIRECCION], [USU_TELEFONO], [USU_DVH], [USU_IDIOMA]) VALUES (65, N'11584262', N'felis.eget.varius@magnanecquam.ca', N'35E87BD84CA88D89E44098D0C58A256D', N'LHziYP/Tpe10+fkcCiPFVrzRXjNzbta28/P16mRPkQE=', 0, 0, N'Upton', N'Yates', N'Ap #106-769 Accumsan Rd.', N'6661 3649', N'6FE21C33A9049BC97B2AA7A12690C453', 1)
GO
INSERT [dbo].[USUARIO] ([USU_ID], [USU_DNI], [USU_EMAIL], [USU_PASS], [USU_ALIAS], [USU_INTENTOS], [USU_BAJA], [USU_NOMBRE], [USU_APELLIDO], [USU_DIRECCION], [USU_TELEFONO], [USU_DVH], [USU_IDIOMA]) VALUES (66, N'44633404', N'lectus.Cum.sociis@ultriciesadipiscing.net', N'CF5755D8D3B59249DDACAC75DB64C028', N'JSPKNXpDR411b5igjv2kHP4LWmXs2FzRaXW0lfQKh3Q=', 0, 1, N'Yoshio', N'Frank', N'Ap #916-5995 A, Street', N'3183 0707', N'F72DF95D974AD272BD7423E7FF586A45', 1)
GO
INSERT [dbo].[USUARIO] ([USU_ID], [USU_DNI], [USU_EMAIL], [USU_PASS], [USU_ALIAS], [USU_INTENTOS], [USU_BAJA], [USU_NOMBRE], [USU_APELLIDO], [USU_DIRECCION], [USU_TELEFONO], [USU_DVH], [USU_IDIOMA]) VALUES (67, N'06965664', N'Cras.pellentesque@purusaccumsan.com', N'E78728062F0BAF659162845BA826A52A', N'GeEMGe0sHlzUCH0zdupSo2g4r+k9BByyvTEmmoIupCE=', 0, 0, N'Lucas', N'Byrd', N'Ap #793-4937 Mattis St.', N'0311 6302', N'716396BC0A4F0FB506BF616F87F30A0F', 2)
GO
INSERT [dbo].[USUARIO] ([USU_ID], [USU_DNI], [USU_EMAIL], [USU_PASS], [USU_ALIAS], [USU_INTENTOS], [USU_BAJA], [USU_NOMBRE], [USU_APELLIDO], [USU_DIRECCION], [USU_TELEFONO], [USU_DVH], [USU_IDIOMA]) VALUES (68, N'61958606', N'Nunc.mauris.sapien@urnaVivamus.ca', N'8C4A88840A8D1CFA6C1AE9B0C2E815A7', N'BXQlFDlAZdudbF2ryPcT0M8W8aEhUfwNIbaqIlbmPM8=', 0, 1, N'Roth', N'Hendrix', N'Ap #340-7048 Sagittis Rd.', N'3074 1660', N'85B6C10E97E202DE453070778055C467', 1)
GO
INSERT [dbo].[USUARIO] ([USU_ID], [USU_DNI], [USU_EMAIL], [USU_PASS], [USU_ALIAS], [USU_INTENTOS], [USU_BAJA], [USU_NOMBRE], [USU_APELLIDO], [USU_DIRECCION], [USU_TELEFONO], [USU_DVH], [USU_IDIOMA]) VALUES (69, N'38147201', N'nisl@ullamcorpervelitin.org', N'D6A6B624053D68BF2770391E1CCCD0E8', N'g2NJZls4gUg9sPcqHeRKvML4ikvqqMt1ErMs2gEUAW4=', 0, 0, N'Flynn', N'Burt', N'236-6274 Lectus. St.', N'5620 3945', N'B65D267B6C2798BA3C7468BAA2563C81', 2)
GO
INSERT [dbo].[USUARIO] ([USU_ID], [USU_DNI], [USU_EMAIL], [USU_PASS], [USU_ALIAS], [USU_INTENTOS], [USU_BAJA], [USU_NOMBRE], [USU_APELLIDO], [USU_DIRECCION], [USU_TELEFONO], [USU_DVH], [USU_IDIOMA]) VALUES (70, N'86283424', N'amet.dapibus.id@mattisCraseget.co.uk', N'D45CFAE0196C7968CE1F83DE3D03EAD9', N'wvlwFUPeEJcoIiDLXU90lyBfgkwLsr2UvfNrTiGaOv0=', 0, 0, N'Zeus', N'Hendricks', N'2691 Aliquam Rd.', N'0063 5404', N'D1F9F40629853B84EB4D7E9673226E39', 1)
GO
INSERT [dbo].[USUARIO] ([USU_ID], [USU_DNI], [USU_EMAIL], [USU_PASS], [USU_ALIAS], [USU_INTENTOS], [USU_BAJA], [USU_NOMBRE], [USU_APELLIDO], [USU_DIRECCION], [USU_TELEFONO], [USU_DVH], [USU_IDIOMA]) VALUES (71, N'77011180', N'euismod@semegestas.co.uk', N'F1E842FD749528A224457A6473EADDA7', N'GuJBNw3Q6qi7neflXskiVR54yFlNQgY1wnDLT0x9EWo=', 0, 0, N'Reese', N'Pierce', N'Ap #369-4865 Nulla St.', N'0774 3303', N'182E8A21EF481FAFB2A1F5FC8EE53DEA', 1)
GO
INSERT [dbo].[USUARIO] ([USU_ID], [USU_DNI], [USU_EMAIL], [USU_PASS], [USU_ALIAS], [USU_INTENTOS], [USU_BAJA], [USU_NOMBRE], [USU_APELLIDO], [USU_DIRECCION], [USU_TELEFONO], [USU_DVH], [USU_IDIOMA]) VALUES (72, N'85727713', N'tellus.id@sapien.co.uk', N'660FA08C37AAF144C4F9C888B2B8E17B', N'Ox2HsKRj9/27gTPEJd/7nMXG09VHXymMBIo0tfBzKUQ=', 0, 0, N'Hunter', N'Glass', N'P.O. Box 806, 2319 Ligula. Road', N'7050 9569', N'D329B22B08B50728DDEF53C1C7CC7597', 2)
GO
INSERT [dbo].[USUARIO] ([USU_ID], [USU_DNI], [USU_EMAIL], [USU_PASS], [USU_ALIAS], [USU_INTENTOS], [USU_BAJA], [USU_NOMBRE], [USU_APELLIDO], [USU_DIRECCION], [USU_TELEFONO], [USU_DVH], [USU_IDIOMA]) VALUES (73, N'52080295', N'Aenean.eget@egestas.com', N'5EE6EC0C2C1B0072A2EE4CC0AF0977C1', N'TsB9zcNGDdU1WZ8KYm7JA96g92GNRomCNBDt/ateros=', 0, 0, N'Burke', N'Parsons', N'P.O. Box 426, 3807 Ante Rd.', N'0325 6533', N'B03CA08BAA7BFEF646D1B7A6C136AD59', 2)
GO
INSERT [dbo].[USUARIO] ([USU_ID], [USU_DNI], [USU_EMAIL], [USU_PASS], [USU_ALIAS], [USU_INTENTOS], [USU_BAJA], [USU_NOMBRE], [USU_APELLIDO], [USU_DIRECCION], [USU_TELEFONO], [USU_DVH], [USU_IDIOMA]) VALUES (74, N'67559926', N'arcu.Curabitur.ut@Nunc.edu', N'6EF6F24ABE313901635111DBDC948046', N'8JfX0fLeHwrFgOgn7CIegqOcAI0VRh54P7aGWPQKDME=', 0, 0, N'Ishmael', N'White', N'530-7253 Adipiscing St.', N'2701 6729', N'8E4EE6B7120D0F94C93A46B66561CF95', 2)
GO
INSERT [dbo].[USUARIO] ([USU_ID], [USU_DNI], [USU_EMAIL], [USU_PASS], [USU_ALIAS], [USU_INTENTOS], [USU_BAJA], [USU_NOMBRE], [USU_APELLIDO], [USU_DIRECCION], [USU_TELEFONO], [USU_DVH], [USU_IDIOMA]) VALUES (75, N'71073128', N'Fusce.mollis.Duis@Etiam.edu', N'27FBB8E2C8D583DA6AD22FB59C2008FD', N'pyW2T/4MsK7GVmrUCm2lfdchdN8tZcPVYCxw3YRl4BQ=', 0, 0, N'Ali', N'Barrera', N'980-6074 Metus Ave', N'6019 8343', N'4ED809FFF2D36AF4CB8E46A6E4BA024B', 2)
GO
INSERT [dbo].[USUARIO] ([USU_ID], [USU_DNI], [USU_EMAIL], [USU_PASS], [USU_ALIAS], [USU_INTENTOS], [USU_BAJA], [USU_NOMBRE], [USU_APELLIDO], [USU_DIRECCION], [USU_TELEFONO], [USU_DVH], [USU_IDIOMA]) VALUES (76, N'90968065', N'sollicitudin@DonecfringillaDonec.org', N'5B261327D7B5FF072A2BE535537900C0', N'7XEfD2qt4VvR/RtopOGAOMcX+e/vEHwsT+cVgOQqvzU=', 0, 0, N'Josiah', N'Rhodes', N'413-5768 Semper Road', N'3060 7559', N'EBD13455BAB1E34ECF74422AB3982993', 1)
GO
INSERT [dbo].[USUARIO] ([USU_ID], [USU_DNI], [USU_EMAIL], [USU_PASS], [USU_ALIAS], [USU_INTENTOS], [USU_BAJA], [USU_NOMBRE], [USU_APELLIDO], [USU_DIRECCION], [USU_TELEFONO], [USU_DVH], [USU_IDIOMA]) VALUES (77, N'83742471', N'ullamcorper.velit.in@ametdapibus.co.uk', N'2595A8A1C869D4AE0A36AC5500DBFD01', N'/Y0w4oKvZTYUtPWoYZhSykz91lQzkE+j4Fow09QxaUQ=', 0, 0, N'Garrett', N'Nelson', N'942 Sed Av.', N'8405 1981', N'CBFFEF6492D7189533F077ACD0219561', 2)
GO
INSERT [dbo].[USUARIO] ([USU_ID], [USU_DNI], [USU_EMAIL], [USU_PASS], [USU_ALIAS], [USU_INTENTOS], [USU_BAJA], [USU_NOMBRE], [USU_APELLIDO], [USU_DIRECCION], [USU_TELEFONO], [USU_DVH], [USU_IDIOMA]) VALUES (78, N'35895459', N'Donec.non.justo@bibendumullamcorper.ca', N'DE8A97F7201B40603FC894D516EB26B0', N'LQ2F1dDbp26Grkjz6ObPrzz9UvTy5/6XatVGxW3g30k=', 0, 0, N'Connor', N'Dodson', N'Ap #571-507 Amet Ave', N'4942 4871', N'B6091F640E454EF39F2595678F502686', 2)
GO
INSERT [dbo].[USUARIO] ([USU_ID], [USU_DNI], [USU_EMAIL], [USU_PASS], [USU_ALIAS], [USU_INTENTOS], [USU_BAJA], [USU_NOMBRE], [USU_APELLIDO], [USU_DIRECCION], [USU_TELEFONO], [USU_DVH], [USU_IDIOMA]) VALUES (79, N'05293697', N'quam.Curabitur.vel@enimnislelementum.edu', N'2E2F7244A54CD7043F008452E14DE954', N'EHuxU0LFiofBXrevs8fuBl1+pvv7JFaTMLCqmJKVtls=', 0, 0, N'Nathaniel', N'Rivera', N'Ap #832-2141 Amet, Avenue', N'5225 8820', N'4A88C6DF468AD30EAFF2C7EE6F22D2AA', 2)
GO
INSERT [dbo].[USUARIO] ([USU_ID], [USU_DNI], [USU_EMAIL], [USU_PASS], [USU_ALIAS], [USU_INTENTOS], [USU_BAJA], [USU_NOMBRE], [USU_APELLIDO], [USU_DIRECCION], [USU_TELEFONO], [USU_DVH], [USU_IDIOMA]) VALUES (80, N'07474566', N'vestibulum@Quisquefringillaeuismod.ca', N'B35ABB0C06E5156FF3ACD29610102D89', N'dijOhJH2FXARM6CgZ9hftzU8CNBdb33P7KZZesUmJtw=', 0, 0, N'Fuller', N'Nixon', N'Ap #651-2100 Mi St.', N'0921 6249', N'AB54802FA45A57449CA36C68557221FE', 1)
GO
INSERT [dbo].[USUARIO] ([USU_ID], [USU_DNI], [USU_EMAIL], [USU_PASS], [USU_ALIAS], [USU_INTENTOS], [USU_BAJA], [USU_NOMBRE], [USU_APELLIDO], [USU_DIRECCION], [USU_TELEFONO], [USU_DVH], [USU_IDIOMA]) VALUES (81, N'17850421', N'Mauris.non.dui@penatibuset.co.uk', N'9769C8189A76A5DF2904DD0B35AD10BD', N'7VqddaW6uz0Zzx/yHob6ax9Rg9je5TcBn8rInkSo5t0=', 0, 0, N'Caldwell', N'Davenport', N'650-6747 Dolor Rd.', N'4192 0378', N'BFE35380B167A159BCED0BE610985C32', 1)
GO
INSERT [dbo].[USUARIO] ([USU_ID], [USU_DNI], [USU_EMAIL], [USU_PASS], [USU_ALIAS], [USU_INTENTOS], [USU_BAJA], [USU_NOMBRE], [USU_APELLIDO], [USU_DIRECCION], [USU_TELEFONO], [USU_DVH], [USU_IDIOMA]) VALUES (82, N'70606750', N'risus.Morbi.metus@convallis.org', N'54047F1B4696B75754D9E07239F4B6BC', N'FcIAxZKevIrS2fxvUtbA3y1vSubDcdAXWx278nMq0CA=', 0, 0, N'Richard', N'Mclean', N'718-8269 Sit Avenue', N'0926 3583', N'7A71A03EB5836EBBC272F88C64324A3F', 2)
GO
INSERT [dbo].[USUARIO] ([USU_ID], [USU_DNI], [USU_EMAIL], [USU_PASS], [USU_ALIAS], [USU_INTENTOS], [USU_BAJA], [USU_NOMBRE], [USU_APELLIDO], [USU_DIRECCION], [USU_TELEFONO], [USU_DVH], [USU_IDIOMA]) VALUES (83, N'53619744', N'blandit.congue.In@laciniaSed.com', N'65B8612B21DD9840D95E307AF91B9F65', N'r7heX86vYU/QWg9VpJ0F+wzTGNHryRrJ2RJGGJX/yFI=', 0, 0, N'Lee', N'Foley', N'Ap #334-1290 Morbi St.', N'8838 4918', N'1117367E059DA7AF89837B8688EE9AB7', 1)
GO
INSERT [dbo].[USUARIO] ([USU_ID], [USU_DNI], [USU_EMAIL], [USU_PASS], [USU_ALIAS], [USU_INTENTOS], [USU_BAJA], [USU_NOMBRE], [USU_APELLIDO], [USU_DIRECCION], [USU_TELEFONO], [USU_DVH], [USU_IDIOMA]) VALUES (84, N'52164330', N'ac.turpis.egestas@convallisincursus.org', N'0C79DAD49B3984A896E21A6173E28F99', N'6eBFv312OwG1L57uRshtHTsYsE/oFOGCAPp7QYJdsp4=', 0, 0, N'Joel', N'Richmond', N'4315 Mauris Street', N'4156 2059', N'C07E5EB04D30E4E52CA65CAF24A72AD6', 1)
GO
INSERT [dbo].[USUARIO] ([USU_ID], [USU_DNI], [USU_EMAIL], [USU_PASS], [USU_ALIAS], [USU_INTENTOS], [USU_BAJA], [USU_NOMBRE], [USU_APELLIDO], [USU_DIRECCION], [USU_TELEFONO], [USU_DVH], [USU_IDIOMA]) VALUES (85, N'36739922', N'Suspendisse.sed.dolor@dictum.ca', N'7C86CEBF41C217B9E1F2CDEC256F78A4', N'Lgnk5Bf/EbOj/4rOPH248UMXOgOanaWiY9S6+7AVGGo=', 0, 0, N'Dexter', N'Ramirez', N'P.O. Box 105, 7223 Sed St.', N'2418 7763', N'4CD2B3DAB429ACE172717FD6B6A02EAB', 2)
GO
INSERT [dbo].[USUARIO] ([USU_ID], [USU_DNI], [USU_EMAIL], [USU_PASS], [USU_ALIAS], [USU_INTENTOS], [USU_BAJA], [USU_NOMBRE], [USU_APELLIDO], [USU_DIRECCION], [USU_TELEFONO], [USU_DVH], [USU_IDIOMA]) VALUES (86, N'74941539', N'urna@arcuimperdiet.net', N'E41F080D384C9C4F15FA64D3A462CE76', N'3mILYid+OE5IhTugKMYEMH9hQHFb9RCzq7ahiutS9RI=', 0, 0, N'Philip', N'Harrison', N'Ap #462-2825 Ante St.', N'3528 6833', N'FFE057E83D593980646E2E92D6478257', 1)
GO
INSERT [dbo].[USUARIO] ([USU_ID], [USU_DNI], [USU_EMAIL], [USU_PASS], [USU_ALIAS], [USU_INTENTOS], [USU_BAJA], [USU_NOMBRE], [USU_APELLIDO], [USU_DIRECCION], [USU_TELEFONO], [USU_DVH], [USU_IDIOMA]) VALUES (87, N'33050939', N'purus@penatibuset.edu', N'0B7D31AF784EFDD1B38F623E25077E78', N'RZM7hXIpKFsrxPHYrXGChGyXSOckZr3zPqRlt1sssBs=', 0, 0, N'Richard', N'Mays', N'P.O. Box 891, 2193 Orci Road', N'7725 5801', N'1955227E3AA6CA5F74AFCD2535E81117', 1)
GO
INSERT [dbo].[USUARIO] ([USU_ID], [USU_DNI], [USU_EMAIL], [USU_PASS], [USU_ALIAS], [USU_INTENTOS], [USU_BAJA], [USU_NOMBRE], [USU_APELLIDO], [USU_DIRECCION], [USU_TELEFONO], [USU_DVH], [USU_IDIOMA]) VALUES (88, N'71664206', N'lobortis.nisi@purusin.org', N'3599203A9FE870E0C5B0EBE24F33B5DA', N'rNYWft/vmmqRJRWLMjn/y59rBnrdVvbdycamc12n2cM=', 0, 0, N'Rogan', N'Love', N'1521 Risus. Ave', N'4082 6154', N'56F090F06F1F29772ABB502FE4CBE7FE', 1)
GO
INSERT [dbo].[USUARIO] ([USU_ID], [USU_DNI], [USU_EMAIL], [USU_PASS], [USU_ALIAS], [USU_INTENTOS], [USU_BAJA], [USU_NOMBRE], [USU_APELLIDO], [USU_DIRECCION], [USU_TELEFONO], [USU_DVH], [USU_IDIOMA]) VALUES (89, N'83799182', N'tincidunt@nislNulla.net', N'A0BAF842DCDF70B5FA9764FB022F9F66', N'q7UQoRlgxwtZvWWvY4J4gBhw9A16hMBW/cZraqwiBh8=', 0, 0, N'Holmes', N'Foreman', N'604-9346 Felis, Rd.', N'2548 8698', N'B0099443092F83B3270898B08448C9C9', 1)
GO
INSERT [dbo].[USUARIO] ([USU_ID], [USU_DNI], [USU_EMAIL], [USU_PASS], [USU_ALIAS], [USU_INTENTOS], [USU_BAJA], [USU_NOMBRE], [USU_APELLIDO], [USU_DIRECCION], [USU_TELEFONO], [USU_DVH], [USU_IDIOMA]) VALUES (90, N'66927731', N'vel.mauris@etnetuset.com', N'E94C6B0F49227E0BA9B8590386D0DFDD', N'BfNNHe2XBg9D5Go+vFFKnyP5aPWtiNBqVJ5oUVbB4SU=', 0, 0, N'August', N'Farrell', N'P.O. Box 280, 5260 Fermentum Avenue', N'5735 2983', N'B702F17A4526C2D156FD28D532F80F6A', 1)
GO
INSERT [dbo].[USUARIO] ([USU_ID], [USU_DNI], [USU_EMAIL], [USU_PASS], [USU_ALIAS], [USU_INTENTOS], [USU_BAJA], [USU_NOMBRE], [USU_APELLIDO], [USU_DIRECCION], [USU_TELEFONO], [USU_DVH], [USU_IDIOMA]) VALUES (91, N'13829083', N'ut.lacus.Nulla@arcuSed.co.uk', N'8CCC91A8B3CBD8D2354BD0DB11120054', N'qKUCaTB4vcV2SbHyY65itt6Z8BBOk5hl6Qs4pZ7hmDE=', 0, 0, N'Louis', N'Lester', N'746-8906 Torquent Rd.', N'8166 4897', N'12FB30DA064EC1D90AC3F935344F350D', 2)
GO
INSERT [dbo].[USUARIO] ([USU_ID], [USU_DNI], [USU_EMAIL], [USU_PASS], [USU_ALIAS], [USU_INTENTOS], [USU_BAJA], [USU_NOMBRE], [USU_APELLIDO], [USU_DIRECCION], [USU_TELEFONO], [USU_DVH], [USU_IDIOMA]) VALUES (92, N'35464468', N'blandit@musProinvel.edu', N'07E2B7D41765DA116B3152FE715261ED', N'T8njMhMpaSwPVMIEucyQbld7htwW7PfyqvKTXz8mY6c=', 0, 0, N'Charles', N'Larson', N'331-1745 Urna. Rd.', N'8331 3531', N'AFB3C31C5C735D00B7E27F380901968E', 1)
GO
INSERT [dbo].[USUARIO] ([USU_ID], [USU_DNI], [USU_EMAIL], [USU_PASS], [USU_ALIAS], [USU_INTENTOS], [USU_BAJA], [USU_NOMBRE], [USU_APELLIDO], [USU_DIRECCION], [USU_TELEFONO], [USU_DVH], [USU_IDIOMA]) VALUES (93, N'35488255', N'magna@cursusa.ca', N'A0D11DC87735628FE887314863F3FD69', N'lp2yIQrvTfAcHI1WrRDMqnrzZk++3aGzIFNzUr/V8DA=', 0, 0, N'Keegan', N'Colon', N'589-1057 Vestibulum Rd.', N'6101 7305', N'3269BA05BD22527B8D73C2AA76D0B148', 2)
GO
INSERT [dbo].[USUARIO] ([USU_ID], [USU_DNI], [USU_EMAIL], [USU_PASS], [USU_ALIAS], [USU_INTENTOS], [USU_BAJA], [USU_NOMBRE], [USU_APELLIDO], [USU_DIRECCION], [USU_TELEFONO], [USU_DVH], [USU_IDIOMA]) VALUES (94, N'03327554', N'mauris@Aliquam.com', N'7AA767E3C3C18CC85D67CCFF4985019F', N'5GEjMm7GIsUlgS8zIVw7Jv3DY0jFD8tt3gmHUp3uQtE=', 0, 0, N'Otto', N'Turner', N'6593 Hendrerit Road', N'8105 1761', N'4C6DA2C76F532D5F9C15D55CE757730F', 1)
GO
INSERT [dbo].[USUARIO] ([USU_ID], [USU_DNI], [USU_EMAIL], [USU_PASS], [USU_ALIAS], [USU_INTENTOS], [USU_BAJA], [USU_NOMBRE], [USU_APELLIDO], [USU_DIRECCION], [USU_TELEFONO], [USU_DVH], [USU_IDIOMA]) VALUES (95, N'53876344', N'in.molestie.tortor@Aenean.ca', N'01A8DA1782456AC6AB2073E5ED8E9B36', N'yf1cl39ZOAS5p6AlFxQY6npmHjU+yfSUKh8uUJ8+RWs=', 0, 0, N'Alden', N'Owen', N'344-2376 Urna Rd.', N'5756 3623', N'1606BDF0C43C2B332CD5CC914C7FC096', 2)
GO
INSERT [dbo].[USUARIO] ([USU_ID], [USU_DNI], [USU_EMAIL], [USU_PASS], [USU_ALIAS], [USU_INTENTOS], [USU_BAJA], [USU_NOMBRE], [USU_APELLIDO], [USU_DIRECCION], [USU_TELEFONO], [USU_DVH], [USU_IDIOMA]) VALUES (96, N'91094715', N'tincidunt.Donec.vitae@non.co.uk', N'E57373AF072B08FC5E0EA312BFAF465D', N'wpITPjUsAx7Am0XcXA9BnvN6A/ZdrAtwk/WCOcSCnLA=', 0, 0, N'Jin', N'Hayden', N'P.O. Box 224, 3025 Sit Street', N'8405 2361', N'46764477E384155125C34B44A38110B1', 2)
GO
INSERT [dbo].[USUARIO] ([USU_ID], [USU_DNI], [USU_EMAIL], [USU_PASS], [USU_ALIAS], [USU_INTENTOS], [USU_BAJA], [USU_NOMBRE], [USU_APELLIDO], [USU_DIRECCION], [USU_TELEFONO], [USU_DVH], [USU_IDIOMA]) VALUES (97, N'02366063', N'purus.Nullam@vitaealiquam.org', N'430F13115C51807708780E777AAA313E', N'tvOr5UkaRZLsZPkggbu0ziOR9bvMyIEIEnwzYAVW/aE=', 0, 0, N'Eric', N'Meyers', N'2720 Dignissim Avenue', N'9564 1262', N'066A4381AFAA7609218EB51E1A44E2AD', 2)
GO
INSERT [dbo].[USUARIO] ([USU_ID], [USU_DNI], [USU_EMAIL], [USU_PASS], [USU_ALIAS], [USU_INTENTOS], [USU_BAJA], [USU_NOMBRE], [USU_APELLIDO], [USU_DIRECCION], [USU_TELEFONO], [USU_DVH], [USU_IDIOMA]) VALUES (98, N'77624847', N'varius.orci.in@Integer.org', N'52B0F784DE4C80F26A36E532EEC6C70F', N'ncQWedXyRe8Z35u812c95oMqPMqp6c250TV0QWA/3oM=', 0, 0, N'Len', N'Craig', N'195-2432 Sed Road', N'5885 4688', N'026349539A7CB94C1CBA91E9EED40D70', 2)
GO
INSERT [dbo].[USUARIO] ([USU_ID], [USU_DNI], [USU_EMAIL], [USU_PASS], [USU_ALIAS], [USU_INTENTOS], [USU_BAJA], [USU_NOMBRE], [USU_APELLIDO], [USU_DIRECCION], [USU_TELEFONO], [USU_DVH], [USU_IDIOMA]) VALUES (99, N'43429951', N'mus.Aenean.eget@lectusa.com', N'C9EBC05B4A31D73445657C16ACD4B132', N'cCLYP4IO1bcFpUQyTycSYrwNg5n7cT9gNi1GPT64E/g=', 0, 0, N'Drake', N'Garrett', N'Ap #990-1615 Non Street', N'6512 2687', N'4C9E55915F48CBA9F7BEB53988A31A0A', 2)
GO
INSERT [dbo].[USUARIO] ([USU_ID], [USU_DNI], [USU_EMAIL], [USU_PASS], [USU_ALIAS], [USU_INTENTOS], [USU_BAJA], [USU_NOMBRE], [USU_APELLIDO], [USU_DIRECCION], [USU_TELEFONO], [USU_DVH], [USU_IDIOMA]) VALUES (100, N'66307078', N'nascetur.ridiculus.mus@Maurisvel.com', N'BF3DF1238E95F235F3D95FF0821D84ED', N'60srMLRXsRdFHmeYR4nkC/5q97bX6VeffhEB72+6fss=', 0, 0, N'Gareth', N'Sanchez', N'Ap #848-9224 Risus. Rd.', N'6723 0333', N'AC62B83B6477F5B19A23497A88E88272', 2)
GO
INSERT [dbo].[USUARIO] ([USU_ID], [USU_DNI], [USU_EMAIL], [USU_PASS], [USU_ALIAS], [USU_INTENTOS], [USU_BAJA], [USU_NOMBRE], [USU_APELLIDO], [USU_DIRECCION], [USU_TELEFONO], [USU_DVH], [USU_IDIOMA]) VALUES (101, N'96049883', N'velit@accumsansed.ca', N'DE8560E35B9467DDC678DB9262A90E1D', N'UXETjczGchmjOudXOZCSC9JXrIKLyBHEt8gnK1089BE=', 0, 0, N'Evan', N'Perez', N'297-8512 Mi Rd.', N'1179 4552', N'1D78699FE3A0698AB6D8650D4D861A51', 1)
GO
INSERT [dbo].[USUARIO] ([USU_ID], [USU_DNI], [USU_EMAIL], [USU_PASS], [USU_ALIAS], [USU_INTENTOS], [USU_BAJA], [USU_NOMBRE], [USU_APELLIDO], [USU_DIRECCION], [USU_TELEFONO], [USU_DVH], [USU_IDIOMA]) VALUES (102, N'38999412', N'neque.In.ornare@tellus.ca', N'C9BAC22B0DE34EF9DB26986EF04C3D9C', N'PFqJ9666JlvJ+H9Fs5kP4gxiAKKSqGgAEWwuyxlpPUI=', 0, 0, N'Ferdinand', N'Callahan', N'Ap #823-7191 Nam Av.', N'6413 7159', N'7D68D46141840556B2ED2BE34F3F52A1', 1)
GO
INSERT [dbo].[USUARIO] ([USU_ID], [USU_DNI], [USU_EMAIL], [USU_PASS], [USU_ALIAS], [USU_INTENTOS], [USU_BAJA], [USU_NOMBRE], [USU_APELLIDO], [USU_DIRECCION], [USU_TELEFONO], [USU_DVH], [USU_IDIOMA]) VALUES (103, N'89924448', N'pharetra.Nam@bibendumullamcorper.edu', N'03F6E93BC15D55618BA118B9A1AA6BED', N'vzHwfRXNUdYi8CUKoxx0k8yvQtpFASA83jhnDD8IJ64=', 0, 0, N'Upton', N'Terry', N'Ap #759-1111 Imperdiet St.', N'7917 3861', N'F1B9D2493EBC8360DCBF675284934A8F', 1)
GO
INSERT [dbo].[USUARIO] ([USU_ID], [USU_DNI], [USU_EMAIL], [USU_PASS], [USU_ALIAS], [USU_INTENTOS], [USU_BAJA], [USU_NOMBRE], [USU_APELLIDO], [USU_DIRECCION], [USU_TELEFONO], [USU_DVH], [USU_IDIOMA]) VALUES (104, N'33511158', N'ligula@sed.ca', N'6862637A987C6F4736AA0A382C349F98', N'etuDmhkEzfg6IVnDGhwuPbs80e2HtXfijur8YLl5UYE=', 0, 0, N'Dieter', N'Cote', N'287-5106 Neque St.', N'0976 8212', N'4607F2ADAA786AA50312827E4E1B1DC0', 1)
GO
INSERT [dbo].[USUARIO] ([USU_ID], [USU_DNI], [USU_EMAIL], [USU_PASS], [USU_ALIAS], [USU_INTENTOS], [USU_BAJA], [USU_NOMBRE], [USU_APELLIDO], [USU_DIRECCION], [USU_TELEFONO], [USU_DVH], [USU_IDIOMA]) VALUES (105, N'26026781', N'fringilla@eu.org', N'53363E679ADBE2505004343058B25C0E', N'CmHTF5SgsTko5LtwT864MJZaRkLwnYbhpMdu9Ys3DjI=', 0, 0, N'Adrian', N'Mckenzie', N'5871 Libero. Road', N'1841 2951', N'8487208F3BB5E054909161DD2F685FAA', 1)
GO
INSERT [dbo].[USUARIO] ([USU_ID], [USU_DNI], [USU_EMAIL], [USU_PASS], [USU_ALIAS], [USU_INTENTOS], [USU_BAJA], [USU_NOMBRE], [USU_APELLIDO], [USU_DIRECCION], [USU_TELEFONO], [USU_DVH], [USU_IDIOMA]) VALUES (106, N'15948903', N'ornare.placerat@turpis.co.uk', N'54E64F23190A2B885926612E71AB03CB', N'adPaOvLvuoqJccG7VWyku/ZyjMVlKJGu+e91WrSMWQc=', 0, 0, N'Keane', N'Harris', N'535-5543 Amet, Av.', N'3966 1415', N'69F3773F2D1DD8F03602CA343421D294', 1)
GO
INSERT [dbo].[USUARIO] ([USU_ID], [USU_DNI], [USU_EMAIL], [USU_PASS], [USU_ALIAS], [USU_INTENTOS], [USU_BAJA], [USU_NOMBRE], [USU_APELLIDO], [USU_DIRECCION], [USU_TELEFONO], [USU_DVH], [USU_IDIOMA]) VALUES (107, N'56266540', N'risus.Nunc@Quisque.net', N'53F0D287173A817AD0B77826596C1B19', N'T9YO3njyduelo/J7P+Ew7z2w6iP47dN3TSO5HLjkRfY=', 0, 0, N'Jared', N'Park', N'Ap #223-3124 Dolor. St.', N'9128 3898', N'F32B46FBD2183EDEBC0D5266686938EF', 2)
GO
INSERT [dbo].[USUARIO] ([USU_ID], [USU_DNI], [USU_EMAIL], [USU_PASS], [USU_ALIAS], [USU_INTENTOS], [USU_BAJA], [USU_NOMBRE], [USU_APELLIDO], [USU_DIRECCION], [USU_TELEFONO], [USU_DVH], [USU_IDIOMA]) VALUES (108, N'90782397', N'sociis@atliberoMorbi.edu', N'DD66D64C793C9CCAAAA0DC7BBC150A35', N'EN5Nvv7Gjltr0LGXQFqR6eYRxskFIyCQL2cKmMeJ0kk=', 0, 0, N'Donovan', N'Burns', N'903-6594 Aptent Rd.', N'0393 5208', N'92A1F9943E06C112FF44E58D2B69F0E2', 2)
GO
INSERT [dbo].[USUARIO] ([USU_ID], [USU_DNI], [USU_EMAIL], [USU_PASS], [USU_ALIAS], [USU_INTENTOS], [USU_BAJA], [USU_NOMBRE], [USU_APELLIDO], [USU_DIRECCION], [USU_TELEFONO], [USU_DVH], [USU_IDIOMA]) VALUES (109, N'23163746', N'nunc.Quisque.ornare@AliquamnislNulla.net', N'61D578A90ED5DCB8D6EFD9703F963B01', N'SzxgYjeuQH2Lstk+/nP3RyRKXtN9l/OgRcUeRLsnQZg=', 0, 0, N'Barrett', N'Merritt', N'345-6981 Tincidunt Av.', N'9479 2001', N'45567C761E1F47D101ADF02360DCA9D5', 1)
GO
INSERT [dbo].[USUARIO] ([USU_ID], [USU_DNI], [USU_EMAIL], [USU_PASS], [USU_ALIAS], [USU_INTENTOS], [USU_BAJA], [USU_NOMBRE], [USU_APELLIDO], [USU_DIRECCION], [USU_TELEFONO], [USU_DVH], [USU_IDIOMA]) VALUES (110, N'97142309', N'Fusce@dignissim.com', N'07C6B759E3A25651E1CD7B82FB29EE85', N'K3Z2m/Nor8/o7vBuLMBiKrmXFF2/W2nYUYMbogHo5fk=', 0, 0, N'Aladdin', N'Le', N'Ap #719-2290 Urna St.', N'5737 3467', N'7874F460E3D433ED4C4B4873B63C894F', 2)
GO
INSERT [dbo].[USUARIO] ([USU_ID], [USU_DNI], [USU_EMAIL], [USU_PASS], [USU_ALIAS], [USU_INTENTOS], [USU_BAJA], [USU_NOMBRE], [USU_APELLIDO], [USU_DIRECCION], [USU_TELEFONO], [USU_DVH], [USU_IDIOMA]) VALUES (111, N'52247769', N'a@Proinvel.edu', N'F094683C1B6C09B4E17AEA3BE5BC391D', N'3bK0gnOTmn7tA0KC6JZeQzihEwgvd+RnTFaqRJpOIcs=', 0, 0, N'Devin', N'Stafford', N'7557 Libero. St.', N'1158 9462', N'1EFF1F0893FEAC1ED7209B059FAA590C', 1)
GO
INSERT [dbo].[USUARIO] ([USU_ID], [USU_DNI], [USU_EMAIL], [USU_PASS], [USU_ALIAS], [USU_INTENTOS], [USU_BAJA], [USU_NOMBRE], [USU_APELLIDO], [USU_DIRECCION], [USU_TELEFONO], [USU_DVH], [USU_IDIOMA]) VALUES (112, N'37877347', N'lorem.luctus.ut@estarcu.ca', N'9F713E830BCBB743D9E20CBE49FBFB8E', N'z2zM2K+XDj/7ZYcdxnjzHem6TlvDAdh0FPQFqXnNXzg=', 0, 0, N'Hamilton', N'Ochoa', N'5781 Fusce Rd.', N'0380 4538', N'9A52014693CF2910A4748AA5733923DB', 2)
GO
INSERT [dbo].[USUARIO] ([USU_ID], [USU_DNI], [USU_EMAIL], [USU_PASS], [USU_ALIAS], [USU_INTENTOS], [USU_BAJA], [USU_NOMBRE], [USU_APELLIDO], [USU_DIRECCION], [USU_TELEFONO], [USU_DVH], [USU_IDIOMA]) VALUES (113, N'27314424', N'gravida@lobortisultrices.org', N'7E7292270A68033E1AA4F820C8394E13', N'KErpcukPYK9vo5VVitJ5PxdZ2UEjIMl2KXQp4VaEdwI=', 0, 0, N'Derek', N'Shannon', N'P.O. Box 908, 4073 Magna. Avenue', N'5164 5547', N'8ECE138F10A2E12A9544E8961BF2E824', 1)
GO
INSERT [dbo].[USUARIO] ([USU_ID], [USU_DNI], [USU_EMAIL], [USU_PASS], [USU_ALIAS], [USU_INTENTOS], [USU_BAJA], [USU_NOMBRE], [USU_APELLIDO], [USU_DIRECCION], [USU_TELEFONO], [USU_DVH], [USU_IDIOMA]) VALUES (114, N'67534284', N'egestas@Fuscedolorquam.ca', N'EC4FE9CBE224C21980C886EF139EE310', N'3oTx/IWb5DClVxKuWtqhhbl1g2reRgcgXG9/JEK8lqo=', 0, 0, N'Kaseem', N'Baker', N'Ap #468-8534 Nec St.', N'9101 7879', N'CC860EFC14276C028A065E404B4873EE', 2)
GO
INSERT [dbo].[USUARIO] ([USU_ID], [USU_DNI], [USU_EMAIL], [USU_PASS], [USU_ALIAS], [USU_INTENTOS], [USU_BAJA], [USU_NOMBRE], [USU_APELLIDO], [USU_DIRECCION], [USU_TELEFONO], [USU_DVH], [USU_IDIOMA]) VALUES (115, N'34792213', N'a.neque@orci.edu', N'D00355923FE75723B4CC5F3A6B340746', N'AswDLl95HNMcfK6+RdhzHzA6HETYjHEcHdhE4thDkWU=', 0, 0, N'Uriel', N'Ryan', N'207-565 Duis St.', N'2223 9444', N'0B2544B234372EE5D1AF7CEC2C8E3F28', 2)
GO
INSERT [dbo].[USUARIO] ([USU_ID], [USU_DNI], [USU_EMAIL], [USU_PASS], [USU_ALIAS], [USU_INTENTOS], [USU_BAJA], [USU_NOMBRE], [USU_APELLIDO], [USU_DIRECCION], [USU_TELEFONO], [USU_DVH], [USU_IDIOMA]) VALUES (116, N'29781502', N'tellus@Fusce.co.uk', N'A20792729A89B6165E762A2A315F4A50', N'WO/iWLGw+FdyDs/tVo+g9zLZ0qwSr6Va7VeEp1PJdHQ=', 0, 0, N'Carter', N'Vega', N'Ap #850-3277 Diam Road', N'5242 8523', N'1171BD7742E68C72FF721CB1C1EB1925', 2)
GO
INSERT [dbo].[USUARIO] ([USU_ID], [USU_DNI], [USU_EMAIL], [USU_PASS], [USU_ALIAS], [USU_INTENTOS], [USU_BAJA], [USU_NOMBRE], [USU_APELLIDO], [USU_DIRECCION], [USU_TELEFONO], [USU_DVH], [USU_IDIOMA]) VALUES (117, N'83547602', N'in@ametdiameu.net', N'1E1688EE25944C754C5607D164EAD42F', N'9USjgIN+ZtvsPKVKQ2y36KZPevGpfV/rzhalQX0GnTM=', 0, 0, N'Wylie', N'Slater', N'2340 Erat, Street', N'8875 8296', N'0D050EE99E3C1B239B5602E0D0FBC2D3', 2)
GO
INSERT [dbo].[USUARIO] ([USU_ID], [USU_DNI], [USU_EMAIL], [USU_PASS], [USU_ALIAS], [USU_INTENTOS], [USU_BAJA], [USU_NOMBRE], [USU_APELLIDO], [USU_DIRECCION], [USU_TELEFONO], [USU_DVH], [USU_IDIOMA]) VALUES (118, N'38292626', N'cursus.et.eros@penatibusetmagnis.co.uk', N'DBAF77A13F6A2205FF02CA35EFFC1838', N'NnPWVuhnLPUV7T8VmckMtVZHjQW9Nyv6ej3J2GM2ixs=', 0, 0, N'Allen', N'Nixon', N'841-1362 Convallis St.', N'3633 4577', N'0665797FFA5826C64ED6E80FF84DA6E2', 2)
GO
INSERT [dbo].[USUARIO] ([USU_ID], [USU_DNI], [USU_EMAIL], [USU_PASS], [USU_ALIAS], [USU_INTENTOS], [USU_BAJA], [USU_NOMBRE], [USU_APELLIDO], [USU_DIRECCION], [USU_TELEFONO], [USU_DVH], [USU_IDIOMA]) VALUES (119, N'28744544', N'orci@ullamcorpervelit.co.uk', N'883A9F3AC1C33F45D37040D3D4F1B142', N'FowhPxo0YohMNknDfp+PR3F0HlIUgORfdo+FHiQuHrA=', 0, 0, N'John', N'Riggs', N'P.O. Box 713, 9658 A, Rd.', N'4406 6855', N'D599B8D33A4D1E191D206CB1E052CD9A', 1)
GO
INSERT [dbo].[USUARIO] ([USU_ID], [USU_DNI], [USU_EMAIL], [USU_PASS], [USU_ALIAS], [USU_INTENTOS], [USU_BAJA], [USU_NOMBRE], [USU_APELLIDO], [USU_DIRECCION], [USU_TELEFONO], [USU_DVH], [USU_IDIOMA]) VALUES (120, N'33735197', N'fermentum.arcu.Vestibulum@Sedid.com', N'35299902D56833ADAC223CA9A394650A', N'uz64x72Fc+Zxgg7CwQ6h9rRnYPe8tMkbiJiVJlMQDX8=', 0, 0, N'Nasim', N'Grimes', N'6025 Eu Rd.', N'9166 9023', N'1498529AA4250B0B3D99BD4B95AA8501', 2)
GO
INSERT [dbo].[USUARIO] ([USU_ID], [USU_DNI], [USU_EMAIL], [USU_PASS], [USU_ALIAS], [USU_INTENTOS], [USU_BAJA], [USU_NOMBRE], [USU_APELLIDO], [USU_DIRECCION], [USU_TELEFONO], [USU_DVH], [USU_IDIOMA]) VALUES (121, N'06803712', N'turpis.non.enim@Cras.org', N'600992A1D8E7E52E7458F4CC1117A9F0', N'rOf55rS3ktjSsRYK8j/wl+ZbSQT7x8mZpyqqnuxbiUA=', 0, 0, N'Price', N'Raymond', N'Ap #316-3044 Sem Street', N'0486 6975', N'B0E170C286F9052F3AF01BB599928A67', 1)
GO
INSERT [dbo].[USUARIO] ([USU_ID], [USU_DNI], [USU_EMAIL], [USU_PASS], [USU_ALIAS], [USU_INTENTOS], [USU_BAJA], [USU_NOMBRE], [USU_APELLIDO], [USU_DIRECCION], [USU_TELEFONO], [USU_DVH], [USU_IDIOMA]) VALUES (122, N'24694167', N'ligula.Nullam.feugiat@lacus.co.uk', N'F47BA3429597BC10B718CCAB3200EACE', N'SPHiGYx6QI99V0Rq+2Mf8W3/huK5SKrKgoRJAK5ZcA8=', 0, 0, N'Elton', N'Hartman', N'P.O. Box 220, 7085 Dignissim Av.', N'7145 0082', N'CDEF9F9876268599062DD5CC405D6878', 2)
GO
INSERT [dbo].[USUARIO] ([USU_ID], [USU_DNI], [USU_EMAIL], [USU_PASS], [USU_ALIAS], [USU_INTENTOS], [USU_BAJA], [USU_NOMBRE], [USU_APELLIDO], [USU_DIRECCION], [USU_TELEFONO], [USU_DVH], [USU_IDIOMA]) VALUES (123, N'97745888', N'elit.pede@erosnonenim.com', N'559DD257F1A94C360485E12B20F5E986', N'1G27NFhZPQDdIxwiutpIj1w+BAvxIAgPY9nayp+yJX8=', 0, 0, N'Neil', N'Sawyer', N'833-3796 Euismod Street', N'1501 9081', N'ABB0CF4F79DC8372CE393EAA1C997DE4', 1)
GO
INSERT [dbo].[USUARIO] ([USU_ID], [USU_DNI], [USU_EMAIL], [USU_PASS], [USU_ALIAS], [USU_INTENTOS], [USU_BAJA], [USU_NOMBRE], [USU_APELLIDO], [USU_DIRECCION], [USU_TELEFONO], [USU_DVH], [USU_IDIOMA]) VALUES (124, N'09105236', N'mi.Duis.risus@metus.net', N'A1C80CB64129B1E7D9C0FAE170CA5AA1', N'O4Bu7uzAeilj1B0YJuSQAPclTVCT3oW2SmeRCm98dfQ=', 0, 0, N'Asher', N'Foreman', N'879-6437 Pharetra. Street', N'6231 2248', N'F26FC8468B102CFA38D63D8263503B84', 2)
GO
INSERT [dbo].[USUARIO] ([USU_ID], [USU_DNI], [USU_EMAIL], [USU_PASS], [USU_ALIAS], [USU_INTENTOS], [USU_BAJA], [USU_NOMBRE], [USU_APELLIDO], [USU_DIRECCION], [USU_TELEFONO], [USU_DVH], [USU_IDIOMA]) VALUES (125, N'00883414', N'inceptos.hymenaeos@aliquetPhasellus.co.uk', N'361422A14086F855774CCDC19BCF2B29', N'gr7vlx1un6KvC9x3KMtEcaUa5bNX/oR9bN34PAPH+iI=', 0, 0, N'Nolan', N'Hodges', N'4078 Luctus Ave', N'9969 2416', N'C1361F58422279AF1A3D6FCE11964221', 2)
GO
INSERT [dbo].[USUARIO] ([USU_ID], [USU_DNI], [USU_EMAIL], [USU_PASS], [USU_ALIAS], [USU_INTENTOS], [USU_BAJA], [USU_NOMBRE], [USU_APELLIDO], [USU_DIRECCION], [USU_TELEFONO], [USU_DVH], [USU_IDIOMA]) VALUES (126, N'43705390', N'ipsum.dolor.sit@convallis.ca', N'ACA96B3CDB3ABDB705BB6C8AA330D70B', N'4iQEriJxTo2lFqba8zFUHoD5wa1oCgmS1aoOOPIzDWQ=', 0, 0, N'Eric', N'Conner', N'652-7756 Mus. Avenue', N'9472 9340', N'A70521A7D875E04D38C06522877F32BD', 1)
GO
INSERT [dbo].[USUARIO] ([USU_ID], [USU_DNI], [USU_EMAIL], [USU_PASS], [USU_ALIAS], [USU_INTENTOS], [USU_BAJA], [USU_NOMBRE], [USU_APELLIDO], [USU_DIRECCION], [USU_TELEFONO], [USU_DVH], [USU_IDIOMA]) VALUES (127, N'60579084', N'lectus.convallis.est@felisDonectempor.com', N'049891DF4BC6DEA7933469BE7D626ED2', N'VTcyhLLDQkEeUPGP10tIWBKQWwJy8tdSt4kqjO8qlLc=', 0, 0, N'Ahmed', N'Ratliff', N'P.O. Box 965, 6714 In, St.', N'6003 0647', N'96CAA971E6794C827A2387315279D22B', 2)
GO
INSERT [dbo].[USUARIO] ([USU_ID], [USU_DNI], [USU_EMAIL], [USU_PASS], [USU_ALIAS], [USU_INTENTOS], [USU_BAJA], [USU_NOMBRE], [USU_APELLIDO], [USU_DIRECCION], [USU_TELEFONO], [USU_DVH], [USU_IDIOMA]) VALUES (128, N'50923930', N'lectus@sociisnatoque.co.uk', N'594FDA07B808ED7CD9BB7935448C791C', N'9GSG1vnJN2wLQ4l+1roJXsRzd7LEqsfSirznhfCxlIE=', 0, 0, N'Ezekiel', N'Wise', N'662-6291 Sed Avenue', N'3493 2414', N'0E2B8723274AE711AD428F85FD1C6381', 1)
GO
INSERT [dbo].[USUARIO] ([USU_ID], [USU_DNI], [USU_EMAIL], [USU_PASS], [USU_ALIAS], [USU_INTENTOS], [USU_BAJA], [USU_NOMBRE], [USU_APELLIDO], [USU_DIRECCION], [USU_TELEFONO], [USU_DVH], [USU_IDIOMA]) VALUES (129, N'95951246', N'dapibus@Fuscealiquet.net', N'C5FC39C41B200FB568D0FA4C071F4202', N'8nFbfOW1Ki7AX4aCoFRJ+drMrBSK4RqNpgugpkiBM+k=', 0, 0, N'Dante', N'Lane', N'5532 Tortor. Ave', N'6808 5610', N'6223C10847C46CC4039F1DB91BFBC099', 1)
GO
INSERT [dbo].[USUARIO] ([USU_ID], [USU_DNI], [USU_EMAIL], [USU_PASS], [USU_ALIAS], [USU_INTENTOS], [USU_BAJA], [USU_NOMBRE], [USU_APELLIDO], [USU_DIRECCION], [USU_TELEFONO], [USU_DVH], [USU_IDIOMA]) VALUES (130, N'42560198', N'amet.ornare.lectus@amet.net', N'4ED6F0807D0B1D514FFE5313C5D2C0B7', N'2DMjLYZkMybR9/MzDeHsC8Y8RTFtqfGdfICo46ELgek=', 0, 0, N'Martin', N'Casey', N'2001 Libero Street', N'0021 2745', N'BC04899A71E1D85B00773319AB3575E1', 2)
GO
INSERT [dbo].[USUARIO] ([USU_ID], [USU_DNI], [USU_EMAIL], [USU_PASS], [USU_ALIAS], [USU_INTENTOS], [USU_BAJA], [USU_NOMBRE], [USU_APELLIDO], [USU_DIRECCION], [USU_TELEFONO], [USU_DVH], [USU_IDIOMA]) VALUES (131, N'05733574', N'Nulla.facilisis.Suspendisse@nec.ca', N'B526B063EC1204EB38C9EE2C1EF6F3E3', N'67mDOLfLeaCV87WMQJ7JsTxs9pMO3OpoyxQpu2tT4/Q=', 0, 0, N'Walter', N'Burch', N'P.O. Box 762, 5880 Tincidunt. Rd.', N'2018 4265', N'D8D7B8566C328F934F6C5BC7788026EA', 1)
GO
INSERT [dbo].[USUARIO] ([USU_ID], [USU_DNI], [USU_EMAIL], [USU_PASS], [USU_ALIAS], [USU_INTENTOS], [USU_BAJA], [USU_NOMBRE], [USU_APELLIDO], [USU_DIRECCION], [USU_TELEFONO], [USU_DVH], [USU_IDIOMA]) VALUES (132, N'41756498', N'non.magna@in.edu', N'3A62FE6E700B31E62AE34DA394EAE50C', N'DxllklX+bp35cAXDcUvhfX4iDd78VVuPTooaoFpEWXg=', 0, 0, N'Carl', N'Pratt', N'Ap #285-1550 Vitae, Road', N'7020 0475', N'C3C60EAE5F75CEB420E91DDFCDE4747E', 2)
GO
INSERT [dbo].[USUARIO] ([USU_ID], [USU_DNI], [USU_EMAIL], [USU_PASS], [USU_ALIAS], [USU_INTENTOS], [USU_BAJA], [USU_NOMBRE], [USU_APELLIDO], [USU_DIRECCION], [USU_TELEFONO], [USU_DVH], [USU_IDIOMA]) VALUES (133, N'77469856', N'eget@volutpat.com', N'158D82751DE0E36D26EA9DC0023C5023', N'28H/eu33ZzADhVJf7bXhNqG67TfeEhldynVnMbRhm24=', 0, 0, N'Bevis', N'Flores', N'P.O. Box 493, 8421 Fringilla Avenue', N'4876 2115', N'9AC288E427CCA2F0867D6CA6F1A1E815', 1)
GO
INSERT [dbo].[USUARIO] ([USU_ID], [USU_DNI], [USU_EMAIL], [USU_PASS], [USU_ALIAS], [USU_INTENTOS], [USU_BAJA], [USU_NOMBRE], [USU_APELLIDO], [USU_DIRECCION], [USU_TELEFONO], [USU_DVH], [USU_IDIOMA]) VALUES (134, N'82644400', N'ipsum@facilisisvitae.com', N'1E6F061481B3963990164441DF181AC6', N'koPVP55X96sR+pu5WooX9KaCrW+nLyFObDFK5tuPe+4=', 0, 0, N'Brian', N'Benjamin', N'Ap #636-2739 Interdum Rd.', N'3104 9567', N'057427698CA3E172EA4E1B20D861CDF3', 2)
GO
INSERT [dbo].[USUARIO] ([USU_ID], [USU_DNI], [USU_EMAIL], [USU_PASS], [USU_ALIAS], [USU_INTENTOS], [USU_BAJA], [USU_NOMBRE], [USU_APELLIDO], [USU_DIRECCION], [USU_TELEFONO], [USU_DVH], [USU_IDIOMA]) VALUES (135, N'52537587', N'eget.metus.eu@in.co.uk', N'D911E3764949911831CE69D29C737720', N'fnW1kAUnV4mtqKuPySlQfkyJQa1oGeoBslAHZEcvPCA=', 0, 0, N'Dominic', N'Murray', N'Ap #206-8392 Mauris Road', N'0973 6498', N'4382AAF82963FD5483377C5E0990B619', 1)
GO
INSERT [dbo].[USUARIO] ([USU_ID], [USU_DNI], [USU_EMAIL], [USU_PASS], [USU_ALIAS], [USU_INTENTOS], [USU_BAJA], [USU_NOMBRE], [USU_APELLIDO], [USU_DIRECCION], [USU_TELEFONO], [USU_DVH], [USU_IDIOMA]) VALUES (136, N'28949519', N'nibh.dolor@cursus.co.uk', N'7AACB3D2615BAFAC7951EE55C98A28CD', N'taTCmkgrlQcilmoNPHHZwtpwy0HDwBll+lAaw0dOItE=', 0, 0, N'Dalton', N'Frank', N'Ap #927-5704 Sed Av.', N'8833 9077', N'602A29900F4B255CAE7997EAA535D31B', 1)
GO
INSERT [dbo].[USUARIO] ([USU_ID], [USU_DNI], [USU_EMAIL], [USU_PASS], [USU_ALIAS], [USU_INTENTOS], [USU_BAJA], [USU_NOMBRE], [USU_APELLIDO], [USU_DIRECCION], [USU_TELEFONO], [USU_DVH], [USU_IDIOMA]) VALUES (137, N'32613446', N'Phasellus@eutempor.ca', N'015E572CDA3CF168DF5FCBB80C1BC8DF', N'OWEg9PUfcbPJ7hQxKoTy4Oood5ZfvC7u3aX/UScaURs=', 0, 0, N'Damon', N'Emerson', N'547-255 Porttitor St.', N'4084 5940', N'FDAC0FBDD797D81E906CB98D127E6947', 2)
GO
INSERT [dbo].[USUARIO] ([USU_ID], [USU_DNI], [USU_EMAIL], [USU_PASS], [USU_ALIAS], [USU_INTENTOS], [USU_BAJA], [USU_NOMBRE], [USU_APELLIDO], [USU_DIRECCION], [USU_TELEFONO], [USU_DVH], [USU_IDIOMA]) VALUES (138, N'02591256', N'ante.ipsum@blanditcongueIn.edu', N'35285F50960542FE27847333354FB09D', N'K6NiX1G0L5eeKwSMUVk0GNg6s6XvJ2vvdxysWVu+XxA=', 0, 0, N'Prescott', N'Ellis', N'613-6427 Dictum St.', N'1070 1013', N'361636D9B7FCC755E0D6FB5AF8B9AF55', 2)
GO
INSERT [dbo].[USUARIO] ([USU_ID], [USU_DNI], [USU_EMAIL], [USU_PASS], [USU_ALIAS], [USU_INTENTOS], [USU_BAJA], [USU_NOMBRE], [USU_APELLIDO], [USU_DIRECCION], [USU_TELEFONO], [USU_DVH], [USU_IDIOMA]) VALUES (139, N'13368290', N'ullamcorper@quisdiamPellentesque.co.uk', N'9EE11EA76A66E246A0970DA50DF7E2E8', N'XslzJqwsReD1K60dbJvQHI3ffdDRic00Wiqes01kN4M=', 0, 0, N'Amos', N'Hopper', N'P.O. Box 359, 4533 Quam. Rd.', N'6516 7009', N'DBB8633D666A0DEF649A03D7300A8D06', 2)
GO
INSERT [dbo].[USUARIO] ([USU_ID], [USU_DNI], [USU_EMAIL], [USU_PASS], [USU_ALIAS], [USU_INTENTOS], [USU_BAJA], [USU_NOMBRE], [USU_APELLIDO], [USU_DIRECCION], [USU_TELEFONO], [USU_DVH], [USU_IDIOMA]) VALUES (140, N'07667345', N'Etiam@Sed.com', N'8F2DC8B3A56F7D000967826AD4818418', N'I/ve+CC0Sv7DF16snl9Dw/AdYvZmdUNsH+vtmZBT0qI=', 0, 0, N'Davis', N'Pittman', N'297-7560 Dui. Street', N'5244 3879', N'C9C8E58BDCE6832A3AA0DA6051811F60', 1)
GO
INSERT [dbo].[USUARIO] ([USU_ID], [USU_DNI], [USU_EMAIL], [USU_PASS], [USU_ALIAS], [USU_INTENTOS], [USU_BAJA], [USU_NOMBRE], [USU_APELLIDO], [USU_DIRECCION], [USU_TELEFONO], [USU_DVH], [USU_IDIOMA]) VALUES (141, N'98639586', N'nunc@dolorFusce.com', N'9700CD35F9FA2C16B33FAB818E97481F', N'9ozCrPS8M3zDLT+t7AJf9HzjV2aTDiIZpAkV+jode2U=', 0, 0, N'Denton', N'Burgess', N'Ap #653-7815 Eleifend Rd.', N'6132 2400', N'1A74E26C459317373CDB1A4123045C29', 2)
GO
INSERT [dbo].[USUARIO] ([USU_ID], [USU_DNI], [USU_EMAIL], [USU_PASS], [USU_ALIAS], [USU_INTENTOS], [USU_BAJA], [USU_NOMBRE], [USU_APELLIDO], [USU_DIRECCION], [USU_TELEFONO], [USU_DVH], [USU_IDIOMA]) VALUES (142, N'48042403', N'varius@posuerecubiliaCurae.ca', N'0108B8B0BDE119625B8C3983FAD04F30', N'W+X7QK9NT0JGifgHx7G6l6aUtWxfp33C2z7HkDXwdMs=', 0, 0, N'Caesar', N'Franklin', N'Ap #397-227 Erat Rd.', N'6238 7122', N'29B125BC52B5C9FB3AF5024D6202988A', 2)
GO
INSERT [dbo].[USUARIO] ([USU_ID], [USU_DNI], [USU_EMAIL], [USU_PASS], [USU_ALIAS], [USU_INTENTOS], [USU_BAJA], [USU_NOMBRE], [USU_APELLIDO], [USU_DIRECCION], [USU_TELEFONO], [USU_DVH], [USU_IDIOMA]) VALUES (143, N'41993157', N'arcu.imperdiet.ullamcorper@natoque.ca', N'6AEBE75DE86EA20ED594A5579B5BB3B3', N'22LKEIXcoQStneJUmQNklvsSPbl7/WXRYNCnsg0lgas=', 0, 0, N'Dillon', N'Murray', N'654-9753 Nunc Av.', N'4003 9884', N'082A08A802B61CF7F56B33698E1D3F1D', 2)
GO
INSERT [dbo].[USUARIO] ([USU_ID], [USU_DNI], [USU_EMAIL], [USU_PASS], [USU_ALIAS], [USU_INTENTOS], [USU_BAJA], [USU_NOMBRE], [USU_APELLIDO], [USU_DIRECCION], [USU_TELEFONO], [USU_DVH], [USU_IDIOMA]) VALUES (144, N'89073905', N'at@estNunc.ca', N'32AA75A39AEF7753442FABE6EA3D51AB', N'xSGDo0bUKsoEZsB4BLQtTdoppJMq5Bzfg9CuvTHGGyY=', 0, 0, N'Rudyard', N'Carter', N'5372 Enim. Av.', N'2811 9764', N'C22BFE5BAA79EE15CAA7D1E74E76E7EA', 2)
GO
INSERT [dbo].[USUARIO] ([USU_ID], [USU_DNI], [USU_EMAIL], [USU_PASS], [USU_ALIAS], [USU_INTENTOS], [USU_BAJA], [USU_NOMBRE], [USU_APELLIDO], [USU_DIRECCION], [USU_TELEFONO], [USU_DVH], [USU_IDIOMA]) VALUES (145, N'45680935', N'magnis@Aenean.edu', N'0989CE0B9AD9D1E402D31B7FDFF31AEB', N'i1iJqKgM2jl9GDm+IYvEgqqyTx/uH7YYxcN/VdUu4N8=', 0, 0, N'Merritt', N'Booth', N'934 Dignissim Av.', N'8861 6769', N'F920DDBFC2B1672C15FF6C55E833E355', 2)
GO
INSERT [dbo].[USUARIO] ([USU_ID], [USU_DNI], [USU_EMAIL], [USU_PASS], [USU_ALIAS], [USU_INTENTOS], [USU_BAJA], [USU_NOMBRE], [USU_APELLIDO], [USU_DIRECCION], [USU_TELEFONO], [USU_DVH], [USU_IDIOMA]) VALUES (146, N'04743272', N'tincidunt.tempus.risus@vitae.edu', N'01AF9449F2AB592017198A30AAAEE93A', N'MXl3pfWc5TUQATp/eqmOarwfvyMYtbGUgz4b5KFssLc=', 0, 0, N'Ciaran', N'Marks', N'734-4961 Vestibulum Av.', N'1284 7191', N'2F0F5DF4366909B66CA6CDE66EA9F8C1', 2)
GO
INSERT [dbo].[USUARIO] ([USU_ID], [USU_DNI], [USU_EMAIL], [USU_PASS], [USU_ALIAS], [USU_INTENTOS], [USU_BAJA], [USU_NOMBRE], [USU_APELLIDO], [USU_DIRECCION], [USU_TELEFONO], [USU_DVH], [USU_IDIOMA]) VALUES (147, N'84907349', N'torquent@mi.net', N'AD6A8087A0AA9B83C6AE9866E582FB19', N'WB5HbOqdeApdeJ4V0F/5YFedNU/eR2pyre8jj/FHzHM=', 0, 0, N'Austin', N'Burnett', N'Ap #183-749 Ut Rd.', N'8545 1050', N'6412E75F980D59EE34AEBD81A59F4AF4', 2)
GO
INSERT [dbo].[USUARIO] ([USU_ID], [USU_DNI], [USU_EMAIL], [USU_PASS], [USU_ALIAS], [USU_INTENTOS], [USU_BAJA], [USU_NOMBRE], [USU_APELLIDO], [USU_DIRECCION], [USU_TELEFONO], [USU_DVH], [USU_IDIOMA]) VALUES (148, N'60097343', N'ac.ipsum@metusInlorem.net', N'D3528C06AE5AD043FB9447C66AD07399', N'CfLLlyGdolQZtTtO1jWwG404x0GPihW0+l5bzsWEtOY=', 0, 0, N'Abdul', N'Houston', N'2934 Turpis St.', N'3352 9583', N'265B4B3E5F85C1ADC726DFD60C9F80D0', 2)
GO
INSERT [dbo].[USUARIO] ([USU_ID], [USU_DNI], [USU_EMAIL], [USU_PASS], [USU_ALIAS], [USU_INTENTOS], [USU_BAJA], [USU_NOMBRE], [USU_APELLIDO], [USU_DIRECCION], [USU_TELEFONO], [USU_DVH], [USU_IDIOMA]) VALUES (149, N'32845045', N'ad.litora@dignissim.com', N'C9F39C5D0B0B42D2D307F06FA2CBD8B7', N'xo5ErNpu3s17pADvfPtK5ufBjtd/kMWlEz/6KIyjbIM=', 0, 0, N'Igor', N'Vance', N'250-8926 Purus Avenue', N'7173 8718', N'89FF82F02D0B89E46693C07DD679448B', 1)
GO
INSERT [dbo].[USUARIO] ([USU_ID], [USU_DNI], [USU_EMAIL], [USU_PASS], [USU_ALIAS], [USU_INTENTOS], [USU_BAJA], [USU_NOMBRE], [USU_APELLIDO], [USU_DIRECCION], [USU_TELEFONO], [USU_DVH], [USU_IDIOMA]) VALUES (150, N'32615468', N'sociosqu.ad@vellectusCum.org', N'15B2C022EC5A312B434B9C02E585B1F4', N'xVVvLZYkP58v7+jNuErqF5CPxkQ86wPgF24LiV5J2pw=', 0, 0, N'Nathan', N'Simon', N'6120 Nec St.', N'8997 0741', N'23C3B2ABEEA985C6F313911A9192907F', 2)
GO
INSERT [dbo].[USUARIO] ([USU_ID], [USU_DNI], [USU_EMAIL], [USU_PASS], [USU_ALIAS], [USU_INTENTOS], [USU_BAJA], [USU_NOMBRE], [USU_APELLIDO], [USU_DIRECCION], [USU_TELEFONO], [USU_DVH], [USU_IDIOMA]) VALUES (151, N'77912638', N'non@maurisid.net', N'C49BC30145AA679327C888CD81163507', N'w6HOvTGx8GNyuklESchKT8exPFlajLKZgc/TghjKvAY=', 0, 0, N'Graham', N'Larson', N'3274 Id, St.', N'8213 0673', N'7EFC658243C265DAB85B0B4F0849AF3F', 1)
GO
INSERT [dbo].[USUARIO] ([USU_ID], [USU_DNI], [USU_EMAIL], [USU_PASS], [USU_ALIAS], [USU_INTENTOS], [USU_BAJA], [USU_NOMBRE], [USU_APELLIDO], [USU_DIRECCION], [USU_TELEFONO], [USU_DVH], [USU_IDIOMA]) VALUES (152, N'34089226', N'Donec@Quisquevarius.net', N'6B67BFEF04695EDA1259E450EF94C985', N'zmuiipYQQNyM51R16ojesfNBoNoQHlun+msxEcM9/G8=', 0, 0, N'Randall', N'Wiggins', N'Ap #483-1049 Molestie Rd.', N'6987 0027', N'1F4AA97B9FA6024FB0E826E2E56D904E', 2)
GO
INSERT [dbo].[USUARIO] ([USU_ID], [USU_DNI], [USU_EMAIL], [USU_PASS], [USU_ALIAS], [USU_INTENTOS], [USU_BAJA], [USU_NOMBRE], [USU_APELLIDO], [USU_DIRECCION], [USU_TELEFONO], [USU_DVH], [USU_IDIOMA]) VALUES (153, N'06465658', N'Nam.tempor.diam@eros.edu', N'21F259BD837D160D2A102BCF47A79EE3', N'pwgUJVqm8KZPDnmuTwUzacRaH4L34GthUsMhCu/iFuA=', 0, 0, N'Alexander', N'Conner', N'Ap #744-8599 Scelerisque Av.', N'5242 0098', N'CAB1FE6182BA3766CBDE9947DBEE748B', 2)
GO
INSERT [dbo].[USUARIO] ([USU_ID], [USU_DNI], [USU_EMAIL], [USU_PASS], [USU_ALIAS], [USU_INTENTOS], [USU_BAJA], [USU_NOMBRE], [USU_APELLIDO], [USU_DIRECCION], [USU_TELEFONO], [USU_DVH], [USU_IDIOMA]) VALUES (154, N'00042208', N'at.pede@convallisin.co.uk', N'0CF48FC5351079946DDB96988EB47ED6', N'tcNroCzZGkW/dDi07uZUbTjAJ4qJsHYzwY9hRErkHnQ=', 0, 0, N'Wallace', N'Cooley', N'393-9962 Diam. Road', N'0833 6865', N'E567D81C9138F84950573A860DC7909F', 2)
GO
INSERT [dbo].[USUARIO] ([USU_ID], [USU_DNI], [USU_EMAIL], [USU_PASS], [USU_ALIAS], [USU_INTENTOS], [USU_BAJA], [USU_NOMBRE], [USU_APELLIDO], [USU_DIRECCION], [USU_TELEFONO], [USU_DVH], [USU_IDIOMA]) VALUES (155, N'89752848', N'congue.In@Integersemelit.net', N'69B32051CB1E40846ADDD329433BA36B', N'9k4JP0OHlXcWBeKdNCNLpbCQwEr6dfjC6fWZv+a3OkE=', 0, 0, N'Kareem', N'Langley', N'475-8732 Id Avenue', N'0745 1786', N'BDB1DD24953C23F1D0F6494D60916612', 2)
GO
INSERT [dbo].[USUARIO] ([USU_ID], [USU_DNI], [USU_EMAIL], [USU_PASS], [USU_ALIAS], [USU_INTENTOS], [USU_BAJA], [USU_NOMBRE], [USU_APELLIDO], [USU_DIRECCION], [USU_TELEFONO], [USU_DVH], [USU_IDIOMA]) VALUES (156, N'50845544', N'non.lorem.vitae@perconubianostra.edu', N'05ABD3E42088282B48FD967F4496955F', N'/FGMn1xDt1GXKOS6m3MCEKv4eR+KlWpgJsQ7coHPKys=', 0, 0, N'Evan', N'Keith', N'Ap #586-7847 Magna Street', N'0125 4990', N'8377814C2ACFF18D381A1C33A9275C38', 1)
GO
INSERT [dbo].[USUARIO] ([USU_ID], [USU_DNI], [USU_EMAIL], [USU_PASS], [USU_ALIAS], [USU_INTENTOS], [USU_BAJA], [USU_NOMBRE], [USU_APELLIDO], [USU_DIRECCION], [USU_TELEFONO], [USU_DVH], [USU_IDIOMA]) VALUES (157, N'43226153', N'natoque.penatibus@feugiat.org', N'09042CB7FDCBD4AD5E3671FFB8D51B0C', N'WHlICpsuM7krO9yXLj8aqzOmeJVmEVxg0lbNN6SHMnU=', 0, 0, N'Walter', N'Waters', N'P.O. Box 625, 7591 Tortor, Avenue', N'7210 8805', N'135CED81CB305A565A07AAD614BC04AF', 1)
GO
INSERT [dbo].[USUARIO] ([USU_ID], [USU_DNI], [USU_EMAIL], [USU_PASS], [USU_ALIAS], [USU_INTENTOS], [USU_BAJA], [USU_NOMBRE], [USU_APELLIDO], [USU_DIRECCION], [USU_TELEFONO], [USU_DVH], [USU_IDIOMA]) VALUES (158, N'20099897', N'ut.nisi.a@iaculisenimsit.org', N'6B2A8E07D5EAC0B1F1E77132DD91D914', N'l5y3Oj44qR+M0P6fAlvSteSAvQ/vOKE8cPioOZKLXhQ=', 0, 0, N'Oliver', N'Sawyer', N'769-7642 Blandit Rd.', N'6084 9120', N'59848786561E66A3F28DFA739B90FA23', 2)
GO
INSERT [dbo].[USUARIO] ([USU_ID], [USU_DNI], [USU_EMAIL], [USU_PASS], [USU_ALIAS], [USU_INTENTOS], [USU_BAJA], [USU_NOMBRE], [USU_APELLIDO], [USU_DIRECCION], [USU_TELEFONO], [USU_DVH], [USU_IDIOMA]) VALUES (159, N'38947818', N'adm1011231@gmail.com', N'9E247F12C055106CE9A07EB823789DDD', N'GXd4yUARYoRUSc3mHqfIQfeGiUuB99x5L9lnRCNwLpg=', 3, 0, N'pedro', N'testarino', N'adm', N'123-1231', N'74C96C57EDAD24544A2BA232D88B70B6', 2)
GO
INSERT [dbo].[USUARIO] ([USU_ID], [USU_DNI], [USU_EMAIL], [USU_PASS], [USU_ALIAS], [USU_INTENTOS], [USU_BAJA], [USU_NOMBRE], [USU_APELLIDO], [USU_DIRECCION], [USU_TELEFONO], [USU_DVH], [USU_IDIOMA]) VALUES (162, N'12354', N'admin@admin.com', N'25F9E794323B453885F5181F1B624D0B', N'kPpbDpvCzZwRqT13yjqONIC/T4LcPnWapor/yPMWMaQ=', 0, 0, N'Agustin', N'Marraco', N'false', N'12-3123-1231', N'25EDECE3674FECDBEEF572A495CFB5BD', 2)
GO
SET IDENTITY_INSERT [dbo].[USUARIO] OFF
GO
INSERT [dbo].[USUARIO_FAMILIA] ([UF_USUARIO_ID], [UF_FAMILIA_ID], [UF_DVH]) VALUES (64, 9, N'8065D07DA4A77621450AA84FEE5656D9')
GO
INSERT [dbo].[USUARIO_FAMILIA] ([UF_USUARIO_ID], [UF_FAMILIA_ID], [UF_DVH]) VALUES (162, 9, N'2191B602B73B93EC19DA67D1B7E349C6')
GO
INSERT [dbo].[USUARIO_FAMILIA] ([UF_USUARIO_ID], [UF_FAMILIA_ID], [UF_DVH]) VALUES (162, 10, N'11AA8D2C762F3B0B56E9E9ED8D4015F0')
GO
INSERT [dbo].[USUARIO_PATENTE] ([UP_USUARIO_ID], [UP_PATENTE_ID], [UP_DVH], [UP_BLOQUEADA]) VALUES (64, 1, N'8091588A3968DA46E3E43A76BF3B3A98', 1)
GO
INSERT [dbo].[USUARIO_PATENTE] ([UP_USUARIO_ID], [UP_PATENTE_ID], [UP_DVH], [UP_BLOQUEADA]) VALUES (64, 2, N'EBBDFEA212E3A756A1FDED7B35578525', 1)
GO
INSERT [dbo].[USUARIO_PATENTE] ([UP_USUARIO_ID], [UP_PATENTE_ID], [UP_DVH], [UP_BLOQUEADA]) VALUES (64, 3, N'E1DC4BF1F94E87FDFEB2D91AE3DC10EF', 1)
GO
INSERT [dbo].[USUARIO_PATENTE] ([UP_USUARIO_ID], [UP_PATENTE_ID], [UP_DVH], [UP_BLOQUEADA]) VALUES (64, 5, N'022E0EE5162C13D9A7BB3BD00FB032CE', 1)
GO
INSERT [dbo].[USUARIO_PATENTE] ([UP_USUARIO_ID], [UP_PATENTE_ID], [UP_DVH], [UP_BLOQUEADA]) VALUES (64, 6, N'DEAD35FA1512AD67301D09326177C42F', 1)
GO
INSERT [dbo].[USUARIO_PATENTE] ([UP_USUARIO_ID], [UP_PATENTE_ID], [UP_DVH], [UP_BLOQUEADA]) VALUES (64, 7, N'9B7DA66EB5BB0E80C82E88FD2BFDE5CE', 0)
GO
INSERT [dbo].[USUARIO_PATENTE] ([UP_USUARIO_ID], [UP_PATENTE_ID], [UP_DVH], [UP_BLOQUEADA]) VALUES (64, 8, N'959AB9A0695C467E7CAF75431A872E5C', 1)
GO
INSERT [dbo].[USUARIO_PATENTE] ([UP_USUARIO_ID], [UP_PATENTE_ID], [UP_DVH], [UP_BLOQUEADA]) VALUES (64, 9, N'CD17D3CE3B64F227987CD92CD701CC58', 1)
GO
INSERT [dbo].[USUARIO_PATENTE] ([UP_USUARIO_ID], [UP_PATENTE_ID], [UP_DVH], [UP_BLOQUEADA]) VALUES (64, 10, N'A93680ED2B6D13428B66022C3C18E8B5', 0)
GO
INSERT [dbo].[USUARIO_PATENTE] ([UP_USUARIO_ID], [UP_PATENTE_ID], [UP_DVH], [UP_BLOQUEADA]) VALUES (64, 11, N'8DC6BA1FDA227DA199075628B44D89BC', 1)
GO
INSERT [dbo].[USUARIO_PATENTE] ([UP_USUARIO_ID], [UP_PATENTE_ID], [UP_DVH], [UP_BLOQUEADA]) VALUES (64, 12, N'418BDA50ACB63E0A88F2DEA60C418566', 1)
GO
INSERT [dbo].[USUARIO_PATENTE] ([UP_USUARIO_ID], [UP_PATENTE_ID], [UP_DVH], [UP_BLOQUEADA]) VALUES (64, 13, N'DFEE497DF1C34A2F74DA2FA60888FA04', 1)
GO
INSERT [dbo].[USUARIO_PATENTE] ([UP_USUARIO_ID], [UP_PATENTE_ID], [UP_DVH], [UP_BLOQUEADA]) VALUES (64, 14, N'AB7593B72B3FF5123E18292D1A3ECFAD', 1)
GO
INSERT [dbo].[USUARIO_PATENTE] ([UP_USUARIO_ID], [UP_PATENTE_ID], [UP_DVH], [UP_BLOQUEADA]) VALUES (64, 15, N'DD614EA78861A7710D8659F866D5C807', 1)
GO
INSERT [dbo].[USUARIO_PATENTE] ([UP_USUARIO_ID], [UP_PATENTE_ID], [UP_DVH], [UP_BLOQUEADA]) VALUES (64, 16, N'D63E3B23034D0E9B882630AB8067726C', 1)
GO
INSERT [dbo].[USUARIO_PATENTE] ([UP_USUARIO_ID], [UP_PATENTE_ID], [UP_DVH], [UP_BLOQUEADA]) VALUES (64, 17, N'12C969156AD941E1DBE5FE033C61F184', 1)
GO
INSERT [dbo].[USUARIO_PATENTE] ([UP_USUARIO_ID], [UP_PATENTE_ID], [UP_DVH], [UP_BLOQUEADA]) VALUES (64, 18, N'D18E66B04F25B9874A328C22DE1A52E4', 1)
GO
INSERT [dbo].[USUARIO_PATENTE] ([UP_USUARIO_ID], [UP_PATENTE_ID], [UP_DVH], [UP_BLOQUEADA]) VALUES (64, 19, N'29BACE41B093A4F096E8EA45348C893C', 1)
GO
INSERT [dbo].[USUARIO_PATENTE] ([UP_USUARIO_ID], [UP_PATENTE_ID], [UP_DVH], [UP_BLOQUEADA]) VALUES (64, 20, N'B36DE645032B53FFC112BD1E1E86760E', 1)
GO
INSERT [dbo].[USUARIO_PATENTE] ([UP_USUARIO_ID], [UP_PATENTE_ID], [UP_DVH], [UP_BLOQUEADA]) VALUES (64, 21, N'24DD746EA63542807560B891C5E5AAE8', 1)
GO
INSERT [dbo].[USUARIO_PATENTE] ([UP_USUARIO_ID], [UP_PATENTE_ID], [UP_DVH], [UP_BLOQUEADA]) VALUES (64, 22, N'BAA61F26BE267D0E71C08E8450443F1A', 1)
GO
INSERT [dbo].[USUARIO_PATENTE] ([UP_USUARIO_ID], [UP_PATENTE_ID], [UP_DVH], [UP_BLOQUEADA]) VALUES (64, 23, N'1AC6FFBA021B9168D14C06AE8B4916DE', 1)
GO
INSERT [dbo].[USUARIO_PATENTE] ([UP_USUARIO_ID], [UP_PATENTE_ID], [UP_DVH], [UP_BLOQUEADA]) VALUES (64, 24, N'645C1E3446F288B5EBAD0C5093D12250', 1)
GO
INSERT [dbo].[USUARIO_PATENTE] ([UP_USUARIO_ID], [UP_PATENTE_ID], [UP_DVH], [UP_BLOQUEADA]) VALUES (64, 25, N'8CD21A68B3E6F3131AE2AF34DFB243D0', 1)
GO
INSERT [dbo].[USUARIO_PATENTE] ([UP_USUARIO_ID], [UP_PATENTE_ID], [UP_DVH], [UP_BLOQUEADA]) VALUES (64, 26, N'9745DFC0D5CCAA1F9A6AB0A8296A022D', 1)
GO
INSERT [dbo].[USUARIO_PATENTE] ([UP_USUARIO_ID], [UP_PATENTE_ID], [UP_DVH], [UP_BLOQUEADA]) VALUES (64, 27, N'D25B3D772469372D242BA64FF85DE68C', 1)
GO
INSERT [dbo].[USUARIO_PATENTE] ([UP_USUARIO_ID], [UP_PATENTE_ID], [UP_DVH], [UP_BLOQUEADA]) VALUES (64, 28, N'9A44100C280747961774218DE69D688C', 1)
GO
INSERT [dbo].[USUARIO_PATENTE] ([UP_USUARIO_ID], [UP_PATENTE_ID], [UP_DVH], [UP_BLOQUEADA]) VALUES (64, 29, N'46CB7E61E8BB14D21F5091C500418658', 1)
GO
INSERT [dbo].[USUARIO_PATENTE] ([UP_USUARIO_ID], [UP_PATENTE_ID], [UP_DVH], [UP_BLOQUEADA]) VALUES (64, 30, N'E362695A8A652BF7BA58AF7BCB2559CF', 1)
GO
INSERT [dbo].[USUARIO_PATENTE] ([UP_USUARIO_ID], [UP_PATENTE_ID], [UP_DVH], [UP_BLOQUEADA]) VALUES (64, 31, N'18FF0532E3D84777677E57E58B43325C', 1)
GO
INSERT [dbo].[USUARIO_PATENTE] ([UP_USUARIO_ID], [UP_PATENTE_ID], [UP_DVH], [UP_BLOQUEADA]) VALUES (64, 32, N'09AD6B97B47773D7FF7F499DAF333174', 1)
GO
INSERT [dbo].[USUARIO_PATENTE] ([UP_USUARIO_ID], [UP_PATENTE_ID], [UP_DVH], [UP_BLOQUEADA]) VALUES (64, 33, N'1DAE19678BCA4026ADBC6A5139A74D43', 1)
GO
INSERT [dbo].[USUARIO_PATENTE] ([UP_USUARIO_ID], [UP_PATENTE_ID], [UP_DVH], [UP_BLOQUEADA]) VALUES (64, 34, N'85E9DAEF57A55559D84E52CDE70C6583', 1)
GO
INSERT [dbo].[USUARIO_PATENTE] ([UP_USUARIO_ID], [UP_PATENTE_ID], [UP_DVH], [UP_BLOQUEADA]) VALUES (64, 35, N'A4096020AC6BA30A2518DEC38A749839', 1)
GO
INSERT [dbo].[USUARIO_PATENTE] ([UP_USUARIO_ID], [UP_PATENTE_ID], [UP_DVH], [UP_BLOQUEADA]) VALUES (64, 36, N'6009F794D39DA52186AB41470571F666', 1)
GO
INSERT [dbo].[USUARIO_PATENTE] ([UP_USUARIO_ID], [UP_PATENTE_ID], [UP_DVH], [UP_BLOQUEADA]) VALUES (64, 37, N'9231CF33BA4A94D91AF5B5071A671346', 1)
GO
INSERT [dbo].[USUARIO_PATENTE] ([UP_USUARIO_ID], [UP_PATENTE_ID], [UP_DVH], [UP_BLOQUEADA]) VALUES (64, 38, N'9BF2F59888976EF90DC2BD083D0A4CB5', 1)
GO
INSERT [dbo].[USUARIO_PATENTE] ([UP_USUARIO_ID], [UP_PATENTE_ID], [UP_DVH], [UP_BLOQUEADA]) VALUES (64, 39, N'F699DB7D43AF85EC7FFA1DEC06D16C55', 1)
GO
INSERT [dbo].[USUARIO_PATENTE] ([UP_USUARIO_ID], [UP_PATENTE_ID], [UP_DVH], [UP_BLOQUEADA]) VALUES (162, 14, N'7909D2C17915F9A17C651AE5407933D8', 0)
GO
INSERT [dbo].[USUARIO_PATENTE] ([UP_USUARIO_ID], [UP_PATENTE_ID], [UP_DVH], [UP_BLOQUEADA]) VALUES (162, 15, N'D147E7936029B1F7BA0009BF6DE09FA5', 0)
GO
INSERT [dbo].[USUARIO_PATENTE] ([UP_USUARIO_ID], [UP_PATENTE_ID], [UP_DVH], [UP_BLOQUEADA]) VALUES (162, 17, N'BFB2E7DBEBDFE5D6BE6765BA83FA9AAD', 0)
GO
INSERT [dbo].[USUARIO_PATENTE] ([UP_USUARIO_ID], [UP_PATENTE_ID], [UP_DVH], [UP_BLOQUEADA]) VALUES (162, 18, N'F8F0BF8BBEDD60EBADE870E2F1631C12', 0)
GO
INSERT [dbo].[USUARIO_PATENTE] ([UP_USUARIO_ID], [UP_PATENTE_ID], [UP_DVH], [UP_BLOQUEADA]) VALUES (162, 19, N'233014CFB590E15AF863EC4513171135', 0)
GO
INSERT [dbo].[USUARIO_PATENTE] ([UP_USUARIO_ID], [UP_PATENTE_ID], [UP_DVH], [UP_BLOQUEADA]) VALUES (162, 16, N'79AAB3129F9385C2F795150D23F9A140', 0)
GO
SET ANSI_PADDING ON
GO
/****** Object:  Index [UQ__CURSO__D2D448808CDB7276]    Script Date: 10/11/2018 12:15:19 AM ******/
ALTER TABLE [dbo].[CURSO] ADD UNIQUE NONCLUSTERED 
(
	[CUR_CODIGO] ASC
)WITH (PAD_INDEX = OFF, STATISTICS_NORECOMPUTE = OFF, SORT_IN_TEMPDB = OFF, IGNORE_DUP_KEY = OFF, ONLINE = OFF, ALLOW_ROW_LOCKS = ON, ALLOW_PAGE_LOCKS = ON) ON [PRIMARY]
GO
SET ANSI_PADDING ON
GO
/****** Object:  Index [UQ__DOCENTE__625D15EC581102E3]    Script Date: 10/11/2018 12:15:19 AM ******/
ALTER TABLE [dbo].[DOCENTE] ADD UNIQUE NONCLUSTERED 
(
	[DOC_DNI] ASC
)WITH (PAD_INDEX = OFF, STATISTICS_NORECOMPUTE = OFF, SORT_IN_TEMPDB = OFF, IGNORE_DUP_KEY = OFF, ONLINE = OFF, ALLOW_ROW_LOCKS = ON, ALLOW_PAGE_LOCKS = ON) ON [PRIMARY]
GO
SET ANSI_PADDING ON
GO
/****** Object:  Index [UQ__NIVEL__B72A42C17D810814]    Script Date: 10/11/2018 12:15:19 AM ******/
ALTER TABLE [dbo].[NIVEL] ADD UNIQUE NONCLUSTERED 
(
	[NIV_CODIGO] ASC
)WITH (PAD_INDEX = OFF, STATISTICS_NORECOMPUTE = OFF, SORT_IN_TEMPDB = OFF, IGNORE_DUP_KEY = OFF, ONLINE = OFF, ALLOW_ROW_LOCKS = ON, ALLOW_PAGE_LOCKS = ON) ON [PRIMARY]
GO
SET ANSI_PADDING ON
GO
/****** Object:  Index [UQ__TUTOR__2876BC8C4DF993B7]    Script Date: 10/11/2018 12:15:19 AM ******/
ALTER TABLE [dbo].[TUTOR] ADD UNIQUE NONCLUSTERED 
(
	[TUT_DNI] ASC
)WITH (PAD_INDEX = OFF, STATISTICS_NORECOMPUTE = OFF, SORT_IN_TEMPDB = OFF, IGNORE_DUP_KEY = OFF, ONLINE = OFF, ALLOW_ROW_LOCKS = ON, ALLOW_PAGE_LOCKS = ON) ON [PRIMARY]
GO
SET ANSI_PADDING ON
GO
/****** Object:  Index [UQ__USUARIO__A4EEDC9AB4FC2522]    Script Date: 10/11/2018 12:15:19 AM ******/
ALTER TABLE [dbo].[USUARIO] ADD UNIQUE NONCLUSTERED 
(
	[USU_DNI] ASC
)WITH (PAD_INDEX = OFF, STATISTICS_NORECOMPUTE = OFF, SORT_IN_TEMPDB = OFF, IGNORE_DUP_KEY = OFF, ONLINE = OFF, ALLOW_ROW_LOCKS = ON, ALLOW_PAGE_LOCKS = ON) ON [PRIMARY]
GO
SET ANSI_PADDING ON
GO
/****** Object:  Index [UQ__USUARIO__B70965B81133A4BD]    Script Date: 10/11/2018 12:15:19 AM ******/
ALTER TABLE [dbo].[USUARIO] ADD UNIQUE NONCLUSTERED 
(
	[USU_EMAIL] ASC
)WITH (PAD_INDEX = OFF, STATISTICS_NORECOMPUTE = OFF, SORT_IN_TEMPDB = OFF, IGNORE_DUP_KEY = OFF, ONLINE = OFF, ALLOW_ROW_LOCKS = ON, ALLOW_PAGE_LOCKS = ON) ON [PRIMARY]
GO
ALTER TABLE [dbo].[FAMILIA] ADD  DEFAULT ((0)) FOR [FAM_BLOQUEADA]
GO
ALTER TABLE [dbo].[FAMILIA_PATENTE] ADD  DEFAULT ('') FOR [FP_DVH]
GO
ALTER TABLE [dbo].[NOTA] ADD  DEFAULT ((0)) FOR [NOTA_BORRADA]
GO
ALTER TABLE [dbo].[USUARIO] ADD  DEFAULT ((0)) FOR [USU_INTENTOS]
GO
ALTER TABLE [dbo].[USUARIO] ADD  DEFAULT ((0)) FOR [USU_BAJA]
GO
ALTER TABLE [dbo].[USUARIO_FAMILIA] ADD  DEFAULT ('') FOR [UF_DVH]
GO
ALTER TABLE [dbo].[USUARIO_PATENTE] ADD  DEFAULT ((0)) FOR [UP_BLOQUEADA]
GO
ALTER TABLE [dbo].[ALUMNO]  WITH CHECK ADD FOREIGN KEY([ALU_CURSO])
REFERENCES [dbo].[CURSO] ([CUR_ID])
GO
ALTER TABLE [dbo].[ALUMNO]  WITH CHECK ADD FOREIGN KEY([ALU_ORIENTACION])
REFERENCES [dbo].[ORIENTACION] ([ORI_CODIGO])
GO
ALTER TABLE [dbo].[ALUMNO_TUTOR]  WITH CHECK ADD FOREIGN KEY([AT_ALUMNO_ID])
REFERENCES [dbo].[ALUMNO] ([ALU_LEGAJO])
GO
ALTER TABLE [dbo].[ALUMNO_TUTOR]  WITH CHECK ADD FOREIGN KEY([AT_TUTOR_ID])
REFERENCES [dbo].[TUTOR] ([TUT_ID])
GO
ALTER TABLE [dbo].[AMONESTACION]  WITH CHECK ADD FOREIGN KEY([AMON_ALUMNO_ID])
REFERENCES [dbo].[ALUMNO] ([ALU_LEGAJO])
GO
ALTER TABLE [dbo].[BITACORA]  WITH CHECK ADD FOREIGN KEY([BIT_CRITICIDAD_ID])
REFERENCES [dbo].[CRITICIDAD] ([CRIT_ID])
GO
ALTER TABLE [dbo].[BITACORA]  WITH CHECK ADD FOREIGN KEY([BIT_USUARIO])
REFERENCES [dbo].[USUARIO] ([USU_ID])
GO
ALTER TABLE [dbo].[CURSO]  WITH CHECK ADD FOREIGN KEY([CUR_NIVEL_ID])
REFERENCES [dbo].[NIVEL] ([NIV_ID])
GO
ALTER TABLE [dbo].[FAMILIA_PATENTE]  WITH CHECK ADD FOREIGN KEY([FP_FAMILIA_ID])
REFERENCES [dbo].[FAMILIA] ([FAM_ID])
GO
ALTER TABLE [dbo].[FAMILIA_PATENTE]  WITH CHECK ADD FOREIGN KEY([FP_PATENTE_ID])
REFERENCES [dbo].[PATENTE] ([PAT_ID])
GO
ALTER TABLE [dbo].[HORARIO]  WITH CHECK ADD FOREIGN KEY([HOR_CURSO])
REFERENCES [dbo].[CURSO] ([CUR_ID])
GO
ALTER TABLE [dbo].[HORARIO]  WITH CHECK ADD FOREIGN KEY([HOR_DOCENTE_ID])
REFERENCES [dbo].[DOCENTE] ([DOC_LEGAJO])
GO
ALTER TABLE [dbo].[HORARIO]  WITH CHECK ADD FOREIGN KEY([HOR_MATERIA_ID])
REFERENCES [dbo].[MATERIA] ([MAT_ID])
GO
ALTER TABLE [dbo].[HORARIO]  WITH CHECK ADD FOREIGN KEY([HOR_MODULO_ID])
REFERENCES [dbo].[MODULO] ([MOD_ID])
GO
ALTER TABLE [dbo].[INASISTENCIA_DE_ALUMNO]  WITH CHECK ADD FOREIGN KEY([INA_ALUMNO_ID])
REFERENCES [dbo].[ALUMNO] ([ALU_LEGAJO])
GO
ALTER TABLE [dbo].[MATERIA_NIVEL]  WITH CHECK ADD FOREIGN KEY([MN_MATERIA_ID])
REFERENCES [dbo].[MATERIA] ([MAT_ID])
GO
ALTER TABLE [dbo].[MATERIA_NIVEL]  WITH CHECK ADD FOREIGN KEY([MN_NIVEL_ID])
REFERENCES [dbo].[NIVEL] ([NIV_ID])
GO
ALTER TABLE [dbo].[MENSAJE]  WITH CHECK ADD FOREIGN KEY([MSJ_IDIOMA_ID])
REFERENCES [dbo].[IDIOMA] ([IDI_ID])
GO
ALTER TABLE [dbo].[NIVEL]  WITH CHECK ADD FOREIGN KEY([NIV_ORIENTACION])
REFERENCES [dbo].[ORIENTACION] ([ORI_CODIGO])
GO
ALTER TABLE [dbo].[NOTA]  WITH CHECK ADD FOREIGN KEY([NOTA_ALUMNO_ID])
REFERENCES [dbo].[ALUMNO] ([ALU_LEGAJO])
GO
ALTER TABLE [dbo].[NOTA]  WITH CHECK ADD FOREIGN KEY([NOTA_CURSO_ID])
REFERENCES [dbo].[CURSO] ([CUR_ID])
GO
ALTER TABLE [dbo].[NOTA]  WITH CHECK ADD FOREIGN KEY([NOTA_DOCENTE_ID])
REFERENCES [dbo].[DOCENTE] ([DOC_LEGAJO])
GO
ALTER TABLE [dbo].[NOTA]  WITH CHECK ADD FOREIGN KEY([NOTA_MATERIA_ID])
REFERENCES [dbo].[MATERIA] ([MAT_ID])
GO
ALTER TABLE [dbo].[NOTA_DE_MESA]  WITH CHECK ADD FOREIGN KEY([NDM_ADJUNTO_ID])
REFERENCES [dbo].[DOCENTE] ([DOC_LEGAJO])
GO
ALTER TABLE [dbo].[NOTA_DE_MESA]  WITH CHECK ADD FOREIGN KEY([NDM_ALUMNO_ID])
REFERENCES [dbo].[ALUMNO] ([ALU_LEGAJO])
GO
ALTER TABLE [dbo].[NOTA_DE_MESA]  WITH CHECK ADD FOREIGN KEY([NDM_CURSO_ID])
REFERENCES [dbo].[CURSO] ([CUR_ID])
GO
ALTER TABLE [dbo].[NOTA_DE_MESA]  WITH CHECK ADD FOREIGN KEY([NDM_DOCENTE_ID])
REFERENCES [dbo].[DOCENTE] ([DOC_LEGAJO])
GO
ALTER TABLE [dbo].[NOTA_DE_MESA]  WITH CHECK ADD FOREIGN KEY([NDM_MATERIA_ID])
REFERENCES [dbo].[MATERIA] ([MAT_ID])
GO
ALTER TABLE [dbo].[PLANILLA_DE_EVALUACION]  WITH CHECK ADD FOREIGN KEY([PDE_ALUMNO_ID])
REFERENCES [dbo].[ALUMNO] ([ALU_LEGAJO])
GO
ALTER TABLE [dbo].[PLANILLA_DE_EVALUACION]  WITH CHECK ADD FOREIGN KEY([PDE_MATERIA_ID])
REFERENCES [dbo].[MATERIA] ([MAT_ID])
GO
ALTER TABLE [dbo].[PLANILLA_DE_EVALUACION]  WITH CHECK ADD FOREIGN KEY([PDE_NIVEL_ID])
REFERENCES [dbo].[NIVEL] ([NIV_ID])
GO
ALTER TABLE [dbo].[USUARIO]  WITH CHECK ADD FOREIGN KEY([USU_IDIOMA])
REFERENCES [dbo].[IDIOMA] ([IDI_ID])
GO
ALTER TABLE [dbo].[USUARIO_FAMILIA]  WITH CHECK ADD FOREIGN KEY([UF_FAMILIA_ID])
REFERENCES [dbo].[FAMILIA] ([FAM_ID])
GO
ALTER TABLE [dbo].[USUARIO_FAMILIA]  WITH CHECK ADD FOREIGN KEY([UF_USUARIO_ID])
REFERENCES [dbo].[USUARIO] ([USU_ID])
GO
ALTER TABLE [dbo].[USUARIO_PATENTE]  WITH CHECK ADD FOREIGN KEY([UP_PATENTE_ID])
REFERENCES [dbo].[PATENTE] ([PAT_ID])
GO
ALTER TABLE [dbo].[USUARIO_PATENTE]  WITH CHECK ADD FOREIGN KEY([UP_USUARIO_ID])
REFERENCES [dbo].[USUARIO] ([USU_ID])
GO
